user_id,state,product,district,category,sector,material,product_size,labour_hours,material_cost,product_cost,market_price,date,demand_level,quantity,season,source,image_url,image_source_type
chitranshi_rahi,Andaman and Nicobar Islands,Wooden Toy,Nicobars,Woodcraft & Carving,Handicraft,Wood,Medium,11.9,201,1018,1387,01-01-2025,Medium,16,Winter,Artisan Survey,https://seepi.in/cdn/shop/products/Elephant_Toy_with_Wheels_-_Varanasi_1600x.jpg?v=1623405091,direct_match_or_product_page
chitranshi_rahi,Andaman and Nicobar Islands,Leather Saree,North and Middle Andaman,Leather Craft,Handicraft,Leather,Large,17.4,481,1734,3610,01-01-2025,Low,12,Winter,Marketplace,https://atbw.shop/cdn/shop/files/DEV02760-Edit-min.jpg?v=1758731714&width=1500,real_leather_saree_product_image
chitranshi_rahi,Andaman and Nicobar Islands,Bamboo Basket,South Andamans,Bamboo & Cane,Handicraft,Bamboo,Medium,9.5,326,957,1796,01-01-2025,High,7,Winter,Government,https://cpimg.tistatic.com/6238055/b/4/bamboo-basket.jpg,direct_match_or_product_page
chitranshi_rahi,Andhra Pradesh,Clay Pot,Alluri Sitarama Raju,Pottery & Terracotta,Handicraft,Clay,Large,22,155,1660,3292,01-02-2025,Medium,19,Winter,Artisan Survey,https://giri.in/cdn/shop/files/650741_Pot_Terracotta_Clay_2.75_Inch_1_1200x1200.webp?v=1743076302,direct_match_or_product_page
ruchita,Andhra Pradesh,Clay Lamp,Alluri Sitarama Raju,Pottery & Terracotta,Handicraft,Clay,Medium,11.5,108,789,1396,01-02-2025,Medium,13,Winter,Marketplace,https://www.amalfieeceramics.com/cdn/shop/products/Amalfiee-Handmade-Terracotta-Ganpati-Diya-Lamp-set-of-4-Amalfiee_Ceramics-1678917314_1400x.jpg?v=1678917316,direct_match_or_product_page
ruchita,Andhra Pradesh,Leather Bag,Alluri Sitarama Raju,Leather Craft,Handicraft,Leather,Medium,6.4,137,602,1129,01-03-2025,Medium,16,Winter,Government,https://www.spoilmesilly.in/cdn/shop/files/ACBA425H_600x.jpg?v=1737443960,direct_match_or_product_page
yachi_sadh,Andhra Pradesh,Wooden Statue,Anakapalli,Woodcraft & Carving,Handicraft,Wood,Small,4.1,148,401,629,01-03-2025,Medium,5,Winter,Craft Study,https://www.maljiarts.com/cdn/shop/products/DSC_0142.jpg?v=1619432461,closest_real_wood_product
yachi_sadh,Andhra Pradesh,Natural Fibre Basket,Anakapalli,Other Traditional Art,Handicraft,Mixed,Medium,10.8,287,758,1651,01-04-2025,High,14,Winter,Government,https://themeghalayanage.store/cdn/shop/files/PER_8573_S.jpg?v=1741849809&width=940,closest_real_fibre_product
yachi_sadh,Andhra Pradesh,Cotton Toy,Anakapalli,Handloom & Textiles,Handloom,Cotton,Large,14.2,331,1175,1986,01-04-2025,Medium,12,Winter,Government,https://sevastray.com/cdn/shop/products/TEL-BY1_1024x1024%402x.jpg?v=1583074351,closest_real_fibre_product
yachi_sadh,Andhra Pradesh,Pattu Saree,Anantapuram (Anantapur),Handloom & Textiles,Handicraft,Pattu Cloth,Large,16.2,316,978,1455,01-05-2025,Low,3,Winter,Government,https://cdn.shopify.com/s/files/1/0674/4352/3842/files/handloom-silk-weaving-india.png?v=1768110514,closest_real_textile_product
yachi_sadh,Andhra Pradesh,Clay Box,Ananthpuram (Anantapur),Pottery & Terracotta,Handicraft,Clay,Large,23.8,173,1820,2544,01-05-2025,Medium,6,Winter,Artisan Survey,https://www.memeraki.com/cdn/shop/files/Timeless-Elegance-Terracotta-Model-of-a-Pottery-by-Dolon-Kundu-1_2400x.jpg?v=1726244756,closest_real_terracotta_product
shri_devendra_singh_yadav,Andhra Pradesh,Silk Saree,Annamayya (Rayachoty),Handloom & Textiles,Handloom,Silk,Small,5.9,106,549,1038,01-06-2025,High,19,Winter,Artisan Survey,https://www.mohifashion.com/cdn/shop/files/fancy-kangi-border-silk-saree_10.jpg?v=1756707435&width=1445,direct_match_or_product_page
danish,Andhra Pradesh,Leather Tray,Annamayya (Rayachoty),Leather Craft,Handicraft,Leather,Medium,11.3,300,1125,2459,01-06-2025,High,12,Winter,Craft Study,https://img.zcdn.com.au/lf/50/hash/35847/18427061/4/Tan%2BLeather%2BTray.jpg,direct_match_or_product_page
danish,Andhra Pradesh,Leather Vase,Annamayya (Rayachoty),Leather Craft,Handicraft,Leather,Small,5.2,178,483,1020,01-07-2025,Medium,16,Winter,Government,https://images.squarespace-cdn.com/content/v1/5dd635530d54b665ac292ed4/1624981139009-X7VP84087O5KZT2SZKDQ/leather%2Bflower%2Bvase%2Bstore%2Bwebsite.jpg?format=2500w,direct_match_or_product_page
danish,Andhra Pradesh,Leather Bowl,Annamayya (Rayachoty),Leather Craft,Handicraft,Leather,Small,3.1,213,432,841,01-07-2025,Medium,4,Winter,Artisan Survey,https://i.pinimg.com/originals/9b/dd/d1/9bddd1ec1b1a7125ce988649b194922e.jpg,direct_match_or_product_page
danish,Andhra Pradesh,Leather Wallet,Annamayya (Rayachoty),Leather Craft,Handicraft,Leather,Medium,7.2,265,766,1679,01-08-2025,Low,5,Winter,Marketplace,https://bongoniketan.in/cdn/shop/files/BuyauthenticandoriginalhandcraftedShantiniketanBengalpureleathervegetablewalletsinexclusivedesignbybongoniketanonline10.jpg?v=1730035779&width=1946,direct_match_or_product_page
danish,Andhra Pradesh,Clay Carving,Bapatla,Pottery & Terracotta,Handicraft,Clay,Medium,8.8,95,503,988,01-08-2025,Medium,19,Winter,Government,https://articles.unesco.org/sites/default/files/2025-08/Fine%20sculptural%20art%20%C2%A9RYU%20Tok%20In%2C%202025.jpg,closest_real_terracotta_product
danish,Andhra Pradesh,Wooden Fibre Mat,Bapatla,Woodcraft & Carving,Handicraft,Wood,Medium,8.9,163,735,1204,01-09-2025,Low,9,Winter,Government,https://shop.globein.com/cdn/shop/files/p401954_2_1080x.jpg?v=1755649735,closest_real_wood_product
danish,Andhra Pradesh,Leather Box,Bapatla,Leather Craft,Handicraft,Leather,Large,17.1,433,1519,2827,01-09-2025,High,18,Winter,Artisan Survey,https://www.amarkutir.in/custom-images/products/leather/product-images/26.png,direct_match_or_product_page
shri_devendra_singh_yadav,Andhra Pradesh,Clay Shawl,Chittoor,Pottery & Terracotta,Handicraft,Clay,Medium,9.5,97,819,1161,01-10-2025,High,17,Winter,Government,https://kashmkari.com/cdn/shop/files/DSC9891.jpg?v=1767021848,closest_real_terracotta_product
shri_devendra_singh_yadav,Andhra Pradesh,Clay Bowl,Chittoor,Pottery & Terracotta,Handicraft,Clay,Large,15.7,161,1184,1822,01-10-2025,Low,7,Winter,Marketplace,https://www.desiclik.com/images/P/91269_clay_katori_bowl.jpg,direct_match_or_product_page
shri_devendra_singh_yadav,Andhra Pradesh,Bamboo Basket,Chittoor,Bamboo & Cane,Handicraft,Bamboo,Small,5,77,297,506,01-11-2025,Medium,19,Winter,Marketplace,https://themeghalayanage.store/cdn/shop/files/PER_8573_S.jpg?v=1741849809&width=940,closest_real_bamboo_product
shri_devendra_singh_yadav,Andhra Pradesh,Cotton Lamp,Chittoor,Handloom & Textiles,Handloom,Cotton,Small,3.3,141,379,577,01-11-2025,Low,16,Winter,Government,https://i.etsystatic.com/14628850/r/il/47bbcb/1331734259/il_794xN.1331734259_smoc.jpg,closest_real_fibre_product
shri_devendra_singh_yadav,Andhra Pradesh,Clay Bowl,Chittoor,Pottery & Terracotta,Handicraft,Clay,Medium,7.3,156,616,1331,01-12-2025,Medium,3,Winter,Craft Study,https://www.desiclik.com/images/P/91269_clay_katori_bowl.jpg,direct_match_or_product_page
shri_devendra_singh_yadav,Andhra Pradesh,Leather Plate,Dr BR Ambedkar Konaseema,Leather Craft,Handicraft,Leather,Large,11.8,401,951,2089,01-12-2025,Low,2,Winter,Artisan Survey,https://batigoods.com/cdn/shop/files/BAJAPLATOcognacchargerplate_7355b8d2-23e4-4e79-b7ab-a09e1af5c0b2_1800x1800.jpg?v=1732037240,closest_real_leather_product
shri_devendra_singh_yadav,Andhra Pradesh,Leather Belt,Dr BR Ambedkar Konaseema,Leather Craft,Handicraft,Leather,Small,2.8,229,393,654,1/13/2025,Medium,3,Winter,Marketplace,https://www.anamexim.com/cdn/shop/files/03.jpg?v=1723280506&width=1946,direct_match_or_product_page
mrs_naznin_siddique,Andhra Pradesh,Bamboo Bowl,Dr BR Ambedkar Konaseema,Bamboo & Cane,Handicraft,Bamboo,Medium,11,142,713,1392,1/13/2025,High,15,Winter,Artisan Survey,https://bamboahome.com/cdn/shop/products/Bamboa-Spira-Bamboo_salad_bowl-Siri-natural-COMPACT.jpg?v=1558415455,direct_match_or_product_page
mrs_naznin_siddique,Andhra Pradesh,Leather Fibre Bag,Dr BR Ambedkar Konaseema,Leather Craft,Handicraft,Leather,Medium,8.1,280,640,1086,1/14/2025,Low,3,Winter,Marketplace,https://www.spoilmesilly.in/cdn/shop/files/ACBA425H_600x.jpg?v=1737443960,closest_real_leather_product
mrs_naznin_siddique,Andhra Pradesh,Clay Bowl,Dr. B. R. Ambedkar Konaseema,Pottery & Terracotta,Handicraft,Clay,Small,2.9,82,308,452,1/14/2025,High,6,Winter,Artisan Survey,https://www.desiclik.com/images/P/91269_clay_katori_bowl.jpg,direct_match_or_product_page
mrs_naznin_siddique,Andhra Pradesh,Clay Fabric,Dr. B. R. Ambedkar Konaseema,Pottery & Terracotta,Handicraft,Clay,Medium,10.3,88,578,946,1/15/2025,Low,9,Winter,Government,https://giri.in/cdn/shop/files/650741_Pot_Terracotta_Clay_2.75_Inch_1_1200x1200.webp?v=1743076302,closest_real_terracotta_product
mrs_naznin_siddique,Andhra Pradesh,Clay Doll,Dr BR Ambedkar Konaseema,Pottery & Terracotta,Handicraft,Clay,Large,17.8,138,1167,1807,1/15/2025,Medium,3,Winter,Marketplace,https://encrypted-tbn0.gstatic.com/images?q=tbn:ANd9GcQtKjD5TIB9xll1-L6mbCQols8rzzNSplCwigltb5zPzA&s=10,closest_real_terracotta_product
mrs_naznin_siddique,Andhra Pradesh,Cotton Fabric,East Godavari,Handloom & Textiles,Handloom,Cotton,Medium,5.1,243,507,826,1/16/2025,Medium,7,Winter,Government,https://cdn.shopify.com/s/files/1/0674/4352/3842/files/handloom-silk-weaving-india.png?v=1768110514,closest_real_textile_product
mrs_naznin_siddique,Andhra Pradesh,Wooden Mat,East Godavari,Woodcraft & Carving,Handicraft,Wood,Small,3.3,141,427,654,1/16/2025,High,14,Winter,Marketplace,https://seepi.in/cdn/shop/products/Elephant_Toy_with_Wheels_-_Varanasi_1600x.jpg?v=1623405091,closest_real_wood_product
mrs_naznin_siddique,Andhra Pradesh,Clay Lamp,East Godavari,Pottery & Terracotta,Handicraft,Clay,Large,12.5,183,774,1119,1/17/2025,Low,20,Winter,Marketplace,https://www.amalfieeceramics.com/cdn/shop/products/Amalfiee-Handmade-Terracotta-Ganpati-Diya-Lamp-set-of-4-Amalfiee_Ceramics-1678917314_1400x.jpg?v=1678917316,direct_match_or_product_page
ankit_shah,Andhra Pradesh,Metal Statue,East Godavari,Metal Craft & Dhokra,Handicraft,Metal,Small,4.6,91,422,648,1/17/2025,Low,10,Winter,Government,https://encrypted-tbn0.gstatic.com/images?q=tbn:ANd9GcTRDAbhYk3H4ef2LXdOv9v7evKMY6CyxKB-7EDPnJElKA&s,closest_real_craft_product
ankit_shah,Andhra Pradesh,Wooden Jutti,East Godavari,Leather Craft,Handicraft,Leather,Large,13.9,323,878,1861,1/18/2025,High,15,Winter,Craft Study,https://seepi.in/cdn/shop/products/Elephant_Toy_with_Wheels_-_Varanasi_1600x.jpg?v=1623405091,closest_real_wood_product
ankit_shah,Andhra Pradesh,Stone Panel,East Godavari,Other Traditional Art,Handicraft,Mixed,Small,2.3,103,270,384,1/18/2025,High,11,Winter,Government,https://encrypted-tbn0.gstatic.com/images?q=tbn:ANd9GcSgEgZpOfXvauKKwiMbbyjlplwo32GdIzBRro67gEfjnQ&s=10,closest_real_craft_product
ankit_shah,Andhra Pradesh,Leather Fibre Basket,East Godavari,Leather Craft,Handicraft,Leather,Medium,5.4,268,589,958,1/19/2025,Medium,10,Winter,Government,https://themeghalayanage.store/cdn/shop/files/PER_8573_S.jpg?v=1741849809&width=940,closest_real_leather_product
mukesh_kumar_maurya,Andhra Pradesh,Cotton Bangle,Eluru,Handloom & Textiles,Handloom,Cotton,Medium,9.1,200,659,1186,1/19/2025,Low,11,Winter,Marketplace,https://encrypted-tbn0.gstatic.com/images?q=tbn:ANd9GcTCKgV-rmmjAUmCPqTCCx5lzO7S9jyYaQq4fj35RNcfDw&s=10,closest_real_fibre_product
mukesh_kumar_maurya,Andhra Pradesh,Handloom Stole,Eluru,Handloom & Textiles,Handloom,Textile,Small,2.1,252,381,629,1/20/2025,Medium,20,Winter,Marketplace,https://encrypted-tbn0.gstatic.com/images?q=tbn:ANd9GcTuCwk_vNXU1mE-5X78q42US6JRZpMDlTnNaszNNEqWIA&s=10,closest_real_textile_product
mukesh_kumar_maurya,Andhra Pradesh,Cotton Lamp,Eluru,Handloom & Textiles,Handloom,Cotton,Large,21.9,307,1788,3200,1/20/2025,High,2,Winter,Government,https://encrypted-tbn0.gstatic.com/images?q=tbn:ANd9GcRSLjBREyOYrmedNcXg8rjKGFOq095aWCznrPwXBSqDEw&s=10,closest_real_fibre_product
mukesh_kumar_maurya,Andhra Pradesh,Leather Fabric,Eluru,Leather Craft,Handicraft,Leather,Small,2.6,223,476,660,1/21/2025,Medium,11,Winter,Marketplace,https://encrypted-tbn0.gstatic.com/images?q=tbn:ANd9GcS21qPeeekGXR3o4rDIu99Q1kMnC5CnyfLcEKsZbeJmHA&s=10,closest_real_leather_product
vikash_prajapati,Andhra Pradesh,Bamboo Box,Eluru,Bamboo & Cane,Handicraft,Bamboo,Small,4.4,226,508,966,1/21/2025,Medium,2,Winter,Artisan Survey,https://encrypted-tbn0.gstatic.com/images?q=tbn:ANd9GcSILevzrzY4lXxzaOQyfpEuBSEmtqxbG1fRTejh7lby-g&s=10,direct_match_or_product_page
vikash_prajapati,Andhra Pradesh,Bamboo Planter,Guntur,Bamboo & Cane,Handicraft,Bamboo,Small,3.8,93,271,496,1/22/2025,Medium,18,Winter,Government,https://encrypted-tbn0.gstatic.com/images?q=tbn:ANd9GcSV3aAIjaNeCtI4T9esMhKEGrV_gJWZSjenxjmk8NLzOw&s=10,closest_real_bamboo_product
vikash_prajapati,Andhra Pradesh,Wooden Tray,Guntur,Woodcraft & Carving,Handicraft,Wood,Medium,8.1,198,730,1408,1/22/2025,Medium,13,Winter,Craft Study,"https://m.media-amazon.com/images/I/81RkvtUNk1L._AC_UF894,1000_QL80_.jpg",closest_real_wood_product
vikash_prajapati,Andhra Pradesh,Leather Puppet,Guntur,Leather Craft,Handicraft,Leather,Large,11,276,939,1720,1/23/2025,High,1,Winter,Government,https://encrypted-tbn0.gstatic.com/images?q=tbn:ANd9GcTEWc--5dMi1uOipjnypAuiQX_7-80FLp1bz2FJCIXIDQ&s=10,direct_match_or_product_page
vikash_prajapati,Andhra Pradesh,Clay Lamp,Kakinada,Pottery & Terracotta,Handicraft,Clay,Large,21.2,146,1072,1846,1/23/2025,High,13,Winter,Marketplace,https://mudkart.com/cdn/shop/files/205.png?v=1716888383,direct_match_or_product_page
suraj_kumar_sahu,Andhra Pradesh,Natural Fibre Mat,Kakinada,Other Traditional Art,Handicraft,Mixed,Small,5.6,89,488,804,1/24/2025,Low,9,Winter,Government,https://encrypted-tbn0.gstatic.com/images?q=tbn:ANd9GcQURgXi-7Szs9WGPwVfebrSdivw2nRS0Zd-kCj0kZfKRg&s=10,closest_real_fibre_product
suraj_kumar_sahu,Andhra Pradesh,Lacquer Toy,Kakinada,Other Traditional Art,Handicraft,Mixed,Medium,5.1,318,615,949,1/24/2025,High,1,Winter,Artisan Survey,https://encrypted-tbn0.gstatic.com/images?q=tbn:ANd9GcRuKdJQaobpwLWzxa42YVcKJOwwbZyBe2LOKK2damCug1GWjLNbZGAU2siI&s=10,closest_real_craft_product
suraj_kumar_sahu,Andhra Pradesh,Leather Saree,Kakinada,Leather Craft,Handicraft,Leather,Small,2.7,191,376,667,1/24/2025,Medium,20,Winter,Artisan Survey,https://atbw.shop/cdn/shop/files/DEV02760-Edit-min.jpg?v=1758731714&width=1500,real_leather_saree_product_image
suraj_kumar_sahu,Andhra Pradesh,Leather Tray,Krishna,Leather Craft,Handicraft,Leather,Medium,11.3,250,861,1181,1/25/2025,Medium,8,Winter,Government,https://indiacircus.com/damask-print-leather-tray.html,direct_match_or_product_page
suraj_kumar_sahu,Andhra Pradesh,Cotton dupatta,Krishna,Handloom & Textiles,Handloom,Cotton,Large,17.7,322,1255,2044,1/25/2025,Medium,1,Winter,Government,https://cdn.shopify.com/s/files/1/0674/4352/3842/files/handloom-silk-weaving-india.png?v=1768110514,closest_real_textile_product
soumen_sharma,Andhra Pradesh,Bamboo Basket,Krishna,Bamboo & Cane,Handicraft,Bamboo,Medium,6.1,116,445,857,1/26/2025,High,13,Winter,Government,https://themeghalayanage.store/cdn/shop/files/PER_8573_S.jpg?v=1741849809&width=940,direct_match_or_product_page
soumen_sharma,Andhra Pradesh,Clay Pot,Krishna,Pottery & Terracotta,Handicraft,Clay,Medium,6.4,87,504,727,1/26/2025,Medium,8,Winter,Government,https://giri.in/cdn/shop/files/650741_Pot_Terracotta_Clay_2.75_Inch_1_1200x1200.webp?v=1743076302,direct_match_or_product_page
soumen_sharma,Andhra Pradesh,Clay Lamp,Krishna,Pottery & Terracotta,Handicraft,Clay,Medium,9.6,87,541,759,1/27/2025,Medium,14,Winter,Craft Study,https://www.amalfieeceramics.com/cdn/shop/products/Amalfiee-Handmade-Terracotta-Ganpati-Diya-Lamp-set-of-4-Amalfiee_Ceramics-1678917314_1400x.jpg?v=1678917316,direct_match_or_product_page
ankit_shah,Andhra Pradesh,Wooden Shoes,Kurnool,Woodcraft & Carving,Handicraft,Wood,Large,20.1,337,1639,3121,1/27/2025,High,4,Winter,Marketplace,https://seepi.in/cdn/shop/products/Elephant_Toy_with_Wheels_-_Varanasi_1600x.jpg?v=1623405091,closest_real_wood_product
ankit_shah,Andhra Pradesh,Clay Statue,Kurnool,Pottery & Terracotta,Handicraft,Clay,Medium,9.2,96,759,1281,1/28/2025,Low,17,Winter,Marketplace,https://giri.in/cdn/shop/files/650741_Pot_Terracotta_Clay_2.75_Inch_1_1200x1200.webp?v=1743076302,closest_real_terracotta_product
ankit_shah,Andhra Pradesh,Cotton Fibre Bag,Kurnool,Handloom & Textiles,Handloom,Cotton,Small,5.8,184,621,1262,1/28/2025,High,9,Winter,Craft Study,https://themeghalayanage.store/cdn/shop/files/PER_8573_S.jpg?v=1741849809&width=940,closest_real_fibre_product
ankit_shah,Andhra Pradesh,Leather Box,Nandyal,Leather Craft,Handicraft,Leather,Medium,8.5,333,686,1473,1/29/2025,Medium,9,Winter,Artisan Survey,https://www.amarkutir.in/custom-images/products/leather/product-images/26.png,direct_match_or_product_page
ankit_shah,Andhra Pradesh,Handloom Shawl,Nandyal,Handloom & Textiles,Handloom,Textile,Small,3.2,189,401,868,1/29/2025,Medium,17,Winter,Artisan Survey,https://cdn.shopify.com/s/files/1/0674/4352/3842/files/handloom-silk-weaving-india.png?v=1768110514,closest_real_textile_product
rinki_kumari,Andhra Pradesh,Wooden Toy,Nandyal,Woodcraft & Carving,Handicraft,Wood,Small,3.9,116,355,608,1/30/2025,Medium,11,Winter,Government,https://seepi.in/cdn/shop/products/Elephant_Toy_with_Wheels_-_Varanasi_1600x.jpg?v=1623405091,direct_match_or_product_page
rinki_kumari,Andhra Pradesh,Leather Saree,NTR (Vijaywada),Leather Craft,Handicraft,Leather,Small,3.4,208,464,731,1/30/2025,Medium,1,Winter,Government,https://atbw.shop/cdn/shop/files/DEV02760-Edit-min.jpg?v=1758731714&width=1500,real_leather_saree_product_image
rinki_kumari,Andhra Pradesh,Bamboo Tray,NTR (Vijaywada),Bamboo & Cane,Handicraft,Bamboo,Medium,6.6,131,601,1122,1/31/2025,Medium,12,Winter,Government,https://silpakarman.com/products/natural-bamboo-tray,direct_match_or_product_page
rinki_kumari,Andhra Pradesh,Clay Vase,Palnadu (Narasaraopeta),Pottery & Terracotta,Handicraft,Clay,Medium,5.3,133,443,835,1/31/2025,Medium,13,Winter,Government,https://giri.in/cdn/shop/files/650741_Pot_Terracotta_Clay_2.75_Inch_1_1200x1200.webp?v=1743076302,closest_real_terracotta_product
rinki_kumari,Andhra Pradesh,Bamboo Bowl,Palnadu (Narasaraopeta),Bamboo & Cane,Handicraft,Bamboo,Small,3.4,77,335,629,02-01-2025,High,7,Winter,Marketplace,https://www.alibaba.com/product-detail/natural-handicraft-bamboo-bowls-handicraft-bamboo_11000010888306.html,direct_match_or_product_page
dandapani_kanhar,Andhra Pradesh,Bamboo Bag,Palnadu (Narasaraopeta),Bamboo & Cane,Handicraft,Bamboo,Medium,10,105,603,979,02-01-2025,High,4,Winter,Government,https://img.esaras.in/catalog/product/cache/194e57ff18b0c86d9ecf78ca9ac7ebcf/s/g/sg01330_3_.jpg,direct_match_or_product_page
dandapani_kanhar,Andhra Pradesh,Stone Carving,Palnadu (Narasaraopeta),Other Traditional Art,Handicraft,Mixed,Large,10.3,255,805,1130,02-02-2025,High,2,Winter,Marketplace,https://giri.in/cdn/shop/files/650741_Pot_Terracotta_Clay_2.75_Inch_1_1200x1200.webp?v=1743076302,closest_real_craft_product
dandapani_kanhar,Andhra Pradesh,Bamboo Fibre Basket,Parvathipuram Manyam,Bamboo & Cane,Handicraft,Bamboo,Medium,8.1,143,509,778,02-02-2025,Medium,17,Winter,Marketplace,https://themeghalayanage.store/cdn/shop/files/PER_8573_S.jpg?v=1741849809&width=940,closest_real_bamboo_product
dandapani_kanhar,Andhra Pradesh,Wooden Bowl,Parvathipuram Manyam,Woodcraft & Carving,Handicraft,Wood,Medium,9.5,195,823,1219,02-03-2025,Medium,1,Winter,Government,https://seepi.in/cdn/shop/products/Elephant_Toy_with_Wheels_-_Varanasi_1600x.jpg?v=1623405091,closest_real_wood_product
dandapani_kanhar,Andhra Pradesh,Clay Fabric,Parvathipuram Manyam,Pottery & Terracotta,Handicraft,Clay,Small,4.4,77,297,432,02-03-2025,Medium,12,Winter,Government,https://giri.in/cdn/shop/files/650741_Pot_Terracotta_Clay_2.75_Inch_1_1200x1200.webp?v=1743076302,closest_real_terracotta_product
dandapani_kanhar,Andhra Pradesh,Leather Box,Parvathipuram Manyam,Leather Craft,Handicraft,Leather,Large,20.9,535,1491,3187,02-04-2025,Low,17,Winter,Marketplace,https://www.amarkutir.in/custom-images/products/leather/product-images/26.png,direct_match_or_product_page
dandapani_kanhar,Andhra Pradesh,Cotton Saree,Prakasam,Handloom & Textiles,Handloom,Cotton,Small,5.2,167,583,794,02-04-2025,High,8,Winter,Marketplace,https://cdn.shopify.com/s/files/1/0674/4352/3842/files/handloom-silk-weaving-india.png?v=1768110514,closest_real_textile_product
dibyaranjan_majhi,Andhra Pradesh,Clay Lamp,Prakasam,Pottery & Terracotta,Handicraft,Clay,Small,4.8,60,402,748,02-05-2025,Medium,5,Winter,Artisan Survey,https://www.amalfieeceramics.com/cdn/shop/products/Amalfiee-Handmade-Terracotta-Ganpati-Diya-Lamp-set-of-4-Amalfiee_Ceramics-1678917314_1400x.jpg?v=1678917316,direct_match_or_product_page
dibyaranjan_majhi,Andhra Pradesh,Wooden Bowl,SPSR Nellore,Woodcraft & Carving,Handicraft,Wood,Large,11.4,332,767,1653,02-05-2025,Medium,15,Winter,Artisan Survey,https://seepi.in/cdn/shop/products/Elephant_Toy_with_Wheels_-_Varanasi_1600x.jpg?v=1623405091,closest_real_wood_product
dibyaranjan_majhi,Andhra Pradesh,Metal Plate,SPSR Nellore,Metal Craft & Dhokra,Handicraft,Metal,Medium,8.3,293,664,1100,02-06-2025,Medium,13,Winter,Government,https://giri.in/cdn/shop/files/650741_Pot_Terracotta_Clay_2.75_Inch_1_1200x1200.webp?v=1743076302,closest_real_craft_product
dibyaranjan_majhi,Andhra Pradesh,Clay Wallet,Sri Sathya Sai (Puttaparthi),Pottery & Terracotta,Handicraft,Clay,Medium,9.2,85,625,1124,02-06-2025,Medium,1,Winter,Government,https://giri.in/cdn/shop/files/650741_Pot_Terracotta_Clay_2.75_Inch_1_1200x1200.webp?v=1743076302,closest_real_terracotta_product
dibyaranjan_majhi,Andhra Pradesh,Bamboo Bowl,Sri Sathya Sai (Puttaparthi),Bamboo & Cane,Handicraft,Bamboo,Medium,6.7,123,450,874,02-07-2025,Medium,12,Winter,Government,https://www.alibaba.com/product-detail/natural-handicraft-bamboo-bowls-handicraft-bamboo_11000010888306.html,direct_match_or_product_page
dibyaranjan_majhi,Andhra Pradesh,Cotton Fibre Mat,Sri Sathya Sai (Puttaparthi),Handloom & Textiles,Handloom,Cotton,Medium,5.3,259,540,875,02-07-2025,Medium,1,Winter,Government,https://themeghalayanage.store/cdn/shop/files/PER_8573_S.jpg?v=1741849809&width=940,closest_real_fibre_product
dibyaranjan_majhi,Andhra Pradesh,Clay Bangle,Srikakulam,Pottery & Terracotta,Handicraft,Clay,Small,2.9,66,260,457,02-08-2025,Medium,8,Winter,Marketplace,https://giri.in/cdn/shop/files/650741_Pot_Terracotta_Clay_2.75_Inch_1_1200x1200.webp?v=1743076302,closest_real_terracotta_product
suman_padhan,Andhra Pradesh,Handloom Stole,Srikakulam,Handloom & Textiles,Handloom,Textile,Small,3.8,215,415,848,02-08-2025,Medium,7,Winter,Craft Study,https://cdn.shopify.com/s/files/1/0674/4352/3842/files/handloom-silk-weaving-india.png?v=1768110514,closest_real_textile_product
raja_begum,Andhra Pradesh,Wooden Bowl,Srikakulam,Woodcraft & Carving,Handicraft,Wood,Small,3.7,96,378,750,02-09-2025,Medium,17,Winter,Government,https://seepi.in/cdn/shop/products/Elephant_Toy_with_Wheels_-_Varanasi_1600x.jpg?v=1623405091,closest_real_wood_product
javeed_gulzar_lone,Andhra Pradesh,Clay Saree,Srikakulam,Pottery & Terracotta,Handicraft,Clay,Small,2.7,61,232,473,02-09-2025,High,20,Winter,Government,https://giri.in/cdn/shop/files/650741_Pot_Terracotta_Clay_2.75_Inch_1_1200x1200.webp?v=1743076302,closest_real_terracotta_product
kaisar_ahmad_nadaf,Andhra Pradesh,Cotton Mat,Srikakulam,Handloom & Textiles,Handloom,Cotton,Large,21.5,309,1293,2831,02-10-2025,Low,14,Winter,Artisan Survey,https://themeghalayanage.store/cdn/shop/files/PER_8573_S.jpg?v=1741849809&width=940,closest_real_fibre_product
sakshi_garg,Andhra Pradesh,Leather Lamp,Tirupati,Leather Craft,Handicraft,Leather,Small,5.7,216,516,859,02-10-2025,Medium,15,Winter,Marketplace,https://www.spoilmesilly.in/cdn/shop/files/ACBA425H_600x.jpg?v=1737443960,closest_real_leather_product
sheetal_ugharejiya,Andhra Pradesh,Metal Statue,Tirupati,Metal Craft & Dhokra,Handicraft,Metal,Medium,6.4,346,710,1409,02-11-2025,Medium,1,Winter,Government,https://giri.in/cdn/shop/files/650741_Pot_Terracotta_Clay_2.75_Inch_1_1200x1200.webp?v=1743076302,closest_real_craft_product
sushma_devi,Andhra Pradesh,Leather Belt,Tirupati,Leather Craft,Handicraft,Leather,Medium,11.5,270,754,1404,02-11-2025,Medium,2,Winter,Government,https://www.anamexim.com/cdn/shop/files/03.jpg?v=1723280506&width=1946,direct_match_or_product_page
rajni_devi,Andhra Pradesh,Wooden Panel,Tirupati,Woodcraft & Carving,Handicraft,Wood,Medium,5.1,171,494,947,02-12-2025,High,16,Winter,Craft Study,https://seepi.in/cdn/shop/products/Elephant_Toy_with_Wheels_-_Varanasi_1600x.jpg?v=1623405091,closest_real_wood_product
smt_ruchi_sukhwal,Andhra Pradesh,Bamboo Fibre Bag,Tirupati,Bamboo & Cane,Handicraft,Bamboo,Medium,11.5,110,924,1828,02-12-2025,Medium,9,Winter,Government,https://img.esaras.in/catalog/product/cache/194e57ff18b0c86d9ecf78ca9ac7ebcf/s/g/sg01330_3_.jpg,closest_real_bamboo_product
mahesh_soni,Andhra Pradesh,Leather Toy,Tirupati,Leather Craft,Handicraft,Leather,Medium,11.7,241,1055,2097,2/13/2025,High,11,Winter,Marketplace,https://www.spoilmesilly.in/cdn/shop/files/ACBA425H_600x.jpg?v=1737443960,closest_real_leather_product
billu_ram_bhat,Andhra Pradesh,Leather Saree,Visakhapatnam,Leather Craft,Handicraft,Leather,Large,10.2,468,1019,2143,2/13/2025,High,14,Winter,Artisan Survey,https://atbw.shop/cdn/shop/files/DEV02760-Edit-min.jpg?v=1758731714&width=1500,real_leather_saree_product_image
shaifur_rehman,Andhra Pradesh,Clay Doll,Visakhapatnam,Pottery & Terracotta,Handicraft,Clay,Medium,10.3,109,769,1266,2/14/2025,Medium,7,Winter,Government,https://giri.in/cdn/shop/files/650741_Pot_Terracotta_Clay_2.75_Inch_1_1200x1200.webp?v=1743076302,closest_real_terracotta_product
krishan_gopal,Andhra Pradesh,Leather Fabric,Vizianagaram,Leather Craft,Handicraft,Leather,Large,23.6,482,1810,3449,2/14/2025,Medium,14,Winter,Artisan Survey,https://www.spoilmesilly.in/cdn/shop/files/ACBA425H_600x.jpg?v=1737443960,closest_real_leather_product
karan_khatri,Andhra Pradesh,Leather Box,Vizianagaram,Leather Craft,Handicraft,Leather,Large,22.7,442,1961,3115,2/15/2025,Medium,15,Winter,Government,https://www.amarkutir.in/custom-images/products/leather/product-images/26.png,direct_match_or_product_page
harish_kumar,Andhra Pradesh,Bamboo Planter,Vizianagaram,Bamboo & Cane,Handicraft,Bamboo,Medium,11.8,125,716,1328,2/15/2025,Medium,5,Winter,Government,https://themeghalayanage.store/cdn/shop/files/PER_8573_S.jpg?v=1741849809&width=940,closest_real_bamboo_product
kailash_panwar,Andhra Pradesh,Metal Tray,West Godavari District,Metal Craft & Dhokra,Handicraft,Metal,Small,4.2,93,333,662,2/16/2025,Medium,14,Winter,Government,https://giri.in/cdn/shop/files/650741_Pot_Terracotta_Clay_2.75_Inch_1_1200x1200.webp?v=1743076302,closest_real_craft_product
sh_mohammad_sohail_usta,Andhra Pradesh,Bamboo Jutti,West Godavari District,Leather Craft,Handicraft,Leather,Medium,5.5,108,448,906,2/16/2025,Medium,4,Winter,Craft Study,https://themeghalayanage.store/cdn/shop/files/PER_8573_S.jpg?v=1741849809&width=940,closest_real_bamboo_product
smt_minakshi_kiradu,Andhra Pradesh,Cotton Lamp,West Godavari District,Handloom & Textiles,Handloom,Cotton,Small,5.4,181,428,731,2/16/2025,Medium,7,Winter,Government,https://themeghalayanage.store/cdn/shop/files/PER_8573_S.jpg?v=1741849809&width=940,closest_real_fibre_product
sh_rehmat_ali,Andhra Pradesh,Natural Fibre Basket,West Godavari District,Other Traditional Art,Handicraft,Mixed,Medium,9.3,335,797,1421,2/17/2025,Medium,16,Winter,Government,https://themeghalayanage.store/cdn/shop/files/PER_8573_S.jpg?v=1741849809&width=940,closest_real_fibre_product
jaavaid_ahmed_dar,Andhra Pradesh,Lacquer Box,YSR Kadapa,Other Traditional Art,Handicraft,Mixed,Large,18.6,563,1852,3026,2/17/2025,Medium,20,Winter,Craft Study,https://giri.in/cdn/shop/files/650741_Pot_Terracotta_Clay_2.75_Inch_1_1200x1200.webp?v=1743076302,closest_real_craft_product
anita,Andhra Pradesh,Wooden Shawl,YSR Kadapa,Woodcraft & Carving,Handicraft,Wood,Medium,7.9,211,793,1184,2/18/2025,Medium,2,Winter,Government,https://cdn.shopify.com/s/files/1/0674/4352/3842/files/handloom-silk-weaving-india.png?v=1768110514,closest_real_textile_product
sanyogita,Andhra Pradesh,Leather Lamp,YSR Kadapa,Leather Craft,Handicraft,Leather,Medium,9,302,673,1058,2/18/2025,High,13,Winter,Craft Study,https://www.spoilmesilly.in/cdn/shop/files/ACBA425H_600x.jpg?v=1737443960,closest_real_leather_product
sukanyanm,Andhra Pradesh,Cotton Fabric,YSR Kadapa,Handloom & Textiles,Handloom,Cotton,Small,2.6,181,339,720,2/19/2025,Medium,12,Winter,Artisan Survey,https://cdn.shopify.com/s/files/1/0674/4352/3842/files/handloom-silk-weaving-india.png?v=1768110514,closest_real_textile_product
sirimalla_padma,Arunachal Pradesh,Leather Basket,Anjaw,Leather Craft,Handicraft,Leather,Large,20.4,446,1468,2367,2/19/2025,Medium,13,Winter,Marketplace,https://www.spoilmesilly.in/cdn/shop/files/ACBA425H_600x.jpg?v=1737443960,closest_real_leather_product
imran_ul_haque_qureshi,Arunachal Pradesh,Wooden Pot,Changlang,Woodcraft & Carving,Handicraft,Wood,Small,2.3,107,308,671,2/20/2025,High,16,Winter,Artisan Survey,https://seepi.in/cdn/shop/products/Elephant_Toy_with_Wheels_-_Varanasi_1600x.jpg?v=1623405091,closest_real_wood_product
syed_jalal_parveez,Arunachal Pradesh,Leather Lamp,Dibang Valley,Leather Craft,Handicraft,Leather,Small,4.9,171,529,823,2/20/2025,Medium,2,Winter,Artisan Survey,https://www.spoilmesilly.in/cdn/shop/files/ACBA425H_600x.jpg?v=1737443960,closest_real_leather_product
srinivasa,Arunachal Pradesh,Leather Puppet,East Kameng,Leather Craft,Handicraft,Leather,Small,5.4,174,430,845,2/21/2025,Medium,15,Winter,Government,https://theindiacrafthouse.com/products/andhra-leather-craft-string-puppet-vighnaharta-height-24-inches-ssap01b,direct_match_or_product_page
p_thanigaivel,Arunachal Pradesh,Leather Statue,East Siang,Leather Craft,Handicraft,Leather,Small,3.9,173,453,833,2/21/2025,Medium,6,Winter,Craft Study,https://www.spoilmesilly.in/cdn/shop/files/ACBA425H_600x.jpg?v=1737443960,closest_real_leather_product
akbar,Arunachal Pradesh,Natural Fibre Mat,Kamle,Other Traditional Art,Handicraft,Mixed,Medium,8.6,292,949,1843,2/22/2025,Low,4,Winter,Craft Study,https://themeghalayanage.store/cdn/shop/files/PER_8573_S.jpg?v=1741849809&width=940,closest_real_fibre_product
sheshetty_varalakshmi,Arunachal Pradesh,Clay Bowl,Kra Daadi,Pottery & Terracotta,Handicraft,Clay,Medium,7.2,110,615,1167,2/22/2025,High,9,Winter,Craft Study,https://www.desiclik.com/images/P/91269_clay_katori_bowl.jpg,direct_match_or_product_page
l_rajeshwari,Arunachal Pradesh,Handloom Fabric,Kurung Kumey,Handloom & Textiles,Handloom,Textile,Small,5.9,237,660,1287,2/23/2025,Medium,1,Winter,Marketplace,https://cdn.shopify.com/s/files/1/0674/4352/3842/files/handloom-silk-weaving-india.png?v=1768110514,closest_real_textile_product
janardhana_rao,Arunachal Pradesh,Cotton Tray,Leparada,Handloom & Textiles,Handloom,Cotton,Small,4.9,163,468,992,2/23/2025,Medium,13,Winter,Marketplace,https://themeghalayanage.store/cdn/shop/files/PER_8573_S.jpg?v=1741849809&width=940,closest_real_fibre_product
saraswathi_ishwar_n,Arunachal Pradesh,Leather dupatta,Lohit,Leather Craft,Handicraft,Leather,Small,3.5,177,370,677,2/24/2025,Medium,12,Winter,Marketplace,https://www.spoilmesilly.in/cdn/shop/files/ACBA425H_600x.jpg?v=1737443960,closest_real_leather_product
jitendra_m_pisale,Arunachal Pradesh,Clay Tray,Longding,Pottery & Terracotta,Handicraft,Clay,Medium,6.2,111,452,636,2/24/2025,Medium,11,Winter,Government,https://giri.in/cdn/shop/files/650741_Pot_Terracotta_Clay_2.75_Inch_1_1200x1200.webp?v=1743076302,closest_real_terracotta_product
deepa_s_sonaji,Arunachal Pradesh,Clay Vase,Lower Dibang Valley,Pottery & Terracotta,Handicraft,Clay,Small,2.9,68,317,501,2/25/2025,Medium,1,Winter,Marketplace,https://giri.in/cdn/shop/files/650741_Pot_Terracotta_Clay_2.75_Inch_1_1200x1200.webp?v=1743076302,closest_real_terracotta_product
mohammad_zahin,Arunachal Pradesh,Clay Bowl,Lower Siang,Pottery & Terracotta,Handicraft,Clay,Medium,8.2,85,409,798,2/25/2025,High,16,Winter,Marketplace,https://www.desiclik.com/images/P/91269_clay_katori_bowl.jpg,direct_match_or_product_page
narendra_kumar_kaimaiya,Arunachal Pradesh,Clay Shoes,Lower Subansiri,Pottery & Terracotta,Handicraft,Clay,Small,5.8,66,522,924,2/26/2025,Medium,1,Winter,Artisan Survey,https://giri.in/cdn/shop/files/650741_Pot_Terracotta_Clay_2.75_Inch_1_1200x1200.webp?v=1743076302,closest_real_terracotta_product
ravi_thobhan_bhojavia,Arunachal Pradesh,Wooden Carving,Namsai,Woodcraft & Carving,Handicraft,Wood,Small,4.9,122,393,714,2/26/2025,Low,6,Winter,Government,https://seepi.in/cdn/shop/products/Elephant_Toy_with_Wheels_-_Varanasi_1600x.jpg?v=1623405091,closest_real_wood_product
khatri_sumaiya,Arunachal Pradesh,Wooden Fibre Bag,Pakke Kessang,Woodcraft & Carving,Handicraft,Wood,Medium,6.5,170,517,960,2/27/2025,Medium,8,Winter,Marketplace,https://seepi.in/cdn/shop/products/Elephant_Toy_with_Wheels_-_Varanasi_1600x.jpg?v=1623405091,closest_real_wood_product
garva_hemlata,Arunachal Pradesh,Cotton Bangle,Papum Pare,Handloom & Textiles,Handloom,Cotton,Medium,11,250,842,1411,2/27/2025,High,15,Winter,Marketplace,https://themeghalayanage.store/cdn/shop/files/PER_8573_S.jpg?v=1741849809&width=940,closest_real_fibre_product
patliya_seema_rahulbhai,Arunachal Pradesh,Wooden Stole,Shi Yomi,Woodcraft & Carving,Handicraft,Wood,Small,3.5,141,445,893,2/28/2025,Medium,9,Winter,Marketplace,https://cdn.shopify.com/s/files/1/0674/4352/3842/files/handloom-silk-weaving-india.png?v=1768110514,closest_real_textile_product
maniram,Arunachal Pradesh,Clay Toy,Siang,Pottery & Terracotta,Handicraft,Clay,Small,5.4,77,352,692,2/28/2025,Medium,17,Winter,Craft Study,https://giri.in/cdn/shop/files/650741_Pot_Terracotta_Clay_2.75_Inch_1_1200x1200.webp?v=1743076302,closest_real_terracotta_product
chitara_roshan_bhai,Arunachal Pradesh,Cotton Saree,Tawang,Handloom & Textiles,Handloom,Cotton,Large,13.4,431,1063,2080,03-01-2025,Medium,19,Summer,Artisan Survey,https://cdn.shopify.com/s/files/1/0674/4352/3842/files/handloom-silk-weaving-india.png?v=1768110514,closest_real_textile_product
satishbhai_katrodi,Arunachal Pradesh,Bamboo Lamp,Tirap,Bamboo & Cane,Handicraft,Bamboo,Small,4.5,238,509,997,03-01-2025,High,16,Summer,Government,https://www.claymango.com/cdn/shop/products/IMG-20221025-WA0011.jpg?v=1677751374,direct_match_or_product_page
rakesh_bhavor,Arunachal Pradesh,Clay Bowl,Upper Siang,Pottery & Terracotta,Handicraft,Clay,Medium,11.5,109,801,1688,03-02-2025,Medium,1,Summer,Government,https://www.desiclik.com/images/P/91269_clay_katori_bowl.jpg,direct_match_or_product_page
akbar_jaleel,Arunachal Pradesh,Leather Plate,Upper Subansiri,Leather Craft,Handicraft,Leather,Medium,6.8,257,800,1485,03-02-2025,High,16,Summer,Artisan Survey,https://www.spoilmesilly.in/cdn/shop/files/ACBA425H_600x.jpg?v=1737443960,closest_real_leather_product
yogesh_ramu_vaghari,Arunachal Pradesh,Clay Bag,West Kameng,Pottery & Terracotta,Handicraft,Clay,Small,4.8,75,364,791,03-03-2025,Low,5,Summer,Marketplace,https://giri.in/cdn/shop/files/650741_Pot_Terracotta_Clay_2.75_Inch_1_1200x1200.webp?v=1743076302,closest_real_terracotta_product
lataben_parmar,Arunachal Pradesh,Wooden Bowl,West Siang,Woodcraft & Carving,Handicraft,Wood,Medium,11.9,183,1041,1511,03-03-2025,High,18,Summer,Artisan Survey,https://seepi.in/cdn/shop/products/Elephant_Toy_with_Wheels_-_Varanasi_1600x.jpg?v=1623405091,closest_real_wood_product
nejamuddin,Assam,Leather Fibre Basket,Bajali,Leather Craft,Handicraft,Leather,Medium,6.1,281,653,1232,03-04-2025,High,20,Summer,Government,https://www.spoilmesilly.in/cdn/shop/files/ACBA425H_600x.jpg?v=1737443960,closest_real_leather_product
yashmeen,Assam,Lacquer Toy,Baksa,Other Traditional Art,Handicraft,Mixed,Large,11.2,427,1148,2249,03-04-2025,Medium,2,Summer,Government,https://giri.in/cdn/shop/files/650741_Pot_Terracotta_Clay_2.75_Inch_1_1200x1200.webp?v=1743076302,closest_real_craft_product
mohammad_zafar,Assam,Handloom Saree,Barpeta,Handloom & Textiles,Handloom,Textile,Small,4.7,217,416,730,03-05-2025,Medium,2,Summer,Marketplace,https://cdn.shopify.com/s/files/1/0674/4352/3842/files/handloom-silk-weaving-india.png?v=1768110514,closest_real_textile_product
akib_husain,Assam,Clay Box,Barpeta,Pottery & Terracotta,Handicraft,Clay,Small,3.4,62,276,440,03-05-2025,Medium,14,Summer,Artisan Survey,https://giri.in/cdn/shop/files/650741_Pot_Terracotta_Clay_2.75_Inch_1_1200x1200.webp?v=1743076302,closest_real_terracotta_product
anil_kumar_kannaujiya,Assam,Clay Saree,Biswanath,Pottery & Terracotta,Handicraft,Clay,Small,2.3,64,283,514,03-06-2025,Medium,3,Summer,Craft Study,https://giri.in/cdn/shop/files/650741_Pot_Terracotta_Clay_2.75_Inch_1_1200x1200.webp?v=1743076302,closest_real_terracotta_product
faizan_ahmad,Assam,Wooden Mat,Bongaigaon,Woodcraft & Carving,Handicraft,Wood,Medium,8.3,161,707,1174,03-06-2025,Medium,20,Summer,Craft Study,https://seepi.in/cdn/shop/products/Elephant_Toy_with_Wheels_-_Varanasi_1600x.jpg?v=1623405091,closest_real_wood_product
mohammad_arabi,Assam,Clay Lamp,Cachar,Pottery & Terracotta,Handicraft,Clay,Medium,10.3,118,592,1257,03-07-2025,Low,11,Summer,Marketplace,https://www.amalfieeceramics.com/cdn/shop/products/Amalfiee-Handmade-Terracotta-Ganpati-Diya-Lamp-set-of-4-Amalfiee_Ceramics-1678917314_1400x.jpg?v=1678917316,direct_match_or_product_page
mohd_asif,Assam,Leather Statue,Charaideo,Leather Craft,Handicraft,Leather,Small,3.1,186,412,681,03-07-2025,High,12,Summer,Artisan Survey,https://www.spoilmesilly.in/cdn/shop/files/ACBA425H_600x.jpg?v=1737443960,closest_real_leather_product
mohammad_zubair,Assam,Bamboo Wallet,Chirang,Bamboo & Cane,Handicraft,Bamboo,Small,3.3,82,391,586,03-08-2025,Medium,18,Summer,Government,https://themeghalayanage.store/cdn/shop/files/PER_8573_S.jpg?v=1741849809&width=940,closest_real_bamboo_product
samaiya_bivi,Assam,Stone Panel,Darrang,Other Traditional Art,Handicraft,Mixed,Large,21.8,462,1601,2946,03-08-2025,Medium,5,Summer,Marketplace,https://giri.in/cdn/shop/files/650741_Pot_Terracotta_Clay_2.75_Inch_1_1200x1200.webp?v=1743076302,closest_real_craft_product
ikram,Assam,Wooden Fibre Mat,Dhemaji,Woodcraft & Carving,Handicraft,Wood,Small,4.1,147,407,686,03-09-2025,Medium,12,Summer,Craft Study,https://seepi.in/cdn/shop/products/Elephant_Toy_with_Wheels_-_Varanasi_1600x.jpg?v=1623405091,closest_real_wood_product
rupa_rani,Assam,Bamboo Box,Dhubri,Bamboo & Cane,Handicraft,Bamboo,Medium,10.9,126,900,1288,03-09-2025,Medium,20,Summer,Marketplace,https://banjaramarket.com/cdn/shop/files/udaan-bamboo-utility-box-112916.jpg?v=1725706897&width=1946,direct_match_or_product_page
abid_khan,Assam,Clay Shawl,Dibrugarh,Pottery & Terracotta,Handicraft,Clay,Medium,8.1,117,553,1012,03-10-2025,Medium,1,Summer,Craft Study,https://giri.in/cdn/shop/files/650741_Pot_Terracotta_Clay_2.75_Inch_1_1200x1200.webp?v=1743076302,closest_real_terracotta_product
nadira_khanam,Assam,Wooden Bowl,Dima Hasao,Woodcraft & Carving,Handicraft,Wood,Small,5.8,100,569,1028,03-10-2025,Medium,4,Summer,Government,https://seepi.in/cdn/shop/products/Elephant_Toy_with_Wheels_-_Varanasi_1600x.jpg?v=1623405091,closest_real_wood_product
firdosiya_bano,Assam,Cotton Saree,Goalpara,Handloom & Textiles,Handloom,Cotton,Small,4.6,137,415,621,03-11-2025,Medium,3,Summer,Government,https://cdn.shopify.com/s/files/1/0674/4352/3842/files/handloom-silk-weaving-india.png?v=1768110514,closest_real_textile_product
sadiya_bano,Assam,Cotton Box,Golaghat,Handloom & Textiles,Handloom,Cotton,Small,2.5,161,362,673,03-11-2025,High,7,Summer,Marketplace,https://themeghalayanage.store/cdn/shop/files/PER_8573_S.jpg?v=1741849809&width=940,closest_real_fibre_product
vishan_pal,Assam,Bamboo Planter,Golaghat,Bamboo & Cane,Handicraft,Bamboo,Large,22.4,186,1150,2107,03-12-2025,Medium,3,Summer,Craft Study,https://themeghalayanage.store/cdn/shop/files/PER_8573_S.jpg?v=1741849809&width=940,closest_real_bamboo_product
ram_babu_kain,Assam,Metal Tray,Hailakandi,Metal Craft & Dhokra,Handicraft,Metal,Small,4,119,343,689,03-12-2025,High,4,Summer,Government,https://giri.in/cdn/shop/files/650741_Pot_Terracotta_Clay_2.75_Inch_1_1200x1200.webp?v=1743076302,closest_real_craft_product
rajendra_prasad,Assam,Leather Belt,Hojai,Leather Craft,Handicraft,Leather,Small,2.6,227,409,678,03-12-2025,Medium,18,Summer,Artisan Survey,https://www.anamexim.com/cdn/shop/files/03.jpg?v=1723280506&width=1946,direct_match_or_product_page
balihari_prajapati,Assam,Wooden Lamp,Jorhat,Woodcraft & Carving,Handicraft,Wood,Small,2.6,128,358,559,3/13/2025,Medium,10,Summer,Government,https://seepi.in/cdn/shop/products/Elephant_Toy_with_Wheels_-_Varanasi_1600x.jpg?v=1623405091,closest_real_wood_product
girish_chandra_pal,Assam,Cotton Fibre Bag,Kamrup (M),Handloom & Textiles,Handloom,Cotton,Small,4.8,183,568,1226,3/13/2025,Medium,8,Summer,Artisan Survey,https://themeghalayanage.store/cdn/shop/files/PER_8573_S.jpg?v=1741849809&width=940,closest_real_fibre_product
dharmendra_kumar,Assam,Leather Bowl,Kamrup(R),Leather Craft,Handicraft,Leather,Medium,5.3,292,754,1378,3/14/2025,Low,9,Summer,Marketplace,https://www.pinterest.com/pin/175992297932351632/,direct_match_or_product_page
naveen_kumar,Assam,Wooden Fabric,Karbi Anglong,Woodcraft & Carving,Handicraft,Wood,Small,3.1,119,272,373,3/14/2025,High,20,Summer,Government,https://cdn.shopify.com/s/files/1/0674/4352/3842/files/handloom-silk-weaving-india.png?v=1768110514,closest_real_textile_product
kanchan,Assam,Leather Doll,Karimganj,Leather Craft,Handicraft,Leather,Medium,6,286,649,1329,3/15/2025,Medium,10,Summer,Artisan Survey,https://www.spoilmesilly.in/cdn/shop/files/ACBA425H_600x.jpg?v=1737443960,closest_real_leather_product
raju_pratap,Assam,Cotton Fabric,Karimganj,Handloom & Textiles,Handloom,Cotton,Medium,8.1,190,644,977,3/15/2025,Medium,10,Summer,Artisan Survey,https://cdn.shopify.com/s/files/1/0674/4352/3842/files/handloom-silk-weaving-india.png?v=1768110514,closest_real_textile_product
paramshila,Assam,Bamboo Basket,Kokrajhar,Bamboo & Cane,Handicraft,Bamboo,Large,15.8,272,1163,2347,3/16/2025,High,19,Summer,Marketplace,https://themeghalayanage.store/cdn/shop/files/PER_8573_S.jpg?v=1741849809&width=940,direct_match_or_product_page
priyanka,Assam,Bamboo Pot,Lakhimpur,Bamboo & Cane,Handicraft,Bamboo,Small,4.1,74,382,745,3/16/2025,Medium,1,Summer,Government,https://themeghalayanage.store/cdn/shop/files/PER_8573_S.jpg?v=1741849809&width=940,closest_real_bamboo_product
mohd_shahji_kamar,Assam,Clay Lamp,Lakhimpur,Pottery & Terracotta,Handicraft,Clay,Large,13.9,153,1106,2404,3/17/2025,High,10,Summer,Government,https://www.amalfieeceramics.com/cdn/shop/products/Amalfiee-Handmade-Terracotta-Ganpati-Diya-Lamp-set-of-4-Amalfiee_Ceramics-1678917314_1400x.jpg?v=1678917316,direct_match_or_product_page
raju,Assam,Leather Jutti,Majuli,Leather Craft,Handicraft,Leather,Medium,5.2,314,714,1550,3/17/2025,Medium,15,Summer,Craft Study,https://www.spoilmesilly.in/cdn/shop/files/ACBA425H_600x.jpg?v=1737443960,closest_real_leather_product
palak_dinkar,Assam,Wooden Statue,Morigaon,Woodcraft & Carving,Handicraft,Wood,Small,4.5,109,341,540,3/18/2025,High,11,Summer,Artisan Survey,https://seepi.in/cdn/shop/products/Elephant_Toy_with_Wheels_-_Varanasi_1600x.jpg?v=1623405091,closest_real_wood_product
priyanka_raghuwanshi,Assam,Clay Fibre Basket,Nagaon,Pottery & Terracotta,Handicraft,Clay,Medium,7.6,88,558,1117,3/18/2025,Medium,18,Summer,Artisan Survey,https://giri.in/cdn/shop/files/650741_Pot_Terracotta_Clay_2.75_Inch_1_1200x1200.webp?v=1743076302,closest_real_terracotta_product
najiya,Assam,Clay Bangle,Nagaon,Pottery & Terracotta,Handicraft,Clay,Large,19.1,175,1348,2183,3/19/2025,Low,18,Summer,Artisan Survey,https://giri.in/cdn/shop/files/650741_Pot_Terracotta_Clay_2.75_Inch_1_1200x1200.webp?v=1743076302,closest_real_terracotta_product
preeti_dixit,Assam,Leather Stole,Nalbari,Leather Craft,Handicraft,Leather,Small,2.4,172,369,695,3/19/2025,Medium,7,Summer,Artisan Survey,https://www.spoilmesilly.in/cdn/shop/files/ACBA425H_600x.jpg?v=1737443960,closest_real_leather_product
dalavayi_chalapathi_rao,Assam,Wooden Lamp,Sivasagar,Woodcraft & Carving,Handicraft,Wood,Large,10.2,244,673,1250,3/20/2025,Low,17,Summer,Government,https://seepi.in/cdn/shop/products/Elephant_Toy_with_Wheels_-_Varanasi_1600x.jpg?v=1623405091,closest_real_wood_product
kasireddy_siva_prasada_reddy,Assam,Silk Fabric,Sonitpur,Handloom & Textiles,Handloom,Silk,Medium,6.7,291,653,912,3/20/2025,High,5,Summer,Marketplace,https://cdn.shopify.com/s/files/1/0674/4352/3842/files/handloom-silk-weaving-india.png?v=1768110514,closest_real_textile_product
v_sreenivasulu_reddy,Assam,Bamboo Tray,South Salamara- Mankachar,Bamboo & Cane,Handicraft,Bamboo,Medium,8.2,112,613,830,3/21/2025,Medium,5,Summer,Artisan Survey,https://silpakarman.com/products/natural-bamboo-tray,direct_match_or_product_page
patnam_munibabu,Assam,Bamboo Vase,Tamulpur,Bamboo & Cane,Handicraft,Bamboo,Large,15.5,176,918,1284,3/21/2025,Medium,20,Summer,Government,https://theheritageartifacts.com/cdn/shop/products/DSC_0524_dc6cc377-e6a4-4889-bdc4-82bdffd240d3_2000x2667.jpg?v=1679501593,direct_match_or_product_page
mannasamudra_m_viswanath,Assam,Bamboo Bowl,Tinsukia,Bamboo & Cane,Handicraft,Bamboo,Medium,10.7,134,889,1297,3/22/2025,Medium,1,Summer,Government,https://www.alibaba.com/product-detail/natural-handicraft-bamboo-bowls-handicraft-bamboo_11000010888306.html,direct_match_or_product_page
bandaru_satyavati,Assam,Leather Puppet,Udalguri,Leather Craft,Handicraft,Leather,Large,15.3,530,1261,1979,3/22/2025,High,8,Summer,Marketplace,https://theindiacrafthouse.com/products/andhra-leather-craft-string-puppet-vighnaharta-height-24-inches-ssap01b,direct_match_or_product_page
kande_mohan_rao,Assam,Bamboo Carving,Udalguri,Bamboo & Cane,Handicraft,Bamboo,Small,4.1,76,355,753,3/23/2025,Medium,13,Summer,Craft Study,https://themeghalayanage.store/cdn/shop/files/PER_8573_S.jpg?v=1741849809&width=940,closest_real_bamboo_product
p_chengal_rayadu_achari,Assam,Cotton Fibre Mat,West Karbi Anglong,Handloom & Textiles,Handloom,Cotton,Medium,9.2,261,830,1486,3/23/2025,High,9,Summer,Artisan Survey,https://themeghalayanage.store/cdn/shop/files/PER_8573_S.jpg?v=1741849809&width=940,closest_real_fibre_product
manendra_deka,Bihar,Bamboo Toy,Araria,Bamboo & Cane,Handicraft,Bamboo,Medium,5.2,127,549,1113,3/24/2025,Low,17,Summer,Government,https://themeghalayanage.store/cdn/shop/files/PER_8573_S.jpg?v=1741849809&width=940,closest_real_bamboo_product
amen_deka,Bihar,Wooden Saree,Araria,Woodcraft & Carving,Handicraft,Wood,Small,4.1,135,323,666,3/24/2025,High,6,Summer,Craft Study,https://cdn.shopify.com/s/files/1/0674/4352/3842/files/handloom-silk-weaving-india.png?v=1768110514,closest_real_textile_product
khatun,Bihar,Wooden Tray,Arwal,Woodcraft & Carving,Handicraft,Wood,Medium,7.4,198,555,1096,3/25/2025,Medium,12,Summer,Government,https://seepi.in/cdn/shop/products/Elephant_Toy_with_Wheels_-_Varanasi_1600x.jpg?v=1623405091,closest_real_wood_product
jitendra_kumar,Bihar,Wooden dupatta,Arwal,Woodcraft & Carving,Handicraft,Wood,Small,3.7,138,338,569,3/25/2025,Medium,3,Summer,Government,https://cdn.shopify.com/s/files/1/0674/4352/3842/files/handloom-silk-weaving-india.png?v=1768110514,closest_real_textile_product
shivam,Bihar,Leather Lamp,Aurangabad,Leather Craft,Handicraft,Leather,Small,2.4,223,403,840,3/26/2025,Medium,5,Summer,Craft Study,https://www.spoilmesilly.in/cdn/shop/files/ACBA425H_600x.jpg?v=1737443960,closest_real_leather_product
pooja_yadav,Bihar,Leather Bowl,Aurangabad,Leather Craft,Handicraft,Leather,Small,5.1,200,471,933,3/26/2025,Low,4,Summer,Artisan Survey,https://www.pinterest.com/pin/175992297932351632/,direct_match_or_product_page
asma_bi,Bihar,Metal Plate,Banka,Metal Craft & Dhokra,Handicraft,Metal,Small,5.8,218,600,1189,3/27/2025,High,15,Summer,Craft Study,https://giri.in/cdn/shop/files/650741_Pot_Terracotta_Clay_2.75_Inch_1_1200x1200.webp?v=1743076302,closest_real_craft_product
sarfaraj,Bihar,Clay Shoes,Banka,Pottery & Terracotta,Handicraft,Clay,Small,2.1,67,185,392,3/27/2025,High,5,Summer,Artisan Survey,https://giri.in/cdn/shop/files/650741_Pot_Terracotta_Clay_2.75_Inch_1_1200x1200.webp?v=1743076302,closest_real_terracotta_product
mahaveer_singh,Bihar,Leather Bowl,Begusarai,Leather Craft,Handicraft,Leather,Small,4.4,174,434,807,3/28/2025,Medium,14,Summer,Artisan Survey,https://www.pinterest.com/pin/175992297932351632/,direct_match_or_product_page
pinky_choudhary,Bihar,Cotton Fibre Bag,Begusarai,Handloom & Textiles,Handloom,Cotton,Medium,10.3,238,827,1488,3/28/2025,High,7,Summer,Government,https://themeghalayanage.store/cdn/shop/files/PER_8573_S.jpg?v=1741849809&width=940,closest_real_fibre_product
monika_negi,Bihar,Lacquer Box,Bhagalpur,Other Traditional Art,Handicraft,Mixed,Medium,7,129,658,1386,3/29/2025,Low,12,Summer,Government,https://giri.in/cdn/shop/files/650741_Pot_Terracotta_Clay_2.75_Inch_1_1200x1200.webp?v=1743076302,closest_real_craft_product
satish_bhatt,Bihar,Clay Shawl,Bhagalpur,Pottery & Terracotta,Handicraft,Clay,Medium,10.5,95,833,1446,3/29/2025,Low,18,Summer,Craft Study,https://giri.in/cdn/shop/files/650741_Pot_Terracotta_Clay_2.75_Inch_1_1200x1200.webp?v=1743076302,closest_real_terracotta_product
reena,Bihar,Wooden Toy,Bhagalpur,Woodcraft & Carving,Handicraft,Wood,Small,4.5,93,419,855,3/30/2025,Low,18,Summer,Craft Study,https://seepi.in/cdn/shop/products/Elephant_Toy_with_Wheels_-_Varanasi_1600x.jpg?v=1623405091,direct_match_or_product_page
drashna,Bihar,Cotton Saree,Bhojpur,Handloom & Textiles,Handloom,Cotton,Large,23,323,1626,2270,3/30/2025,Medium,1,Summer,Marketplace,https://cdn.shopify.com/s/files/1/0674/4352/3842/files/handloom-silk-weaving-india.png?v=1768110514,closest_real_textile_product
madhabi_malakar,Bihar,Clay Mat,Bhojpur,Pottery & Terracotta,Handicraft,Clay,Medium,11.9,107,894,1208,3/31/2025,Low,16,Summer,Marketplace,https://giri.in/cdn/shop/files/650741_Pot_Terracotta_Clay_2.75_Inch_1_1200x1200.webp?v=1743076302,closest_real_terracotta_product
mohd_kayyum,Bihar,Clay Lamp,Bhojpur,Pottery & Terracotta,Handicraft,Clay,Small,2.2,225,403,725,3/31/2025,Medium,20,Summer,Government,https://www.amalfieeceramics.com/cdn/shop/products/Amalfiee-Handmade-Terracotta-Ganpati-Diya-Lamp-set-of-4-Amalfiee_Ceramics-1678917314_1400x.jpg?v=1678917316,direct_match_or_product_page
lalita_devi,Bihar,Clay Statue,Buxar,Pottery & Terracotta,Handicraft,Clay,Small,3.8,70,314,444,04-01-2025,Low,14,Summer,Government,https://giri.in/cdn/shop/files/650741_Pot_Terracotta_Clay_2.75_Inch_1_1200x1200.webp?v=1743076302,closest_real_terracotta_product
partap_singh,Bihar,Clay Bag,Buxar,Pottery & Terracotta,Handicraft,Clay,Medium,8.8,88,650,1417,04-01-2025,High,4,Summer,Craft Study,https://giri.in/cdn/shop/files/650741_Pot_Terracotta_Clay_2.75_Inch_1_1200x1200.webp?v=1743076302,closest_real_terracotta_product
vinita,Bihar,Cotton Panel,Buxar,Handloom & Textiles,Handloom,Cotton,Small,2.6,154,405,549,04-02-2025,High,14,Summer,Government,https://themeghalayanage.store/cdn/shop/files/PER_8573_S.jpg?v=1741849809&width=940,closest_real_fibre_product
taslim_arif,Bihar,Bamboo Fibre Basket,Darbhanga,Bamboo & Cane,Handicraft,Bamboo,Medium,7.4,117,498,976,04-02-2025,Medium,13,Summer,Marketplace,https://themeghalayanage.store/cdn/shop/files/PER_8573_S.jpg?v=1741849809&width=940,closest_real_bamboo_product
jairaj_singh,Bihar,Cotton Bowl,Darbhanga,Handloom & Textiles,Handloom,Cotton,Large,23.8,388,1828,2846,04-03-2025,Medium,14,Summer,Craft Study,https://themeghalayanage.store/cdn/shop/files/PER_8573_S.jpg?v=1741849809&width=940,closest_real_fibre_product
navit_sadh,Bihar,Bamboo Fabric,Darbhanga,Bamboo & Cane,Handicraft,Bamboo,Small,2.1,88,235,511,04-03-2025,High,9,Summer,Marketplace,https://themeghalayanage.store/cdn/shop/files/PER_8573_S.jpg?v=1741849809&width=940,closest_real_bamboo_product
chandrakanth_v,Bihar,Wooden Box,East Champaran,Woodcraft & Carving,Handicraft,Wood,Small,3.8,215,438,733,04-04-2025,Medium,11,Summer,Marketplace,https://seepi.in/cdn/shop/products/Elephant_Toy_with_Wheels_-_Varanasi_1600x.jpg?v=1623405091,closest_real_wood_product
meharban,Bihar,Silk Saree,East Champaran,Handloom & Textiles,Handloom,Silk,Large,21.8,490,1398,1920,04-04-2025,High,14,Summer,Government,https://cdn.shopify.com/s/files/1/0674/4352/3842/files/handloom-silk-weaving-india.png?v=1768110514,direct_match_or_product_page
shruti_hegde,Bihar,Bamboo Box,East Champaran,Bamboo & Cane,Handicraft,Bamboo,Medium,7.3,356,846,1161,04-04-2025,Medium,10,Summer,Government,https://banjaramarket.com/cdn/shop/files/udaan-bamboo-utility-box-112916.jpg?v=1725706897&width=1946,direct_match_or_product_page
smita_merchant,Bihar,Bamboo Planter,Gaya,Bamboo & Cane,Handicraft,Bamboo,Small,3.9,94,427,777,04-05-2025,Medium,16,Summer,Government,https://themeghalayanage.store/cdn/shop/files/PER_8573_S.jpg?v=1741849809&width=940,closest_real_bamboo_product
vishal_hassan,Bihar,Metal Tray,Gaya,Metal Craft & Dhokra,Handicraft,Metal,Large,23.7,246,1220,2670,04-05-2025,Low,15,Summer,Government,https://giri.in/cdn/shop/files/650741_Pot_Terracotta_Clay_2.75_Inch_1_1200x1200.webp?v=1743076302,closest_real_craft_product
seema_malik,Bihar,Wooden Wallet,Gaya,Woodcraft & Carving,Handicraft,Wood,Large,16.6,293,1186,2589,04-06-2025,High,7,Summer,Government,https://seepi.in/cdn/shop/products/Elephant_Toy_with_Wheels_-_Varanasi_1600x.jpg?v=1623405091,closest_real_wood_product
divya_kumar,Bihar,Bamboo Lamp,Gopalganj,Bamboo & Cane,Handicraft,Bamboo,Medium,5.9,103,419,686,04-06-2025,High,13,Summer,Government,https://www.claymango.com/cdn/shop/products/IMG-20221025-WA0011.jpg?v=1677751374,direct_match_or_product_page
dinesh_khan,Bihar,Wooden Fibre Mat,Gopalganj,Woodcraft & Carving,Handicraft,Wood,Medium,5.4,212,464,817,04-07-2025,Medium,16,Summer,Government,https://seepi.in/cdn/shop/products/Elephant_Toy_with_Wheels_-_Varanasi_1600x.jpg?v=1623405091,closest_real_wood_product
karthik_datta,Bihar,Bamboo Bangle,Jamui,Bamboo & Cane,Handicraft,Bamboo,Small,5.8,81,574,824,04-07-2025,High,10,Summer,Government,https://themeghalayanage.store/cdn/shop/files/PER_8573_S.jpg?v=1741849809&width=940,closest_real_bamboo_product
geeta_merchant,Bihar,Handloom Stole,Jamui,Handloom & Textiles,Handloom,Textile,Small,3.1,99,301,540,04-08-2025,High,15,Summer,Craft Study,https://cdn.shopify.com/s/files/1/0674/4352/3842/files/handloom-silk-weaving-india.png?v=1768110514,closest_real_textile_product
pallavi_datta,Bihar,Bamboo Bowl,Jehanabad,Bamboo & Cane,Handicraft,Bamboo,Medium,8.5,144,626,1164,04-08-2025,Low,3,Summer,Government,https://www.alibaba.com/product-detail/natural-handicraft-bamboo-bowls-handicraft-bamboo_11000010888306.html,direct_match_or_product_page
vikram_khanduja,Bihar,Handloom Saree,Jehanabad,Handloom & Textiles,Handloom,Textile,Small,2.4,116,313,489,04-09-2025,High,8,Summer,Marketplace,https://cdn.shopify.com/s/files/1/0674/4352/3842/files/handloom-silk-weaving-india.png?v=1768110514,closest_real_textile_product
laxmi_hegde,Bihar,Clay Basket,Kaimur (Bhabua),Pottery & Terracotta,Handicraft,Clay,Medium,8,87,727,1360,04-09-2025,Medium,15,Summer,Craft Study,https://giri.in/cdn/shop/files/650741_Pot_Terracotta_Clay_2.75_Inch_1_1200x1200.webp?v=1743076302,closest_real_terracotta_product
jitendra_iyer,Bihar,Clay Pot,Kaimur (Bhabua),Pottery & Terracotta,Handicraft,Clay,Large,23,418,1511,3195,04-10-2025,Medium,18,Summer,Government,https://giri.in/cdn/shop/files/650741_Pot_Terracotta_Clay_2.75_Inch_1_1200x1200.webp?v=1743076302,direct_match_or_product_page
anita_ali,Bihar,Clay Lamp,Katihar,Pottery & Terracotta,Handicraft,Clay,Small,4,60,359,485,04-10-2025,Low,13,Summer,Marketplace,https://www.amalfieeceramics.com/cdn/shop/products/Amalfiee-Handmade-Terracotta-Ganpati-Diya-Lamp-set-of-4-Amalfiee_Ceramics-1678917314_1400x.jpg?v=1678917316,direct_match_or_product_page
ritika_ali,Bihar,Cotton Belt,Katihar,Handloom & Textiles,Handloom,Cotton,Medium,11.8,233,849,1311,04-11-2025,High,14,Summer,Artisan Survey,https://themeghalayanage.store/cdn/shop/files/PER_8573_S.jpg?v=1741849809&width=940,closest_real_fibre_product
ravi_syed,Bihar,Leather Statue,Katihar,Leather Craft,Handicraft,Leather,Small,3,172,360,550,04-11-2025,High,7,Summer,Marketplace,https://www.spoilmesilly.in/cdn/shop/files/ACBA425H_600x.jpg?v=1737443960,closest_real_leather_product
kavita_joshi,Bihar,Natural Fibre Bag,Khagaria,Other Traditional Art,Handicraft,Mixed,Large,17.1,282,1320,1921,04-12-2025,Medium,15,Summer,Government,https://themeghalayanage.store/cdn/shop/files/PER_8573_S.jpg?v=1741849809&width=940,closest_real_fibre_product
nisha_mishra,Bihar,Cotton Toy,Khagaria,Handloom & Textiles,Handloom,Cotton,Small,5.4,181,399,595,04-12-2025,Medium,8,Summer,Artisan Survey,https://themeghalayanage.store/cdn/shop/files/PER_8573_S.jpg?v=1741849809&width=940,closest_real_fibre_product
priyanka_banerjee,Bihar,Leather Saree,Khagaria,Leather Craft,Handicraft,Leather,Medium,8.1,292,849,1598,4/13/2025,Medium,2,Summer,Artisan Survey,https://atbw.shop/cdn/shop/files/DEV02760-Edit-min.jpg?v=1758731714&width=1500,real_leather_saree_product_image
arvind_ghosh,Bihar,Cotton Doll,Kishanganj,Handloom & Textiles,Handloom,Cotton,Medium,7,234,610,877,4/13/2025,High,5,Summer,Marketplace,https://themeghalayanage.store/cdn/shop/files/PER_8573_S.jpg?v=1741849809&width=940,closest_real_fibre_product
anita_singh,Bihar,Leather Fabric,Kishanganj,Leather Craft,Handicraft,Leather,Medium,11,267,1001,1980,4/14/2025,High,13,Summer,Government,https://www.spoilmesilly.in/cdn/shop/files/ACBA425H_600x.jpg?v=1737443960,closest_real_leather_product
ritika_datta,Bihar,Leather Tray,Kishanganj,Leather Craft,Handicraft,Leather,Medium,7.7,244,814,1713,4/14/2025,Medium,20,Summer,Government,https://indiacircus.com/damask-print-leather-tray.html,direct_match_or_product_page
radha_verma,Bihar,Clay Vase,Lakhisarai,Pottery & Terracotta,Handicraft,Clay,Medium,8.7,111,709,1516,4/15/2025,Medium,10,Summer,Artisan Survey,https://giri.in/cdn/shop/files/650741_Pot_Terracotta_Clay_2.75_Inch_1_1200x1200.webp?v=1743076302,closest_real_terracotta_product
seema_kapoor,Bihar,Leather Bowl,Lakhisarai,Leather Craft,Handicraft,Leather,Medium,11.8,248,723,1382,4/15/2025,Medium,18,Summer,Government,https://www.pinterest.com/pin/175992297932351632/,direct_match_or_product_page
rajesh_menon,Bihar,Cotton Jutti,Madhepura,Leather Craft,Handicraft,Leather,Medium,6.3,194,623,946,4/16/2025,Medium,16,Summer,Government,https://themeghalayanage.store/cdn/shop/files/PER_8573_S.jpg?v=1741849809&width=940,closest_real_fibre_product
shruti_patel,Bihar,Wooden Carving,Madhepura,Woodcraft & Carving,Handicraft,Wood,Large,14.2,276,1334,1898,4/16/2025,Medium,12,Summer,Marketplace,https://seepi.in/cdn/shop/products/Elephant_Toy_with_Wheels_-_Varanasi_1600x.jpg?v=1623405091,closest_real_wood_product
shruti_saxena,Bihar,Wooden Fibre Basket,Madhubani,Woodcraft & Carving,Handicraft,Wood,Medium,5.2,154,461,713,4/17/2025,Low,17,Summer,Craft Study,https://seepi.in/cdn/shop/products/Elephant_Toy_with_Wheels_-_Varanasi_1600x.jpg?v=1623405091,closest_real_wood_product
vishal_reddy,Bihar,Clay Box,Madhubani,Pottery & Terracotta,Handicraft,Clay,Medium,7.7,100,509,1103,4/17/2025,Low,9,Summer,Government,https://giri.in/cdn/shop/files/650741_Pot_Terracotta_Clay_2.75_Inch_1_1200x1200.webp?v=1743076302,closest_real_terracotta_product
varun_rahman,Bihar,Handloom Shawl,Madhubani,Handloom & Textiles,Handloom,Textile,Small,2.8,115,353,765,4/18/2025,Medium,9,Summer,Government,https://cdn.shopify.com/s/files/1/0674/4352/3842/files/handloom-silk-weaving-india.png?v=1768110514,closest_real_textile_product
priya_roy,Bihar,Wooden Lamp,Munger,Woodcraft & Carving,Handicraft,Wood,Medium,9.8,203,679,1137,4/18/2025,High,15,Summer,Marketplace,https://seepi.in/cdn/shop/products/Elephant_Toy_with_Wheels_-_Varanasi_1600x.jpg?v=1623405091,closest_real_wood_product
hari_khan,Bihar,Clay Fabric,Munger,Pottery & Terracotta,Handicraft,Clay,Medium,6.3,106,549,893,4/19/2025,Medium,13,Summer,Artisan Survey,https://giri.in/cdn/shop/files/650741_Pot_Terracotta_Clay_2.75_Inch_1_1200x1200.webp?v=1743076302,closest_real_terracotta_product
varun_singh,Bihar,Bamboo Lamp,Muzaffarpur,Bamboo & Cane,Handicraft,Bamboo,Medium,9.7,344,1026,1830,4/19/2025,Medium,11,Summer,Marketplace,https://www.claymango.com/cdn/shop/products/IMG-20221025-WA0011.jpg?v=1677751374,direct_match_or_product_page
hemant_banerjee,Bihar,Cotton Bowl,Muzaffarpur,Handloom & Textiles,Handloom,Cotton,Small,3.1,153,291,465,4/20/2025,High,9,Summer,Craft Study,https://themeghalayanage.store/cdn/shop/files/PER_8573_S.jpg?v=1741849809&width=940,closest_real_fibre_product
amit_iyer,Bihar,Leather Plate,Muzaffarpur,Leather Craft,Handicraft,Leather,Large,15,514,1410,3078,4/20/2025,High,20,Summer,Government,https://www.spoilmesilly.in/cdn/shop/files/ACBA425H_600x.jpg?v=1737443960,closest_real_leather_product
ravi_merchant,Bihar,Bamboo Puppet,Nalanda,Bamboo & Cane,Handicraft,Bamboo,Medium,7.4,123,592,911,4/21/2025,Medium,2,Summer,Government,https://themeghalayanage.store/cdn/shop/files/PER_8573_S.jpg?v=1741849809&width=940,closest_real_bamboo_product
neha_nair,Bihar,Leather Bowl,Nalanda,Leather Craft,Handicraft,Leather,Medium,10,260,742,1235,4/21/2025,Low,2,Summer,Marketplace,https://www.pinterest.com/pin/175992297932351632/,direct_match_or_product_page
nikhil_roy,Bihar,Natural Fibre Mat,Nawada,Other Traditional Art,Handicraft,Mixed,Small,3.9,248,578,991,4/22/2025,Medium,10,Summer,Government,https://themeghalayanage.store/cdn/shop/files/PER_8573_S.jpg?v=1741849809&width=940,closest_real_fibre_product
arun_pandey,Bihar,Clay Bowl,Nawada,Pottery & Terracotta,Handicraft,Clay,Large,15.1,151,843,1228,4/22/2025,Medium,1,Summer,Marketplace,https://www.desiclik.com/images/P/91269_clay_katori_bowl.jpg,direct_match_or_product_page
ramesh_rao,Bihar,Cotton Fabric,Patna,Handloom & Textiles,Handloom,Cotton,Small,5.4,132,452,757,4/23/2025,Medium,7,Summer,Artisan Survey,https://cdn.shopify.com/s/files/1/0674/4352/3842/files/handloom-silk-weaving-india.png?v=1768110514,closest_real_textile_product
anjum_kulkarni,Bihar,Clay Tray,Patna,Pottery & Terracotta,Handicraft,Clay,Small,4.3,65,427,887,4/23/2025,Medium,12,Summer,Government,https://giri.in/cdn/shop/files/650741_Pot_Terracotta_Clay_2.75_Inch_1_1200x1200.webp?v=1743076302,closest_real_terracotta_product
meera_iyer,Bihar,Leather dupatta,Patna,Leather Craft,Handicraft,Leather,Large,13,438,1024,1505,4/24/2025,Low,9,Summer,Artisan Survey,https://www.spoilmesilly.in/cdn/shop/files/ACBA425H_600x.jpg?v=1737443960,closest_real_leather_product
anjum_reddy,Bihar,Wooden Mat,Purnea,Woodcraft & Carving,Handicraft,Wood,Large,22.6,280,1757,3244,4/24/2025,Medium,5,Summer,Government,https://seepi.in/cdn/shop/products/Elephant_Toy_with_Wheels_-_Varanasi_1600x.jpg?v=1623405091,closest_real_wood_product
arjun_patel,Bihar,Leather Lamp,Purnea,Leather Craft,Handicraft,Leather,Small,3.4,203,379,643,4/25/2025,High,6,Summer,Marketplace,https://www.spoilmesilly.in/cdn/shop/files/ACBA425H_600x.jpg?v=1737443960,closest_real_leather_product
hari_chandra,Bihar,Clay Statue,Purnea,Pottery & Terracotta,Handicraft,Clay,Medium,5.3,116,445,665,4/25/2025,Medium,13,Summer,Marketplace,https://giri.in/cdn/shop/files/650741_Pot_Terracotta_Clay_2.75_Inch_1_1200x1200.webp?v=1743076302,closest_real_terracotta_product
sanjay_ghosh,Bihar,Leather Shoes,Rohtas,Leather Craft,Handicraft,Leather,Medium,8.5,267,663,902,4/26/2025,Medium,20,Summer,Marketplace,https://www.spoilmesilly.in/cdn/shop/files/ACBA425H_600x.jpg?v=1737443960,closest_real_leather_product
sanjay_datta,Bihar,Stone Panel,Rohtas,Other Traditional Art,Handicraft,Mixed,Large,11.7,495,1270,2010,4/26/2025,Medium,16,Summer,Government,https://giri.in/cdn/shop/files/650741_Pot_Terracotta_Clay_2.75_Inch_1_1200x1200.webp?v=1743076302,closest_real_craft_product
ritika_sen,Bihar,Clay Fibre Bag,Rohtas,Pottery & Terracotta,Handicraft,Clay,Medium,6.7,97,595,835,4/27/2025,High,11,Summer,Craft Study,https://giri.in/cdn/shop/files/650741_Pot_Terracotta_Clay_2.75_Inch_1_1200x1200.webp?v=1743076302,closest_real_terracotta_product
karthik_saxena,Bihar,Bamboo Bangle,Saharsa,Bamboo & Cane,Handicraft,Bamboo,Medium,10.2,137,831,1388,4/27/2025,Low,3,Summer,Craft Study,https://themeghalayanage.store/cdn/shop/files/PER_8573_S.jpg?v=1741849809&width=940,closest_real_bamboo_product
manish_gupta,Bihar,Handloom Stole,Samastipur,Handloom & Textiles,Handloom,Textile,Medium,5.9,272,730,1488,4/27/2025,Medium,5,Summer,Artisan Survey,https://cdn.shopify.com/s/files/1/0674/4352/3842/files/handloom-silk-weaving-india.png?v=1768110514,closest_real_textile_product
smita_verma,Bihar,Wooden Toy,Samastipur,Woodcraft & Carving,Handicraft,Wood,Medium,10.6,160,813,1595,4/28/2025,Medium,9,Summer,Craft Study,https://seepi.in/cdn/shop/products/Elephant_Toy_with_Wheels_-_Varanasi_1600x.jpg?v=1623405091,direct_match_or_product_page
nikhil_rao,Bihar,Cotton Saree,Saran,Handloom & Textiles,Handloom,Cotton,Medium,11.6,308,1101,2373,4/28/2025,Medium,5,Summer,Government,https://cdn.shopify.com/s/files/1/0674/4352/3842/files/handloom-silk-weaving-india.png?v=1768110514,closest_real_textile_product
hemant_verma,Bihar,Wooden Box,Sheikhpura,Woodcraft & Carving,Handicraft,Wood,Medium,9.2,195,720,1233,4/29/2025,High,14,Summer,Marketplace,https://seepi.in/cdn/shop/products/Elephant_Toy_with_Wheels_-_Varanasi_1600x.jpg?v=1623405091,closest_real_wood_product
divya_ahmed,Bihar,Clay Planter,Sheohar,Pottery & Terracotta,Handicraft,Clay,Small,4.8,237,620,1210,4/29/2025,High,8,Summer,Government,https://giri.in/cdn/shop/files/650741_Pot_Terracotta_Clay_2.75_Inch_1_1200x1200.webp?v=1743076302,closest_real_terracotta_product
vikram_patel,Bihar,Metal Tray,Sitamarhi,Metal Craft & Dhokra,Handicraft,Metal,Large,20,507,1741,3335,4/30/2025,Medium,17,Summer,Craft Study,https://giri.in/cdn/shop/files/650741_Pot_Terracotta_Clay_2.75_Inch_1_1200x1200.webp?v=1743076302,closest_real_craft_product
ravi_kapoor,Bihar,Wooden Bag,Sitamarhi,Woodcraft & Carving,Handicraft,Wood,Large,23.9,323,1972,3026,4/30/2025,Low,6,Summer,Government,https://seepi.in/cdn/shop/products/Elephant_Toy_with_Wheels_-_Varanasi_1600x.jpg?v=1623405091,closest_real_wood_product
akshay_mishra,Bihar,Leather Lamp,Sitamarhi,Leather Craft,Handicraft,Leather,Medium,7.4,276,640,1029,05-01-2025,Medium,10,Summer,Government,https://www.spoilmesilly.in/cdn/shop/files/ACBA425H_600x.jpg?v=1737443960,closest_real_leather_product
manish_iyer,Bihar,Bamboo Fibre Basket,Siwan,Bamboo & Cane,Handicraft,Bamboo,Small,2.7,72,260,468,05-01-2025,Medium,15,Summer,Artisan Survey,https://themeghalayanage.store/cdn/shop/files/PER_8573_S.jpg?v=1741849809&width=940,closest_real_bamboo_product
shruti_pandey,Bihar,Leather Toy,Supaul,Leather Craft,Handicraft,Leather,Small,4.1,175,495,1003,05-02-2025,Medium,5,Summer,Government,https://www.spoilmesilly.in/cdn/shop/files/ACBA425H_600x.jpg?v=1737443960,closest_real_leather_product
nikhil_khanduja,Bihar,Wooden Saree,Supaul,Woodcraft & Carving,Handicraft,Wood,Medium,8.7,155,585,1019,05-02-2025,High,16,Summer,Artisan Survey,https://cdn.shopify.com/s/files/1/0674/4352/3842/files/handloom-silk-weaving-india.png?v=1768110514,closest_real_textile_product
rajesh_hegde,Bihar,Cotton Box,Vaishali,Handloom & Textiles,Handloom,Cotton,Small,2.7,149,291,449,05-03-2025,High,12,Summer,Government,https://themeghalayanage.store/cdn/shop/files/PER_8573_S.jpg?v=1741849809&width=940,closest_real_fibre_product
varun_merchant,Bihar,Clay Saree,Vaishali,Pottery & Terracotta,Handicraft,Clay,Large,18.6,164,1542,3384,05-03-2025,Medium,13,Summer,Artisan Survey,https://giri.in/cdn/shop/files/650741_Pot_Terracotta_Clay_2.75_Inch_1_1200x1200.webp?v=1743076302,closest_real_terracotta_product
rajesh_banerjee,Bihar,Cotton Basket,Vaishali,Handloom & Textiles,Handloom,Cotton,Medium,5.1,214,531,769,05-04-2025,Medium,10,Summer,Craft Study,https://themeghalayanage.store/cdn/shop/files/PER_8573_S.jpg?v=1741849809&width=940,closest_real_fibre_product
priya_joshi,Bihar,Bamboo Pot,West Champaran,Bamboo & Cane,Handicraft,Bamboo,Medium,11.5,126,660,1427,05-04-2025,Low,19,Summer,Marketplace,https://themeghalayanage.store/cdn/shop/files/PER_8573_S.jpg?v=1741849809&width=940,closest_real_bamboo_product
sunita_khanduja,Bihar,Metal Lamp,West Champaran,Metal Craft & Dhokra,Handicraft,Metal,Large,13.7,489,1163,2370,05-05-2025,Medium,16,Summer,Government,https://giri.in/cdn/shop/files/650741_Pot_Terracotta_Clay_2.75_Inch_1_1200x1200.webp?v=1743076302,closest_real_craft_product
laxmi_rahman,Chandigarh,Cotton Wallet,Chandigarh,Handloom & Textiles,Handloom,Cotton,Medium,5.3,239,548,1131,05-05-2025,Low,4,Summer,Government,https://themeghalayanage.store/cdn/shop/files/PER_8573_S.jpg?v=1741849809&width=940,closest_real_fibre_product
divya_kulkarni,Chhattisgarh,Stone Statue,Balod,Other Traditional Art,Handicraft,Mixed,Small,2.4,228,411,833,05-06-2025,High,12,Summer,Government,https://giri.in/cdn/shop/files/650741_Pot_Terracotta_Clay_2.75_Inch_1_1200x1200.webp?v=1743076302,closest_real_craft_product
nikhil_khan,Chhattisgarh,Wooden Fibre Mat,Baloda bazar,Woodcraft & Carving,Handicraft,Wood,Medium,6.7,173,666,1017,05-06-2025,High,19,Summer,Government,https://seepi.in/cdn/shop/products/Elephant_Toy_with_Wheels_-_Varanasi_1600x.jpg?v=1623405091,closest_real_wood_product
anjali_kumar,Chhattisgarh,Cotton Box,Balrampur,Handloom & Textiles,Handloom,Cotton,Medium,6.9,214,759,1433,05-07-2025,Medium,6,Summer,Marketplace,https://themeghalayanage.store/cdn/shop/files/PER_8573_S.jpg?v=1741849809&width=940,closest_real_fibre_product
meera_syed,Chhattisgarh,Handloom Shawl,Bastar,Handloom & Textiles,Handloom,Textile,Medium,5.2,316,674,1343,05-07-2025,Medium,11,Summer,Government,https://cdn.shopify.com/s/files/1/0674/4352/3842/files/handloom-silk-weaving-india.png?v=1768110514,closest_real_textile_product
deepika_bhat,Chhattisgarh,Leather Bowl,Bastar,Leather Craft,Handicraft,Leather,Medium,7,296,804,1595,05-08-2025,Medium,16,Summer,Government,https://www.pinterest.com/pin/175992297932351632/,direct_match_or_product_page
ananya_merchant,Chhattisgarh,Cotton Saree,Bemetara,Handloom & Textiles,Handloom,Cotton,Large,12.7,338,1021,1614,05-08-2025,High,6,Summer,Government,https://cdn.shopify.com/s/files/1/0674/4352/3842/files/handloom-silk-weaving-india.png?v=1768110514,closest_real_textile_product
sanjay_sharma,Chhattisgarh,Bamboo Tray,Bijapur,Bamboo & Cane,Handicraft,Bamboo,Medium,7.7,116,654,984,05-09-2025,Medium,11,Summer,Craft Study,https://silpakarman.com/products/natural-bamboo-tray,direct_match_or_product_page
hemant_hassan,Chhattisgarh,Clay Vase,Bilaspur,Pottery & Terracotta,Handicraft,Clay,Small,3.5,115,292,476,05-09-2025,Low,12,Summer,Government,https://giri.in/cdn/shop/files/650741_Pot_Terracotta_Clay_2.75_Inch_1_1200x1200.webp?v=1743076302,closest_real_terracotta_product
geeta_das,Chhattisgarh,Metal Bowl,Dantewada,Metal Craft & Dhokra,Handicraft,Metal,Medium,7.4,161,530,932,05-10-2025,Medium,4,Summer,Government,https://giri.in/cdn/shop/files/650741_Pot_Terracotta_Clay_2.75_Inch_1_1200x1200.webp?v=1743076302,closest_real_craft_product
smita_khanduja,Chhattisgarh,Leather Belt,Dhamtari,Leather Craft,Handicraft,Leather,Medium,7.3,269,873,1604,05-10-2025,Low,4,Summer,Marketplace,https://www.anamexim.com/cdn/shop/files/03.jpg?v=1723280506&width=1946,direct_match_or_product_page
meera_hassan,Chhattisgarh,Clay Carving,Durg,Pottery & Terracotta,Handicraft,Clay,Small,2.4,70,316,651,05-11-2025,Medium,12,Summer,Government,https://giri.in/cdn/shop/files/650741_Pot_Terracotta_Clay_2.75_Inch_1_1200x1200.webp?v=1743076302,closest_real_terracotta_product
prakash_ahmed,Chhattisgarh,Bamboo Fibre Bag,Gariyaband,Bamboo & Cane,Handicraft,Bamboo,Small,2.1,98,216,433,05-11-2025,Medium,4,Summer,Craft Study,https://img.esaras.in/catalog/product/cache/194e57ff18b0c86d9ecf78ca9ac7ebcf/s/g/sg01330_3_.jpg,closest_real_bamboo_product
arjun_dey,Chhattisgarh,Lacquer Bowl,Gaurella Pendra Marwahi,Other Traditional Art,Handicraft,Mixed,Medium,6.4,259,674,1297,05-12-2025,Medium,19,Summer,Government,https://giri.in/cdn/shop/files/650741_Pot_Terracotta_Clay_2.75_Inch_1_1200x1200.webp?v=1743076302,closest_real_craft_product
hemant_pandey,Chhattisgarh,Handloom Fabric,Janjagir-champa,Handloom & Textiles,Handloom,Textile,Small,5,241,521,820,05-12-2025,High,11,Summer,Artisan Survey,https://cdn.shopify.com/s/files/1/0674/4352/3842/files/handloom-silk-weaving-india.png?v=1768110514,closest_real_textile_product
nisha_reddy,Chhattisgarh,Bamboo Doll,Jashpur,Bamboo & Cane,Handicraft,Bamboo,Large,23.9,174,1366,2400,5/13/2025,Low,15,Summer,Marketplace,https://themeghalayanage.store/cdn/shop/files/PER_8573_S.jpg?v=1741849809&width=940,closest_real_bamboo_product
naveen_singh,Chhattisgarh,Wooden Fabric,Kabirdham,Woodcraft & Carving,Handicraft,Wood,Small,5.7,129,452,739,5/13/2025,Medium,8,Summer,Artisan Survey,https://cdn.shopify.com/s/files/1/0674/4352/3842/files/handloom-silk-weaving-india.png?v=1768110514,closest_real_textile_product
mohan_kulkarni,Chhattisgarh,Cotton Lamp,Kanker,Handloom & Textiles,Handloom,Cotton,Small,4,154,374,580,5/14/2025,High,6,Summer,Artisan Survey,https://themeghalayanage.store/cdn/shop/files/PER_8573_S.jpg?v=1741849809&width=940,closest_real_fibre_product
nisha_singh,Chhattisgarh,Clay Bowl,Khairagarh-Chhuikhadan-Gandai,Pottery & Terracotta,Handicraft,Clay,Medium,8.7,128,664,902,5/14/2025,Low,10,Summer,Artisan Survey,https://www.desiclik.com/images/P/91269_clay_katori_bowl.jpg,direct_match_or_product_page
bhavesh_sinha,Chhattisgarh,Bamboo Plate,Kondagaon,Bamboo & Cane,Handicraft,Bamboo,Large,14.4,225,994,1629,5/15/2025,Medium,15,Summer,Marketplace,https://themeghalayanage.store/cdn/shop/files/PER_8573_S.jpg?v=1741849809&width=940,closest_real_bamboo_product
divya_hegde,Chhattisgarh,Clay Jutti,Kondagaon,Leather Craft,Handicraft,Leather,Small,5.1,71,409,641,5/15/2025,Medium,8,Summer,Marketplace,https://giri.in/cdn/shop/files/650741_Pot_Terracotta_Clay_2.75_Inch_1_1200x1200.webp?v=1743076302,closest_real_terracotta_product
suresh_banerjee,Chhattisgarh,Clay Bowl,Korba,Pottery & Terracotta,Handicraft,Clay,Small,5.1,83,322,591,5/16/2025,Medium,6,Summer,Artisan Survey,https://www.desiclik.com/images/P/91269_clay_katori_bowl.jpg,direct_match_or_product_page
geeta_bhat,Chhattisgarh,Leather Fibre Basket,Koriya,Leather Craft,Handicraft,Leather,Small,5.4,186,624,875,5/16/2025,High,3,Summer,Marketplace,https://www.spoilmesilly.in/cdn/shop/files/ACBA425H_600x.jpg?v=1737443960,closest_real_leather_product
ashish_banerjee,Chhattisgarh,Wooden Bangle,Mahasamund,Woodcraft & Carving,Handicraft,Wood,Medium,11.3,208,935,1477,5/17/2025,Medium,11,Summer,Marketplace,https://seepi.in/cdn/shop/products/Elephant_Toy_with_Wheels_-_Varanasi_1600x.jpg?v=1623405091,closest_real_wood_product
deepika_datta,Chhattisgarh,Wooden Stole,Manendragarh- Chirmiri- Bharatpur,Woodcraft & Carving,Handicraft,Wood,Medium,8,211,817,1134,5/17/2025,Medium,14,Summer,Government,https://cdn.shopify.com/s/files/1/0674/4352/3842/files/handloom-silk-weaving-india.png?v=1768110514,closest_real_textile_product
ashok_hassan,Chhattisgarh,Cotton Lamp,Manpur-Mohla- Ambagad Chowki,Handloom & Textiles,Handloom,Cotton,Small,5.1,161,406,769,5/18/2025,Low,11,Summer,Government,https://themeghalayanage.store/cdn/shop/files/PER_8573_S.jpg?v=1741849809&width=940,closest_real_fibre_product
rohit_desai,Chhattisgarh,Clay Fabric,Mungeli,Pottery & Terracotta,Handicraft,Clay,Small,5.2,64,445,816,5/18/2025,Low,6,Summer,Marketplace,https://giri.in/cdn/shop/files/650741_Pot_Terracotta_Clay_2.75_Inch_1_1200x1200.webp?v=1743076302,closest_real_terracotta_product
divya_singh,Chhattisgarh,Bamboo Mat,Narayanpur,Bamboo & Cane,Handicraft,Bamboo,Medium,7.2,327,870,1424,5/19/2025,Low,5,Summer,Government,https://themeghalayanage.store/cdn/shop/files/PER_8573_S.jpg?v=1741849809&width=940,closest_real_bamboo_product
sandeep_malik,Chhattisgarh,Clay Lamp,Raigarh,Pottery & Terracotta,Handicraft,Clay,Large,23,167,1269,1872,5/19/2025,High,8,Summer,Marketplace,https://www.amalfieeceramics.com/cdn/shop/products/Amalfiee-Handmade-Terracotta-Ganpati-Diya-Lamp-set-of-4-Amalfiee_Ceramics-1678917314_1400x.jpg?v=1678917316,direct_match_or_product_page
pallavi_ghosh,Chhattisgarh,Clay Statue,Raipur,Pottery & Terracotta,Handicraft,Clay,Medium,5.7,118,392,848,5/20/2025,High,7,Summer,Government,https://giri.in/cdn/shop/files/650741_Pot_Terracotta_Clay_2.75_Inch_1_1200x1200.webp?v=1743076302,closest_real_terracotta_product
seema_banerjee,Chhattisgarh,Leather Puppet,Rajnandgaon,Leather Craft,Handicraft,Leather,Medium,12,151,753,1391,5/20/2025,High,5,Summer,Marketplace,https://theindiacrafthouse.com/products/andhra-leather-craft-string-puppet-vighnaharta-height-24-inches-ssap01b,direct_match_or_product_page
varun_dey,Chhattisgarh,Cotton Panel,Sakti,Handloom & Textiles,Handloom,Cotton,Small,5.1,145,415,800,5/21/2025,Low,19,Summer,Artisan Survey,https://themeghalayanage.store/cdn/shop/files/PER_8573_S.jpg?v=1741849809&width=940,closest_real_fibre_product
karthik_reddy,Chhattisgarh,Natural Fibre Mat,Sarangarh-Bilaigarh,Other Traditional Art,Handicraft,Mixed,Small,2.4,189,340,613,5/21/2025,Medium,7,Summer,Marketplace,https://themeghalayanage.store/cdn/shop/files/PER_8573_S.jpg?v=1741849809&width=940,closest_real_fibre_product
veena_malik,Chhattisgarh,Clay Toy,Sukma,Pottery & Terracotta,Handicraft,Clay,Small,4.6,77,323,657,5/21/2025,High,6,Summer,Artisan Survey,https://giri.in/cdn/shop/files/650741_Pot_Terracotta_Clay_2.75_Inch_1_1200x1200.webp?v=1743076302,closest_real_terracotta_product
darshan_malhotra,Chhattisgarh,Clay Saree,Sukma,Pottery & Terracotta,Handicraft,Clay,Medium,5.2,119,384,811,5/22/2025,Medium,13,Summer,Government,https://giri.in/cdn/shop/files/650741_Pot_Terracotta_Clay_2.75_Inch_1_1200x1200.webp?v=1743076302,closest_real_terracotta_product
naveen_ghosh,Chhattisgarh,Leather Tray,Surajpur,Leather Craft,Handicraft,Leather,Large,20.8,385,1643,2753,5/22/2025,Low,17,Summer,Government,https://indiacircus.com/damask-print-leather-tray.html,direct_match_or_product_page
harish_pandey,Chhattisgarh,Cotton dupatta,Surajpur,Handloom & Textiles,Handloom,Cotton,Large,21.2,390,1240,2401,5/23/2025,High,10,Summer,Artisan Survey,https://cdn.shopify.com/s/files/1/0674/4352/3842/files/handloom-silk-weaving-india.png?v=1768110514,closest_real_textile_product
shruti_gupta,Chhattisgarh,Bamboo Box,Surguja,Bamboo & Cane,Handicraft,Bamboo,Large,18.4,282,1179,1822,5/23/2025,Low,14,Summer,Artisan Survey,https://banjaramarket.com/cdn/shop/files/udaan-bamboo-utility-box-112916.jpg?v=1725706897&width=1946,direct_match_or_product_page
vishal_murthy,Chhattisgarh,Bamboo Planter,Surguja,Bamboo & Cane,Handicraft,Bamboo,Large,22,168,1546,2944,5/24/2025,Low,2,Summer,Artisan Survey,https://themeghalayanage.store/cdn/shop/files/PER_8573_S.jpg?v=1741849809&width=940,closest_real_bamboo_product
divya_mishra,"Dadra & Nagar Haveli (UT)
Daman & Diu (UT)",Clay Tray,Dadra & Nagar Haveli,Pottery & Terracotta,Handicraft,Clay,Large,11.4,142,654,1105,5/24/2025,High,11,Summer,Artisan Survey,https://giri.in/cdn/shop/files/650741_Pot_Terracotta_Clay_2.75_Inch_1_1200x1200.webp?v=1743076302,closest_real_terracotta_product
seema_rao,"Dadra & Nagar Haveli (UT)
Daman & Diu (UT)",Clay Shoes,Daman,Pottery & Terracotta,Handicraft,Clay,Small,3.1,76,253,343,5/25/2025,Medium,2,Summer,Artisan Survey,https://giri.in/cdn/shop/files/650741_Pot_Terracotta_Clay_2.75_Inch_1_1200x1200.webp?v=1743076302,closest_real_terracotta_product
varun_pandey,"Dadra & Nagar Haveli (UT)
Daman & Diu (UT)",Leather Lamp,Diu,Leather Craft,Handicraft,Leather,Small,3.7,211,404,874,5/25/2025,Medium,3,Summer,Artisan Survey,https://www.spoilmesilly.in/cdn/shop/files/ACBA425H_600x.jpg?v=1737443960,closest_real_leather_product
naveen_roy,Delhi,Clay Fibre Bag,Central,Pottery & Terracotta,Handicraft,Clay,Small,2.2,61,221,461,5/26/2025,Medium,12,Summer,Artisan Survey,https://giri.in/cdn/shop/files/650741_Pot_Terracotta_Clay_2.75_Inch_1_1200x1200.webp?v=1743076302,closest_real_terracotta_product
anita_rao,Delhi,Cotton Box,East,Handloom & Textiles,Handloom,Cotton,Medium,8.1,251,766,1223,5/26/2025,High,5,Summer,Artisan Survey,https://themeghalayanage.store/cdn/shop/files/PER_8573_S.jpg?v=1741849809&width=940,closest_real_fibre_product
darshan_kumar,Delhi,Wooden Shawl,New Delhi,Woodcraft & Carving,Handicraft,Wood,Small,3.1,130,302,664,5/27/2025,Low,1,Summer,Government,https://cdn.shopify.com/s/files/1/0674/4352/3842/files/handloom-silk-weaving-india.png?v=1768110514,closest_real_textile_product
nisha_kulkarni,Delhi,Bamboo Toy,North,Bamboo & Cane,Handicraft,Bamboo,Large,15.5,224,938,1519,5/27/2025,High,4,Summer,Government,https://themeghalayanage.store/cdn/shop/files/PER_8573_S.jpg?v=1741849809&width=940,closest_real_bamboo_product
veena_saxena,Delhi,Leather Saree,North-East,Leather Craft,Handicraft,Leather,Medium,8,324,923,1606,5/28/2025,Medium,16,Summer,Marketplace,https://atbw.shop/cdn/shop/files/DEV02760-Edit-min.jpg?v=1758731714&width=1500,real_leather_saree_product_image
karthik_ghosh,Delhi,Wooden Basket,North-West,Woodcraft & Carving,Handicraft,Wood,Medium,11.2,204,989,2051,5/28/2025,Low,12,Summer,Marketplace,https://seepi.in/cdn/shop/products/Elephant_Toy_with_Wheels_-_Varanasi_1600x.jpg?v=1623405091,closest_real_wood_product
amrita_malhotra,Delhi,Clay Pot,Shahdara,Pottery & Terracotta,Handicraft,Clay,Small,3.1,108,327,526,5/29/2025,Medium,8,Summer,Artisan Survey,https://giri.in/cdn/shop/files/650741_Pot_Terracotta_Clay_2.75_Inch_1_1200x1200.webp?v=1743076302,direct_match_or_product_page
akshay_singh,Delhi,Clay Lamp,South,Pottery & Terracotta,Handicraft,Clay,Small,5.6,66,350,607,5/29/2025,Medium,20,Summer,Government,https://www.amalfieeceramics.com/cdn/shop/products/Amalfiee-Handmade-Terracotta-Ganpati-Diya-Lamp-set-of-4-Amalfiee_Ceramics-1678917314_1400x.jpg?v=1678917316,direct_match_or_product_page
manish_datta,Delhi,Wooden Bag,South,Woodcraft & Carving,Handicraft,Wood,Small,3.7,129,416,797,5/30/2025,Medium,8,Summer,Government,https://seepi.in/cdn/shop/products/Elephant_Toy_with_Wheels_-_Varanasi_1600x.jpg?v=1623405091,closest_real_wood_product
radha_sinha,Delhi,Bamboo Statue,South-East,Bamboo & Cane,Handicraft,Bamboo,Large,14.6,170,1180,1724,5/30/2025,Medium,18,Summer,Artisan Survey,https://themeghalayanage.store/cdn/shop/files/PER_8573_S.jpg?v=1741849809&width=940,closest_real_bamboo_product
sunita_bhat,Delhi,Clay Fibre Basket,South-West,Pottery & Terracotta,Handicraft,Clay,Medium,8.5,108,706,1207,5/31/2025,Medium,7,Summer,Government,https://giri.in/cdn/shop/files/650741_Pot_Terracotta_Clay_2.75_Inch_1_1200x1200.webp?v=1743076302,closest_real_terracotta_product
ravi_dey,Delhi,Bamboo Bowl,West,Bamboo & Cane,Handicraft,Bamboo,Medium,7.9,108,507,818,5/31/2025,Medium,1,Summer,Artisan Survey,https://www.alibaba.com/product-detail/natural-handicraft-bamboo-bowls-handicraft-bamboo_11000010888306.html,direct_match_or_product_page
kavita_sen,Goa,Wooden Fabric,North Goa,Woodcraft & Carving,Handicraft,Wood,Small,3,130,270,520,06-01-2025,High,3,Monsoon,Government,https://cdn.shopify.com/s/files/1/0674/4352/3842/files/handloom-silk-weaving-india.png?v=1768110514,closest_real_textile_product
sandeep_murthy,Goa,Wooden Box,North Goa,Woodcraft & Carving,Handicraft,Wood,Medium,8.5,261,765,1121,06-01-2025,High,6,Monsoon,Marketplace,https://seepi.in/cdn/shop/products/Elephant_Toy_with_Wheels_-_Varanasi_1600x.jpg?v=1623405091,closest_real_wood_product
amrita_dey,Goa,Silk Saree,South Goa,Handloom & Textiles,Handloom,Silk,Medium,6.1,286,715,1107,06-02-2025,Medium,4,Monsoon,Marketplace,https://cdn.shopify.com/s/files/1/0674/4352/3842/files/handloom-silk-weaving-india.png?v=1768110514,direct_match_or_product_page
bhavesh_hassan,Goa,Wooden Tray,South Goa,Woodcraft & Carving,Handicraft,Wood,Medium,7.5,168,749,1464,06-02-2025,Medium,4,Monsoon,Government,https://seepi.in/cdn/shop/products/Elephant_Toy_with_Wheels_-_Varanasi_1600x.jpg?v=1623405091,closest_real_wood_product
shreya_datta,Gujarat,Cotton Vase,Ahmedabad,Handloom & Textiles,Handloom,Cotton,Medium,9,235,646,958,06-03-2025,Medium,8,Monsoon,Government,https://themeghalayanage.store/cdn/shop/files/PER_8573_S.jpg?v=1741849809&width=940,closest_real_fibre_product
sunita_hassan,Gujarat,Cotton Bowl,Ahmedabad,Handloom & Textiles,Handloom,Cotton,Small,3.7,173,402,687,06-03-2025,Medium,20,Monsoon,Government,https://themeghalayanage.store/cdn/shop/files/PER_8573_S.jpg?v=1741849809&width=940,closest_real_fibre_product
rohit_rao,Gujarat,Leather Wallet,Ahmedabad,Leather Craft,Handicraft,Leather,Large,21.5,418,1374,2687,06-04-2025,Low,5,Monsoon,Government,https://bongoniketan.in/cdn/shop/files/BuyauthenticandoriginalhandcraftedShantiniketanBengalpureleathervegetablewalletsinexclusivedesignbybongoniketanonline10.jpg?v=1730035779&width=1946,direct_match_or_product_page
arun_nair,Gujarat,Leather Carving,Ahmedabad,Leather Craft,Handicraft,Leather,Small,3,225,424,848,06-04-2025,Medium,5,Monsoon,Government,https://www.spoilmesilly.in/cdn/shop/files/ACBA425H_600x.jpg?v=1737443960,closest_real_leather_product
seema_mishra,Gujarat,Leather Fibre Mat,Amreli,Leather Craft,Handicraft,Leather,Large,23.6,516,2130,3047,06-05-2025,Low,20,Monsoon,Artisan Survey,https://www.spoilmesilly.in/cdn/shop/files/ACBA425H_600x.jpg?v=1737443960,closest_real_leather_product
smita_chandra,Gujarat,Lacquer Bangle,Amreli,Jewellery & Beads,Handicraft,Lac,Small,5.1,102,446,925,06-05-2025,Medium,5,Monsoon,Government,https://giri.in/cdn/shop/files/650741_Pot_Terracotta_Clay_2.75_Inch_1_1200x1200.webp?v=1743076302,closest_real_craft_product
prakash_sharma,Gujarat,Leather Stole,Anand,Leather Craft,Handicraft,Leather,Small,5.9,212,493,969,06-06-2025,High,17,Monsoon,Marketplace,https://www.spoilmesilly.in/cdn/shop/files/ACBA425H_600x.jpg?v=1737443960,closest_real_leather_product
radha_kumar,Gujarat,Bamboo Bowl,Anand,Bamboo & Cane,Handicraft,Bamboo,Large,21.7,190,1480,2425,06-06-2025,Medium,13,Monsoon,Government,https://www.alibaba.com/product-detail/natural-handicraft-bamboo-bowls-handicraft-bamboo_11000010888306.html,direct_match_or_product_page
sanjay_khan,Gujarat,Wooden Saree,Aravalli,Woodcraft & Carving,Handicraft,Wood,Small,2.6,114,313,626,06-07-2025,Medium,19,Monsoon,Craft Study,https://cdn.shopify.com/s/files/1/0674/4352/3842/files/handloom-silk-weaving-india.png?v=1768110514,closest_real_textile_product
ananya_iyer,Gujarat,Bamboo Lamp,Banaskantha,Bamboo & Cane,Handicraft,Bamboo,Medium,8.7,311,932,1835,06-07-2025,Medium,12,Monsoon,Artisan Survey,https://www.claymango.com/cdn/shop/products/IMG-20221025-WA0011.jpg?v=1677751374,direct_match_or_product_page
nisha_ghosh,Gujarat,Clay Bowl,Banaskantha,Pottery & Terracotta,Handicraft,Clay,Medium,6.2,132,466,867,06-08-2025,Medium,12,Monsoon,Craft Study,https://www.desiclik.com/images/P/91269_clay_katori_bowl.jpg,direct_match_or_product_page
ritika_gupta,Gujarat,Metal Plate,Banaskantha,Metal Craft & Dhokra,Handicraft,Metal,Small,5.3,122,500,912,06-08-2025,Medium,5,Monsoon,Craft Study,https://giri.in/cdn/shop/files/650741_Pot_Terracotta_Clay_2.75_Inch_1_1200x1200.webp?v=1743076302,closest_real_craft_product
radha_datta,Gujarat,Cotton Belt,Bharuch,Handloom & Textiles,Handloom,Cotton,Medium,9.1,258,761,1503,06-09-2025,Medium,12,Monsoon,Government,https://themeghalayanage.store/cdn/shop/files/PER_8573_S.jpg?v=1741849809&width=940,closest_real_fibre_product
harish_nair,Gujarat,Cotton Bowl,Bharuch,Handloom & Textiles,Handloom,Cotton,Large,13.7,400,983,2162,06-09-2025,High,14,Monsoon,Artisan Survey,https://themeghalayanage.store/cdn/shop/files/PER_8573_S.jpg?v=1741849809&width=940,closest_real_fibre_product
shreya_rao,Gujarat,Wooden Fibre Bag,Bhavnagar,Woodcraft & Carving,Handicraft,Wood,Large,23,302,1416,2608,06-10-2025,Low,20,Monsoon,Government,https://seepi.in/cdn/shop/products/Elephant_Toy_with_Wheels_-_Varanasi_1600x.jpg?v=1623405091,closest_real_wood_product
hari_desai,Gujarat,Wooden Toy,Bhavnagar,Woodcraft & Carving,Handicraft,Wood,Small,2.5,132,264,538,06-10-2025,Medium,2,Monsoon,Craft Study,https://seepi.in/cdn/shop/products/Elephant_Toy_with_Wheels_-_Varanasi_1600x.jpg?v=1623405091,direct_match_or_product_page
pooja_sinha,Gujarat,Clay Saree,Bhavnagar,Pottery & Terracotta,Handicraft,Clay,Medium,8.9,119,559,1108,06-11-2025,Medium,4,Monsoon,Marketplace,https://giri.in/cdn/shop/files/650741_Pot_Terracotta_Clay_2.75_Inch_1_1200x1200.webp?v=1743076302,closest_real_terracotta_product
navya_murthy,Gujarat,Clay Doll,Botad,Pottery & Terracotta,Handicraft,Clay,Small,4.9,66,418,868,06-11-2025,High,1,Monsoon,Marketplace,https://giri.in/cdn/shop/files/650741_Pot_Terracotta_Clay_2.75_Inch_1_1200x1200.webp?v=1743076302,closest_real_terracotta_product
priyanka_bhat,Gujarat,Bamboo Fabric,Botad,Bamboo & Cane,Handicraft,Bamboo,Small,2.2,74,246,532,06-12-2025,High,16,Monsoon,Craft Study,https://themeghalayanage.store/cdn/shop/files/PER_8573_S.jpg?v=1741849809&width=940,closest_real_bamboo_product
vishal_sinha,Gujarat,Bamboo Mat,Chhota Udaipur,Bamboo & Cane,Handicraft,Bamboo,Small,4.4,88,341,516,06-12-2025,High,2,Monsoon,Artisan Survey,https://themeghalayanage.store/cdn/shop/files/PER_8573_S.jpg?v=1741849809&width=940,closest_real_bamboo_product
vishal_rahman,Gujarat,Leather Lamp,Chhota Udaipur,Leather Craft,Handicraft,Leather,Large,21.4,432,1370,2042,6/13/2025,Medium,19,Monsoon,Craft Study,https://www.spoilmesilly.in/cdn/shop/files/ACBA425H_600x.jpg?v=1737443960,closest_real_leather_product
neha_singh,Gujarat,Clay Statue,Chhota Udaipur,Pottery & Terracotta,Handicraft,Clay,Large,10.9,154,609,1126,6/13/2025,Low,8,Monsoon,Government,https://giri.in/cdn/shop/files/650741_Pot_Terracotta_Clay_2.75_Inch_1_1200x1200.webp?v=1743076302,closest_real_terracotta_product
sanjay_sinha,Gujarat,Leather Jutti,Dahod,Leather Craft,Handicraft,Leather,Medium,8.6,239,861,1491,6/13/2025,Medium,6,Monsoon,Government,https://www.spoilmesilly.in/cdn/shop/files/ACBA425H_600x.jpg?v=1737443960,closest_real_leather_product
divya_malhotra,Gujarat,Stone Panel,Dahod,Other Traditional Art,Handicraft,Mixed,Medium,6.8,159,642,1178,6/14/2025,High,20,Monsoon,Government,https://giri.in/cdn/shop/files/650741_Pot_Terracotta_Clay_2.75_Inch_1_1200x1200.webp?v=1743076302,closest_real_craft_product
navya_patel,Gujarat,Bamboo Fibre Basket,Dahod,Bamboo & Cane,Handicraft,Bamboo,Medium,9.6,113,544,1103,6/14/2025,High,15,Monsoon,Marketplace,https://themeghalayanage.store/cdn/shop/files/PER_8573_S.jpg?v=1741849809&width=940,closest_real_bamboo_product
karthik_sinha,Gujarat,Cotton Box,Dahod,Handloom & Textiles,Handloom,Cotton,Medium,5.8,201,602,1289,6/15/2025,High,11,Monsoon,Marketplace,https://themeghalayanage.store/cdn/shop/files/PER_8573_S.jpg?v=1741849809&width=940,closest_real_fibre_product
arjun_sinha,Gujarat,Handloom Shawl,Dang,Handloom & Textiles,Handloom,Textile,Medium,11.6,130,900,1534,6/15/2025,Low,18,Monsoon,Government,https://cdn.shopify.com/s/files/1/0674/4352/3842/files/handloom-silk-weaving-india.png?v=1768110514,closest_real_textile_product
ashish_ali,Gujarat,Wooden Lamp,Dang,Woodcraft & Carving,Handicraft,Wood,Medium,11.3,293,1116,2188,6/16/2025,High,16,Monsoon,Artisan Survey,https://seepi.in/cdn/shop/products/Elephant_Toy_with_Wheels_-_Varanasi_1600x.jpg?v=1623405091,closest_real_wood_product
akshay_gupta,Gujarat,Bamboo Fabric,Devbhoomi Dwarka,Bamboo & Cane,Handicraft,Bamboo,Small,2.7,97,310,470,6/16/2025,High,13,Monsoon,Government,https://themeghalayanage.store/cdn/shop/files/PER_8573_S.jpg?v=1741849809&width=940,closest_real_bamboo_product
kavya_rahman,Gujarat,Bamboo Box,Devbhoomi Dwarka,Bamboo & Cane,Handicraft,Bamboo,Small,3.3,203,437,789,6/17/2025,Medium,7,Monsoon,Artisan Survey,https://banjaramarket.com/cdn/shop/files/udaan-bamboo-utility-box-112916.jpg?v=1725706897&width=1946,direct_match_or_product_page
pallavi_khanduja,Gujarat,Clay Planter,Devbhoomi Dwarka,Pottery & Terracotta,Handicraft,Clay,Large,18.2,174,1190,1629,6/17/2025,Medium,20,Monsoon,Craft Study,https://giri.in/cdn/shop/files/650741_Pot_Terracotta_Clay_2.75_Inch_1_1200x1200.webp?v=1743076302,closest_real_terracotta_product
vikram_kulkarni,Gujarat,Metal Tray,Gandhinagar,Metal Craft & Dhokra,Handicraft,Metal,Medium,10,167,840,1494,6/18/2025,Medium,15,Monsoon,Marketplace,https://giri.in/cdn/shop/files/650741_Pot_Terracotta_Clay_2.75_Inch_1_1200x1200.webp?v=1743076302,closest_real_craft_product
laxmi_malik,Gujarat,Cotton Puppet,Gandhinagar,Handloom & Textiles,Handloom,Cotton,Large,16.2,340,1420,2575,6/18/2025,Medium,19,Monsoon,Marketplace,https://themeghalayanage.store/cdn/shop/files/PER_8573_S.jpg?v=1741849809&width=940,closest_real_fibre_product
dinesh_sinha,Gujarat,Stone Lamp,Gir Somnath,Other Traditional Art,Handicraft,Mixed,Small,2.6,119,293,579,6/19/2025,Medium,20,Monsoon,Government,https://giri.in/cdn/shop/files/650741_Pot_Terracotta_Clay_2.75_Inch_1_1200x1200.webp?v=1743076302,closest_real_craft_product
manish_saxena,Gujarat,Natural Fibre Mat,Gir Somnath,Other Traditional Art,Handicraft,Mixed,Medium,5.7,164,457,869,6/19/2025,Low,11,Monsoon,Government,https://themeghalayanage.store/cdn/shop/files/PER_8573_S.jpg?v=1741849809&width=940,closest_real_fibre_product
deepika_sen,Gujarat,Cotton Bowl,Himmatnagar/Sabarkantha,Handloom & Textiles,Handloom,Cotton,Small,6,161,564,933,6/20/2025,High,8,Monsoon,Artisan Survey,https://themeghalayanage.store/cdn/shop/files/PER_8573_S.jpg?v=1741849809&width=940,closest_real_fibre_product
veena_das,Gujarat,Cotton Fabric,Himmatnagar/Sabarkantha,Handloom & Textiles,Handloom,Cotton,Small,3.8,131,419,568,6/20/2025,High,19,Monsoon,Marketplace,https://cdn.shopify.com/s/files/1/0674/4352/3842/files/handloom-silk-weaving-india.png?v=1768110514,closest_real_textile_product
suresh_patel,Gujarat,Clay Tray,Himmatnagar/Sabarkantha,Pottery & Terracotta,Handicraft,Clay,Small,5.5,60,394,571,6/21/2025,High,20,Monsoon,Government,https://giri.in/cdn/shop/files/650741_Pot_Terracotta_Clay_2.75_Inch_1_1200x1200.webp?v=1743076302,closest_real_terracotta_product
priya_dey,Gujarat,Wooden dupatta,Jamnagar,Woodcraft & Carving,Handicraft,Wood,Small,3.9,151,418,910,6/21/2025,Medium,3,Monsoon,Craft Study,https://cdn.shopify.com/s/files/1/0674/4352/3842/files/handloom-silk-weaving-india.png?v=1768110514,closest_real_textile_product
geeta_datta,Gujarat,Bamboo Basket,Jamnagar,Bamboo & Cane,Handicraft,Bamboo,Large,22.9,216,1390,2966,6/22/2025,Low,13,Monsoon,Artisan Survey,https://themeghalayanage.store/cdn/shop/files/PER_8573_S.jpg?v=1741849809&width=940,direct_match_or_product_page
navya_merchant,Gujarat,Clay Pot,Jamnagar,Pottery & Terracotta,Handicraft,Clay,Small,2.4,82,279,454,6/22/2025,Medium,13,Monsoon,Artisan Survey,https://giri.in/cdn/shop/files/650741_Pot_Terracotta_Clay_2.75_Inch_1_1200x1200.webp?v=1743076302,direct_match_or_product_page
mohan_ali,Gujarat,Metal Lamp,Junagadh,Metal Craft & Dhokra,Handicraft,Metal,Medium,5.8,175,571,896,6/23/2025,High,15,Monsoon,Marketplace,https://giri.in/cdn/shop/files/650741_Pot_Terracotta_Clay_2.75_Inch_1_1200x1200.webp?v=1743076302,closest_real_craft_product
veena_hassan,Gujarat,Leather Shoes,Junagadh,Leather Craft,Handicraft,Leather,Medium,11.5,129,919,1582,6/23/2025,Medium,20,Monsoon,Craft Study,https://www.spoilmesilly.in/cdn/shop/files/ACBA425H_600x.jpg?v=1737443960,closest_real_leather_product
arvind_malhotra,Gujarat,Cotton Statue,Junagadh,Handloom & Textiles,Handloom,Cotton,Medium,11.6,248,1118,2165,6/24/2025,High,6,Monsoon,Government,https://themeghalayanage.store/cdn/shop/files/PER_8573_S.jpg?v=1741849809&width=940,closest_real_fibre_product
varun_iyer,Gujarat,Natural Fibre Bag,Kheda (Nadiad),Other Traditional Art,Handicraft,Mixed,Medium,7.2,151,547,904,6/24/2025,Medium,20,Monsoon,Government,https://themeghalayanage.store/cdn/shop/files/PER_8573_S.jpg?v=1741849809&width=940,closest_real_fibre_product
rajesh_pandey,Gujarat,Wooden Bangle,Kheda (Nadiad),Woodcraft & Carving,Handicraft,Wood,Small,3.4,142,387,545,6/25/2025,Medium,13,Monsoon,Craft Study,https://seepi.in/cdn/shop/products/Elephant_Toy_with_Wheels_-_Varanasi_1600x.jpg?v=1623405091,closest_real_wood_product
nikhil_kumar,Gujarat,Leather Stole,Kachch,Leather Craft,Handicraft,Leather,Large,16.3,382,1189,2012,6/25/2025,High,2,Monsoon,Craft Study,https://www.spoilmesilly.in/cdn/shop/files/ACBA425H_600x.jpg?v=1737443960,closest_real_leather_product
smita_joshi,Gujarat,Leather Toy,Kachch,Leather Craft,Handicraft,Leather,Large,15.8,426,1094,1719,6/26/2025,Medium,11,Monsoon,Marketplace,https://www.spoilmesilly.in/cdn/shop/files/ACBA425H_600x.jpg?v=1737443960,closest_real_leather_product
arun_chandra,Gujarat,Cotton Saree,Kachch,Handloom & Textiles,Handloom,Cotton,Medium,6.3,167,478,777,6/26/2025,High,3,Monsoon,Government,https://cdn.shopify.com/s/files/1/0674/4352/3842/files/handloom-silk-weaving-india.png?v=1768110514,closest_real_textile_product
naveen_gupta,Gujarat,Cotton Tray,Kachchh,Handloom & Textiles,Handloom,Cotton,Medium,11.3,248,751,1118,6/27/2025,Medium,20,Monsoon,Government,https://themeghalayanage.store/cdn/shop/files/PER_8573_S.jpg?v=1741849809&width=940,closest_real_fibre_product
rohit_ghosh,Gujarat,Clay Vase,Kachchh,Pottery & Terracotta,Handicraft,Clay,Small,3,112,311,594,6/27/2025,Low,16,Monsoon,Artisan Survey,https://giri.in/cdn/shop/files/650741_Pot_Terracotta_Clay_2.75_Inch_1_1200x1200.webp?v=1743076302,closest_real_terracotta_product
divya_malik,Gujarat,Wooden Bowl,Kachchh,Woodcraft & Carving,Handicraft,Wood,Large,19.9,275,1160,2085,6/28/2025,Low,19,Monsoon,Artisan Survey,https://seepi.in/cdn/shop/products/Elephant_Toy_with_Wheels_-_Varanasi_1600x.jpg?v=1623405091,closest_real_wood_product
prakash_kulkarni,Gujarat,Clay Bag,Kachchh,Pottery & Terracotta,Handicraft,Clay,Small,2.3,67,223,352,6/28/2025,High,13,Monsoon,Government,https://giri.in/cdn/shop/files/650741_Pot_Terracotta_Clay_2.75_Inch_1_1200x1200.webp?v=1743076302,closest_real_terracotta_product
pooja_malik,Gujarat,Clay Carving,Mahisagar,Pottery & Terracotta,Handicraft,Clay,Small,2.2,83,278,506,6/29/2025,Medium,8,Monsoon,Government,https://giri.in/cdn/shop/files/650741_Pot_Terracotta_Clay_2.75_Inch_1_1200x1200.webp?v=1743076302,closest_real_terracotta_product
laxmi_bhat,Gujarat,Bamboo Fibre Basket,Mehsana,Bamboo & Cane,Handicraft,Bamboo,Small,4.6,84,341,603,6/29/2025,High,9,Monsoon,Artisan Survey,https://themeghalayanage.store/cdn/shop/files/PER_8573_S.jpg?v=1741849809&width=940,closest_real_bamboo_product
hari_malik,Gujarat,Wooden Toy,Mehsana,Woodcraft & Carving,Handicraft,Wood,Medium,7.4,181,622,1261,6/30/2025,High,19,Monsoon,Artisan Survey,https://seepi.in/cdn/shop/products/Elephant_Toy_with_Wheels_-_Varanasi_1600x.jpg?v=1623405091,direct_match_or_product_page
nisha_sharma,Gujarat,Leather Saree,Mehsana,Leather Craft,Handicraft,Leather,Medium,9.6,292,985,2130,6/30/2025,Medium,4,Monsoon,Marketplace,https://atbw.shop/cdn/shop/files/DEV02760-Edit-min.jpg?v=1758731714&width=1500,real_leather_saree_product_image
sanjay_hassan,Gujarat,Bamboo Box,Mehsana,Bamboo & Cane,Handicraft,Bamboo,Medium,5.7,119,503,735,07-01-2025,High,18,Monsoon,Marketplace,https://banjaramarket.com/cdn/shop/files/udaan-bamboo-utility-box-112916.jpg?v=1725706897&width=1946,direct_match_or_product_page
naveen_sharma,Gujarat,Silk Saree,Morbi,Handloom & Textiles,Handloom,Silk,Medium,11.6,313,861,1809,07-01-2025,High,9,Monsoon,Craft Study,https://cdn.shopify.com/s/files/1/0674/4352/3842/files/handloom-silk-weaving-india.png?v=1768110514,direct_match_or_product_page
smita_bhat,Gujarat,Bamboo Lamp,Morbi,Bamboo & Cane,Handicraft,Bamboo,Small,5,84,345,672,07-02-2025,Low,12,Monsoon,Government,https://www.claymango.com/cdn/shop/products/IMG-20221025-WA0011.jpg?v=1677751374,direct_match_or_product_page
darshan_syed,Gujarat,Bamboo Bowl,Narmada,Bamboo & Cane,Handicraft,Bamboo,Large,22.3,219,1534,2974,07-02-2025,High,14,Monsoon,Marketplace,https://www.alibaba.com/product-detail/natural-handicraft-bamboo-bowls-handicraft-bamboo_11000010888306.html,direct_match_or_product_page
hemant_singh,Gujarat,Metal Plate,Narmada,Metal Craft & Dhokra,Handicraft,Metal,Medium,6,175,536,894,07-03-2025,Medium,2,Monsoon,Marketplace,https://giri.in/cdn/shop/files/650741_Pot_Terracotta_Clay_2.75_Inch_1_1200x1200.webp?v=1743076302,closest_real_craft_product
dinesh_merchant,Gujarat,Wooden Wallet,Narmada,Woodcraft & Carving,Handicraft,Wood,Medium,7.2,212,523,859,07-03-2025,Medium,3,Monsoon,Marketplace,https://seepi.in/cdn/shop/products/Elephant_Toy_with_Wheels_-_Varanasi_1600x.jpg?v=1623405091,closest_real_wood_product
geeta_rao,Gujarat,Leather Bowl,Navsari,Leather Craft,Handicraft,Leather,Small,3.5,205,415,562,07-04-2025,Medium,4,Monsoon,Craft Study,https://www.pinterest.com/pin/175992297932351632/,direct_match_or_product_page
sameer_merchant,Gujarat,Leather Fibre Mat,Navsari,Leather Craft,Handicraft,Leather,Large,17.5,450,1455,3179,07-04-2025,High,16,Monsoon,Marketplace,https://www.spoilmesilly.in/cdn/shop/files/ACBA425H_600x.jpg?v=1737443960,closest_real_leather_product
geeta_dey,Gujarat,Bamboo Box,Panchmahal,Bamboo & Cane,Handicraft,Bamboo,Small,3.2,92,279,520,07-05-2025,Low,2,Monsoon,Marketplace,https://banjaramarket.com/cdn/shop/files/udaan-bamboo-utility-box-112916.jpg?v=1725706897&width=1946,direct_match_or_product_page
sanjay_ahmed,Gujarat,Cotton Shawl,Panchmahal,Handloom & Textiles,Handloom,Cotton,Small,2.2,176,376,636,07-05-2025,Medium,13,Monsoon,Government,https://cdn.shopify.com/s/files/1/0674/4352/3842/files/handloom-silk-weaving-india.png?v=1768110514,closest_real_textile_product
veena_malhotra,Gujarat,Wooden Bowl,Patan,Woodcraft & Carving,Handicraft,Wood,Medium,7.6,188,512,928,07-06-2025,Medium,3,Monsoon,Artisan Survey,https://seepi.in/cdn/shop/products/Elephant_Toy_with_Wheels_-_Varanasi_1600x.jpg?v=1623405091,closest_real_wood_product
suresh_gupta,Gujarat,Handloom Saree,Patan,Handloom & Textiles,Handloom,Textile,Small,3,115,337,467,07-06-2025,Low,16,Monsoon,Government,https://cdn.shopify.com/s/files/1/0674/4352/3842/files/handloom-silk-weaving-india.png?v=1768110514,closest_real_textile_product
shreya_dey,Gujarat,Bamboo Mat,Patan,Bamboo & Cane,Handicraft,Bamboo,Small,3.5,117,381,571,07-06-2025,High,20,Monsoon,Government,https://themeghalayanage.store/cdn/shop/files/PER_8573_S.jpg?v=1741849809&width=940,closest_real_bamboo_product
vikram_menon,Gujarat,Cotton Lamp,Patan,Handloom & Textiles,Handloom,Cotton,Medium,6.4,239,591,1111,07-07-2025,High,9,Monsoon,Marketplace,https://themeghalayanage.store/cdn/shop/files/PER_8573_S.jpg?v=1741849809&width=940,closest_real_fibre_product
nisha_hassan,Gujarat,Wooden Statue,Porbandar,Woodcraft & Carving,Handicraft,Wood,Medium,6.8,200,666,1190,07-07-2025,Low,5,Monsoon,Marketplace,https://seepi.in/cdn/shop/products/Elephant_Toy_with_Wheels_-_Varanasi_1600x.jpg?v=1623405091,closest_real_wood_product
navya_roy,Gujarat,Wooden Belt,Rajkot,Woodcraft & Carving,Handicraft,Wood,Large,18.8,266,1245,2514,07-08-2025,Low,9,Monsoon,Craft Study,https://seepi.in/cdn/shop/products/Elephant_Toy_with_Wheels_-_Varanasi_1600x.jpg?v=1623405091,closest_real_wood_product
sameer_hassan,Gujarat,Wooden Panel,Rajkot,Woodcraft & Carving,Handicraft,Wood,Small,3.6,129,319,609,07-08-2025,High,14,Monsoon,Artisan Survey,https://seepi.in/cdn/shop/products/Elephant_Toy_with_Wheels_-_Varanasi_1600x.jpg?v=1623405091,closest_real_wood_product
amrita_bhat,Gujarat,Leather Fibre Bag,Surat,Leather Craft,Handicraft,Leather,Medium,7.4,296,855,1591,07-09-2025,Low,15,Monsoon,Artisan Survey,https://www.spoilmesilly.in/cdn/shop/files/ACBA425H_600x.jpg?v=1737443960,closest_real_leather_product
karthik_patel,Gujarat,Lacquer Bowl,Surat,Other Traditional Art,Handicraft,Mixed,Medium,8.7,128,637,1301,07-09-2025,Low,13,Monsoon,Government,https://giri.in/cdn/shop/files/650741_Pot_Terracotta_Clay_2.75_Inch_1_1200x1200.webp?v=1743076302,closest_real_craft_product
sunita_kapoor,Gujarat,Cotton Fabric,Surat,Handloom & Textiles,Handloom,Cotton,Medium,10.4,253,801,1128,07-10-2025,High,12,Monsoon,Marketplace,https://cdn.shopify.com/s/files/1/0674/4352/3842/files/handloom-silk-weaving-india.png?v=1768110514,closest_real_textile_product
seema_menon,Gujarat,Leather Doll,Surendranagar,Leather Craft,Handicraft,Leather,Medium,7.7,298,850,1647,07-10-2025,High,13,Monsoon,Craft Study,https://www.spoilmesilly.in/cdn/shop/files/ACBA425H_600x.jpg?v=1737443960,closest_real_leather_product
hari_ali,Gujarat,Cotton Fabric,Surendranagar,Handloom & Textiles,Handloom,Cotton,Medium,9.1,197,834,1633,07-11-2025,Medium,5,Monsoon,Marketplace,https://cdn.shopify.com/s/files/1/0674/4352/3842/files/handloom-silk-weaving-india.png?v=1768110514,closest_real_textile_product
shruti_bhat,Gujarat,Bamboo Box,Surendranagar,Bamboo & Cane,Handicraft,Bamboo,Large,23.5,218,1649,2612,07-11-2025,Medium,5,Monsoon,Artisan Survey,https://banjaramarket.com/cdn/shop/files/udaan-bamboo-utility-box-112916.jpg?v=1725706897&width=1946,direct_match_or_product_page
anjum_ali,Gujarat,Clay Planter,Tapi,Pottery & Terracotta,Handicraft,Clay,Small,4.1,231,414,628,07-12-2025,High,19,Monsoon,Marketplace,https://giri.in/cdn/shop/files/650741_Pot_Terracotta_Clay_2.75_Inch_1_1200x1200.webp?v=1743076302,closest_real_terracotta_product
shreya_ghosh,Gujarat,Leather Tray,Tapi,Leather Craft,Handicraft,Leather,Small,5.6,219,514,787,07-12-2025,Medium,12,Monsoon,Government,https://indiacircus.com/damask-print-leather-tray.html,direct_match_or_product_page
darshan_nair,Gujarat,Leather Jutti,Tapi,Leather Craft,Handicraft,Leather,Medium,10.6,148,816,1239,7/13/2025,Medium,18,Monsoon,Marketplace,https://www.spoilmesilly.in/cdn/shop/files/ACBA425H_600x.jpg?v=1737443960,closest_real_leather_product
anita_ghosh,Gujarat,Wooden Lamp,Tapi,Woodcraft & Carving,Handicraft,Wood,Large,10.8,331,851,1528,7/13/2025,High,13,Monsoon,Government,https://seepi.in/cdn/shop/products/Elephant_Toy_with_Wheels_-_Varanasi_1600x.jpg?v=1623405091,closest_real_wood_product
anita_gupta,Gujarat,Cotton Fibre Basket,Tapi,Handloom & Textiles,Handloom,Cotton,Small,3.7,153,398,583,7/14/2025,Medium,10,Monsoon,Government,https://themeghalayanage.store/cdn/shop/files/PER_8573_S.jpg?v=1741849809&width=940,closest_real_fibre_product
vikram_sharma,Gujarat,Cotton Bangle,Vadodara,Handloom & Textiles,Handloom,Cotton,Medium,9.9,231,894,1708,7/14/2025,Medium,12,Monsoon,Government,https://themeghalayanage.store/cdn/shop/files/PER_8573_S.jpg?v=1741849809&width=940,closest_real_fibre_product
pallavi_murthy,Gujarat,Bamboo Stole,Vadodara,Bamboo & Cane,Handicraft,Bamboo,Large,23.8,163,1308,1883,7/15/2025,Medium,14,Monsoon,Government,https://themeghalayanage.store/cdn/shop/files/PER_8573_S.jpg?v=1741849809&width=940,closest_real_bamboo_product
dinesh_bhat,Gujarat,Wooden Lamp,Valsad,Woodcraft & Carving,Handicraft,Wood,Medium,8.2,161,518,711,7/15/2025,Medium,4,Monsoon,Marketplace,https://seepi.in/cdn/shop/products/Elephant_Toy_with_Wheels_-_Varanasi_1600x.jpg?v=1623405091,closest_real_wood_product
darshan_pandey,Gujarat,Leather Fabric,Valsad,Leather Craft,Handicraft,Leather,Large,11.3,493,926,1501,7/16/2025,Medium,10,Monsoon,Craft Study,https://www.spoilmesilly.in/cdn/shop/files/ACBA425H_600x.jpg?v=1737443960,closest_real_leather_product
shreya_ali,Gujarat,Bamboo Basket,Valsad,Bamboo & Cane,Handicraft,Bamboo,Medium,8.9,126,626,947,7/16/2025,Medium,15,Monsoon,Marketplace,https://themeghalayanage.store/cdn/shop/files/PER_8573_S.jpg?v=1741849809&width=940,direct_match_or_product_page
savita_sinha,Haryana,Clay Pot,Ambala,Pottery & Terracotta,Handicraft,Clay,Medium,5.9,154,584,1279,7/17/2025,Medium,2,Monsoon,Artisan Survey,https://giri.in/cdn/shop/files/650741_Pot_Terracotta_Clay_2.75_Inch_1_1200x1200.webp?v=1743076302,direct_match_or_product_page
vishal_ghosh,Haryana,Clay Lamp,Ambala,Pottery & Terracotta,Handicraft,Clay,Small,5,79,465,748,7/17/2025,High,2,Monsoon,Marketplace,https://www.amalfieeceramics.com/cdn/shop/products/Amalfiee-Handmade-Terracotta-Ganpati-Diya-Lamp-set-of-4-Amalfiee_Ceramics-1678917314_1400x.jpg?v=1678917316,direct_match_or_product_page
pallavi_rao,Haryana,Clay Puppet,Bhiwani,Pottery & Terracotta,Handicraft,Clay,Large,17.1,174,867,1334,7/18/2025,Medium,4,Monsoon,Government,https://giri.in/cdn/shop/files/650741_Pot_Terracotta_Clay_2.75_Inch_1_1200x1200.webp?v=1743076302,closest_real_terracotta_product
geeta_chandra,Haryana,Clay Statue,Bhiwani,Pottery & Terracotta,Handicraft,Clay,Medium,10.1,95,593,900,7/18/2025,Low,12,Monsoon,Government,https://giri.in/cdn/shop/files/650741_Pot_Terracotta_Clay_2.75_Inch_1_1200x1200.webp?v=1743076302,closest_real_terracotta_product
bhavesh_pandey,Haryana,Cotton Fibre Mat,Bhiwani,Handloom & Textiles,Handloom,Cotton,Medium,11.1,261,952,1588,7/19/2025,Medium,5,Monsoon,Craft Study,https://themeghalayanage.store/cdn/shop/files/PER_8573_S.jpg?v=1741849809&width=940,closest_real_fibre_product
arjun_hassan,Haryana,Lacquer Toy,Charkhi Dadri,Other Traditional Art,Handicraft,Mixed,Medium,9.4,165,706,1317,7/19/2025,Medium,9,Monsoon,Marketplace,https://giri.in/cdn/shop/files/650741_Pot_Terracotta_Clay_2.75_Inch_1_1200x1200.webp?v=1743076302,closest_real_craft_product
neha_patel,Haryana,Wooden Saree,Charkhi Dadri,Woodcraft & Carving,Handicraft,Wood,Medium,9.3,215,763,1537,7/20/2025,High,3,Monsoon,Craft Study,https://cdn.shopify.com/s/files/1/0674/4352/3842/files/handloom-silk-weaving-india.png?v=1768110514,closest_real_textile_product
savita_hassan,Haryana,Cotton Tray,Faridabad,Handloom & Textiles,Handloom,Cotton,Medium,10.3,262,1006,1670,7/20/2025,Medium,6,Monsoon,Government,https://themeghalayanage.store/cdn/shop/files/PER_8573_S.jpg?v=1741849809&width=940,closest_real_fibre_product
ashok_nair,Haryana,Cotton dupatta,Faridabad,Handloom & Textiles,Handloom,Cotton,Medium,10.9,258,914,1720,7/21/2025,Medium,1,Monsoon,Artisan Survey,https://cdn.shopify.com/s/files/1/0674/4352/3842/files/handloom-silk-weaving-india.png?v=1768110514,closest_real_textile_product
ananya_rahman,Haryana,Cotton Tray,Fatehabad,Handloom & Textiles,Handloom,Cotton,Large,22.2,392,1577,2775,7/21/2025,High,17,Monsoon,Artisan Survey,https://themeghalayanage.store/cdn/shop/files/PER_8573_S.jpg?v=1741849809&width=940,closest_real_fibre_product
kavita_patel,Haryana,Wooden Vase,Fatehabad,Woodcraft & Carving,Handicraft,Wood,Medium,5.3,191,649,1343,7/22/2025,Low,10,Monsoon,Craft Study,https://seepi.in/cdn/shop/products/Elephant_Toy_with_Wheels_-_Varanasi_1600x.jpg?v=1623405091,closest_real_wood_product
anjali_ali,Haryana,Wooden Bowl,Gurugram,Woodcraft & Carving,Handicraft,Wood,Medium,8.9,164,581,1065,7/22/2025,Low,4,Monsoon,Government,https://seepi.in/cdn/shop/products/Elephant_Toy_with_Wheels_-_Varanasi_1600x.jpg?v=1623405091,closest_real_wood_product
nisha_gupta,Haryana,Leather Shoes,Gurugram,Leather Craft,Handicraft,Leather,Small,2.9,218,471,752,7/23/2025,High,11,Monsoon,Craft Study,https://www.spoilmesilly.in/cdn/shop/files/ACBA425H_600x.jpg?v=1737443960,closest_real_leather_product
arjun_sharma,Haryana,Stone Carving,Hisar,Other Traditional Art,Handicraft,Mixed,Medium,11,168,776,1512,7/23/2025,Medium,19,Monsoon,Marketplace,https://giri.in/cdn/shop/files/650741_Pot_Terracotta_Clay_2.75_Inch_1_1200x1200.webp?v=1743076302,closest_real_craft_product
anjali_roy,Haryana,Wooden Fibre Bag,Hisar,Woodcraft & Carving,Handicraft,Wood,Medium,9.5,186,752,1539,7/24/2025,High,17,Monsoon,Artisan Survey,https://seepi.in/cdn/shop/products/Elephant_Toy_with_Wheels_-_Varanasi_1600x.jpg?v=1623405091,closest_real_wood_product
rajesh_rao,Haryana,Bamboo Box,Hisar,Bamboo & Cane,Handicraft,Bamboo,Small,3.7,97,378,660,7/24/2025,High,18,Monsoon,Marketplace,https://banjaramarket.com/cdn/shop/files/udaan-bamboo-utility-box-112916.jpg?v=1725706897&width=1946,direct_match_or_product_page
sanjay_singh,Haryana,Clay Shawl,Jhajjar,Pottery & Terracotta,Handicraft,Clay,Small,2.8,62,235,514,7/25/2025,High,9,Monsoon,Marketplace,https://giri.in/cdn/shop/files/650741_Pot_Terracotta_Clay_2.75_Inch_1_1200x1200.webp?v=1743076302,closest_real_terracotta_product
arun_gupta,Haryana,Wooden Toy,Jind,Woodcraft & Carving,Handicraft,Wood,Medium,7.4,147,579,1214,7/25/2025,Low,8,Monsoon,Marketplace,https://seepi.in/cdn/shop/products/Elephant_Toy_with_Wheels_-_Varanasi_1600x.jpg?v=1623405091,direct_match_or_product_page
akshay_malik,Haryana,Cotton Saree,Jind,Handloom & Textiles,Handloom,Cotton,Medium,9.9,308,821,1246,7/26/2025,High,7,Monsoon,Artisan Survey,https://cdn.shopify.com/s/files/1/0674/4352/3842/files/handloom-silk-weaving-india.png?v=1768110514,closest_real_textile_product
bhavesh_khan,Haryana,Leather Lamp,Kaithal,Leather Craft,Handicraft,Leather,Medium,6.4,280,740,1494,7/26/2025,High,7,Monsoon,Government,https://www.spoilmesilly.in/cdn/shop/files/ACBA425H_600x.jpg?v=1737443960,closest_real_leather_product
divya_ghosh,Haryana,Clay Bowl,Kaithal,Pottery & Terracotta,Handicraft,Clay,Small,2.4,186,400,744,7/27/2025,Medium,19,Monsoon,Marketplace,https://www.desiclik.com/images/P/91269_clay_katori_bowl.jpg,direct_match_or_product_page
manish_khan,Haryana,Bamboo Plate,Karnal,Bamboo & Cane,Handicraft,Bamboo,Small,5.6,76,403,727,7/27/2025,High,3,Monsoon,Marketplace,https://themeghalayanage.store/cdn/shop/files/PER_8573_S.jpg?v=1741849809&width=940,closest_real_bamboo_product
dinesh_menon,Haryana,Cotton Bag,Karnal,Handloom & Textiles,Handloom,Cotton,Small,5.1,176,562,1004,7/28/2025,Medium,18,Monsoon,Artisan Survey,https://themeghalayanage.store/cdn/shop/files/PER_8573_S.jpg?v=1741849809&width=940,closest_real_fibre_product
sameer_gupta,Haryana,Stone Bowl,Karnal,Other Traditional Art,Handicraft,Mixed,Medium,6.4,153,598,1241,7/28/2025,High,19,Monsoon,Marketplace,https://giri.in/cdn/shop/files/650741_Pot_Terracotta_Clay_2.75_Inch_1_1200x1200.webp?v=1743076302,closest_real_craft_product
anita_dey,Haryana,Leather Fibre Basket,Kurukshetra,Leather Craft,Handicraft,Leather,Large,14.1,388,1098,2052,7/29/2025,Medium,17,Monsoon,Artisan Survey,https://www.spoilmesilly.in/cdn/shop/files/ACBA425H_600x.jpg?v=1737443960,closest_real_leather_product
seema_gupta,Haryana,Wooden Bowl,Kurukshetra,Woodcraft & Carving,Handicraft,Wood,Small,5.9,108,385,696,7/29/2025,Medium,13,Monsoon,Marketplace,https://seepi.in/cdn/shop/products/Elephant_Toy_with_Wheels_-_Varanasi_1600x.jpg?v=1623405091,closest_real_wood_product
ramesh_malhotra,Haryana,Leather Fabric,Mahendragarh,Leather Craft,Handicraft,Leather,Medium,10,284,820,1141,7/30/2025,Low,18,Monsoon,Artisan Survey,https://www.spoilmesilly.in/cdn/shop/files/ACBA425H_600x.jpg?v=1737443960,closest_real_leather_product
varun_nair,Haryana,Wooden Box,Mewat,Woodcraft & Carving,Handicraft,Wood,Small,4.4,114,294,509,7/30/2025,High,1,Monsoon,Artisan Survey,https://seepi.in/cdn/shop/products/Elephant_Toy_with_Wheels_-_Varanasi_1600x.jpg?v=1623405091,closest_real_wood_product
priya_ghosh,Haryana,Leather Saree,Mewat,Leather Craft,Handicraft,Leather,Small,3.2,215,368,781,7/30/2025,Medium,17,Monsoon,Artisan Survey,https://atbw.shop/cdn/shop/files/DEV02760-Edit-min.jpg?v=1758731714&width=1500,real_leather_saree_product_image
sameer_mishra,Haryana,Leather Mat,Palwal,Leather Craft,Handicraft,Leather,Small,3.2,221,467,913,7/31/2025,Low,11,Monsoon,Artisan Survey,https://www.spoilmesilly.in/cdn/shop/files/ACBA425H_600x.jpg?v=1737443960,closest_real_leather_product
akshay_rahman,Haryana,Wooden Lamp,Panchkula,Woodcraft & Carving,Handicraft,Wood,Small,2.2,117,280,390,7/31/2025,Low,20,Monsoon,Marketplace,https://seepi.in/cdn/shop/products/Elephant_Toy_with_Wheels_-_Varanasi_1600x.jpg?v=1623405091,closest_real_wood_product
vikram_rahman,Haryana,Clay Statue,Panchkula,Pottery & Terracotta,Handicraft,Clay,Medium,10.1,106,653,1372,08-01-2025,High,2,Monsoon,Government,https://giri.in/cdn/shop/files/650741_Pot_Terracotta_Clay_2.75_Inch_1_1200x1200.webp?v=1743076302,closest_real_terracotta_product
ashish_singh,Haryana,Wooden Wallet,Panipat,Woodcraft & Carving,Handicraft,Wood,Large,10.6,260,973,1997,08-01-2025,Low,19,Monsoon,Artisan Survey,https://seepi.in/cdn/shop/products/Elephant_Toy_with_Wheels_-_Varanasi_1600x.jpg?v=1623405091,closest_real_wood_product
laxmi_sen,Haryana,Clay Panel,Rewari,Pottery & Terracotta,Handicraft,Clay,Small,2,67,250,454,08-02-2025,Medium,12,Monsoon,Government,https://giri.in/cdn/shop/files/650741_Pot_Terracotta_Clay_2.75_Inch_1_1200x1200.webp?v=1743076302,closest_real_terracotta_product
ritika_merchant,Haryana,Natural Fibre Mat,Rewari,Other Traditional Art,Handicraft,Mixed,Medium,10.1,174,911,1247,08-02-2025,Medium,3,Monsoon,Government,https://themeghalayanage.store/cdn/shop/files/PER_8573_S.jpg?v=1741849809&width=940,closest_real_fibre_product
amit_pandey,Haryana,Wooden Bangle,Rohtak,Woodcraft & Carving,Handicraft,Wood,Medium,11.6,187,1055,1929,08-03-2025,Medium,11,Monsoon,Artisan Survey,https://seepi.in/cdn/shop/products/Elephant_Toy_with_Wheels_-_Varanasi_1600x.jpg?v=1623405091,closest_real_wood_product
nisha_kapoor,Haryana,Bamboo Stole,Sirsa,Bamboo & Cane,Handicraft,Bamboo,Large,20.6,223,1453,2029,08-03-2025,Medium,1,Monsoon,Marketplace,https://themeghalayanage.store/cdn/shop/files/PER_8573_S.jpg?v=1741849809&width=940,closest_real_bamboo_product
ashish_ahmed,Haryana,Wooden Bowl,Sirsa,Woodcraft & Carving,Handicraft,Wood,Medium,8.3,139,800,1298,08-04-2025,Medium,2,Monsoon,Marketplace,https://seepi.in/cdn/shop/products/Elephant_Toy_with_Wheels_-_Varanasi_1600x.jpg?v=1623405091,closest_real_wood_product
nikhil_reddy,Haryana,Bamboo Saree,Sonipat,Bamboo & Cane,Handicraft,Bamboo,Small,3.9,81,368,694,08-04-2025,High,11,Monsoon,Craft Study,https://themeghalayanage.store/cdn/shop/files/PER_8573_S.jpg?v=1741849809&width=940,closest_real_bamboo_product
anjali_ahmed,Haryana,Wooden Box,Sonipat,Woodcraft & Carving,Handicraft,Wood,Medium,8.1,183,586,1246,08-05-2025,High,17,Monsoon,Government,https://seepi.in/cdn/shop/products/Elephant_Toy_with_Wheels_-_Varanasi_1600x.jpg?v=1623405091,closest_real_wood_product
ashish_khan,Haryana,Clay Planter,Sonipat,Pottery & Terracotta,Handicraft,Clay,Small,3.3,71,367,607,08-05-2025,Medium,3,Monsoon,Government,https://giri.in/cdn/shop/files/650741_Pot_Terracotta_Clay_2.75_Inch_1_1200x1200.webp?v=1743076302,closest_real_terracotta_product
ramesh_datta,Haryana,Clay Tray,Yamunanagar,Pottery & Terracotta,Handicraft,Clay,Large,17.3,192,914,1902,08-06-2025,Medium,6,Monsoon,Government,https://giri.in/cdn/shop/files/650741_Pot_Terracotta_Clay_2.75_Inch_1_1200x1200.webp?v=1743076302,closest_real_terracotta_product
ananya_sen,Haryana,Leather Belt,Yamunanagar,Leather Craft,Handicraft,Leather,Medium,8,267,788,1679,08-06-2025,Medium,8,Monsoon,Government,https://www.anamexim.com/cdn/shop/files/03.jpg?v=1723280506&width=1946,direct_match_or_product_page
nisha_desai,Himachal Pradesh,Bamboo Lamp,Bilaspur,Bamboo & Cane,Handicraft,Bamboo,Medium,9.2,138,675,923,08-07-2025,High,11,Monsoon,Artisan Survey,https://www.claymango.com/cdn/shop/products/IMG-20221025-WA0011.jpg?v=1677751374,direct_match_or_product_page
seema_patel,Himachal Pradesh,Natural Fibre Bag,Chamba,Other Traditional Art,Handicraft,Mixed,Small,5.6,121,350,544,08-07-2025,Medium,1,Monsoon,Artisan Survey,https://themeghalayanage.store/cdn/shop/files/PER_8573_S.jpg?v=1741849809&width=940,closest_real_fibre_product
divya_syed,Himachal Pradesh,Clay Toy,Hamirpur,Pottery & Terracotta,Handicraft,Clay,Medium,12,104,661,1291,08-08-2025,Medium,13,Monsoon,Marketplace,https://giri.in/cdn/shop/files/650741_Pot_Terracotta_Clay_2.75_Inch_1_1200x1200.webp?v=1743076302,closest_real_terracotta_product
ananya_desai,Himachal Pradesh,Bamboo Saree,Kangra,Bamboo & Cane,Handicraft,Bamboo,Large,11.1,186,1045,2083,08-08-2025,High,10,Monsoon,Government,https://themeghalayanage.store/cdn/shop/files/PER_8573_S.jpg?v=1741849809&width=940,closest_real_bamboo_product
anjali_pandey,Himachal Pradesh,Wooden Doll,Kangra,Woodcraft & Carving,Handicraft,Wood,Medium,7.7,155,600,1010,08-09-2025,Low,20,Monsoon,Marketplace,https://seepi.in/cdn/shop/products/Elephant_Toy_with_Wheels_-_Varanasi_1600x.jpg?v=1623405091,closest_real_wood_product
meera_kapoor,Himachal Pradesh,Cotton Fabric,Kinnaur,Handloom & Textiles,Handloom,Cotton,Medium,6.3,143,496,946,08-09-2025,Medium,7,Monsoon,Government,https://cdn.shopify.com/s/files/1/0674/4352/3842/files/handloom-silk-weaving-india.png?v=1768110514,closest_real_textile_product
ritika_bhat,Himachal Pradesh,Clay Basket,Kullu,Pottery & Terracotta,Handicraft,Clay,Large,14.9,181,843,1577,08-10-2025,Low,10,Monsoon,Artisan Survey,https://giri.in/cdn/shop/files/650741_Pot_Terracotta_Clay_2.75_Inch_1_1200x1200.webp?v=1743076302,closest_real_terracotta_product
divya_das,Himachal Pradesh,Wooden Pot,Lahaul & Spiti,Woodcraft & Carving,Handicraft,Wood,Large,14,295,1057,2092,08-10-2025,Medium,2,Monsoon,Marketplace,https://seepi.in/cdn/shop/products/Elephant_Toy_with_Wheels_-_Varanasi_1600x.jpg?v=1623405091,closest_real_wood_product
nikhil_malhotra,Himachal Pradesh,Metal Lamp,Mandi,Metal Craft & Dhokra,Handicraft,Metal,Small,2.7,247,475,931,08-11-2025,Medium,19,Monsoon,Government,https://giri.in/cdn/shop/files/650741_Pot_Terracotta_Clay_2.75_Inch_1_1200x1200.webp?v=1743076302,closest_real_craft_product
jitendra_ali,Himachal Pradesh,Clay Jutti,Shimla,Leather Craft,Handicraft,Leather,Medium,10.3,107,797,1134,08-11-2025,High,17,Monsoon,Artisan Survey,https://giri.in/cdn/shop/files/650741_Pot_Terracotta_Clay_2.75_Inch_1_1200x1200.webp?v=1743076302,closest_real_terracotta_product
darshan_patel,Himachal Pradesh,Cotton Statue,Sirmaur,Handloom & Textiles,Handloom,Cotton,Medium,8.5,227,675,1002,08-12-2025,Medium,8,Monsoon,Artisan Survey,https://themeghalayanage.store/cdn/shop/files/PER_8573_S.jpg?v=1741849809&width=940,closest_real_fibre_product
ashish_pandey,Himachal Pradesh,Natural Fibre Basket,Solan,Other Traditional Art,Handicraft,Mixed,Medium,11.4,330,895,1309,08-12-2025,Low,10,Monsoon,Government,https://themeghalayanage.store/cdn/shop/files/PER_8573_S.jpg?v=1741849809&width=940,closest_real_fibre_product
ashok_kulkarni,Himachal Pradesh,Leather Box,Una,Leather Craft,Handicraft,Leather,Small,2.1,201,378,810,8/13/2025,High,18,Monsoon,Marketplace,https://www.amarkutir.in/custom-images/products/leather/product-images/26.png,direct_match_or_product_page
shreya_desai,Jammu and Kashmir,Wooden Shawl,Anantnag,Woodcraft & Carving,Handicraft,Wood,Small,2.3,147,327,695,8/13/2025,High,6,Monsoon,Marketplace,https://cdn.shopify.com/s/files/1/0674/4352/3842/files/handloom-silk-weaving-india.png?v=1768110514,closest_real_textile_product
sandeep_ali,Jammu and Kashmir,Leather Lamp,Bandipora,Leather Craft,Handicraft,Leather,Large,15.6,410,1452,2944,8/14/2025,Medium,5,Monsoon,Government,https://www.spoilmesilly.in/cdn/shop/files/ACBA425H_600x.jpg?v=1737443960,closest_real_leather_product
ritika_murthy,Jammu and Kashmir,Wooden Fabric,Baramulla,Woodcraft & Carving,Handicraft,Wood,Large,11.1,343,1066,1545,8/14/2025,High,5,Monsoon,Government,https://cdn.shopify.com/s/files/1/0674/4352/3842/files/handloom-silk-weaving-india.png?v=1768110514,closest_real_textile_product
akshay_ali,Jammu and Kashmir,Leather Tray,Budgam,Leather Craft,Handicraft,Leather,Large,13.7,508,1211,2226,8/15/2025,Medium,15,Monsoon,Artisan Survey,https://indiacircus.com/damask-print-leather-tray.html,direct_match_or_product_page
savita_patel,Jammu and Kashmir,Bamboo Vase,Doda,Bamboo & Cane,Handicraft,Bamboo,Large,23.8,221,1591,2401,8/15/2025,Medium,5,Monsoon,Craft Study,https://theheritageartifacts.com/cdn/shop/products/DSC_0524_dc6cc377-e6a4-4889-bdc4-82bdffd240d3_2000x2667.jpg?v=1679501593,direct_match_or_product_page
navya_hegde,Jammu and Kashmir,Wooden Bowl,Ganderbal,Woodcraft & Carving,Handicraft,Wood,Medium,6.5,183,570,948,8/16/2025,Low,2,Monsoon,Marketplace,https://seepi.in/cdn/shop/products/Elephant_Toy_with_Wheels_-_Varanasi_1600x.jpg?v=1623405091,closest_real_wood_product
ravi_mishra,Jammu and Kashmir,Leather Puppet,Jammu,Leather Craft,Handicraft,Leather,Medium,6.4,171,579,913,8/16/2025,Low,4,Monsoon,Marketplace,https://theindiacrafthouse.com/products/andhra-leather-craft-string-puppet-vighnaharta-height-24-inches-ssap01b,direct_match_or_product_page
anjali_menon,Jammu and Kashmir,Cotton Carving,Kathua,Handloom & Textiles,Handloom,Cotton,Medium,9,211,753,1547,8/17/2025,High,20,Monsoon,Marketplace,https://themeghalayanage.store/cdn/shop/files/PER_8573_S.jpg?v=1741849809&width=940,closest_real_fibre_product
hari_kulkarni,Jammu and Kashmir,Natural Fibre Mat,Kathua,Other Traditional Art,Handicraft,Mixed,Medium,8.5,335,923,1359,8/17/2025,High,18,Monsoon,Marketplace,https://themeghalayanage.store/cdn/shop/files/PER_8573_S.jpg?v=1741849809&width=940,closest_real_fibre_product
vikram_ali,Jammu and Kashmir,Cotton Bowl,Kishtwar,Handloom & Textiles,Handloom,Cotton,Medium,9.1,198,716,1360,8/18/2025,Medium,20,Monsoon,Government,https://themeghalayanage.store/cdn/shop/files/PER_8573_S.jpg?v=1741849809&width=940,closest_real_fibre_product
navya_rahman,Jammu and Kashmir,Handloom Fabric,Kulgam,Handloom & Textiles,Handloom,Textile,Small,3.5,101,361,789,8/18/2025,Low,6,Monsoon,Marketplace,https://cdn.shopify.com/s/files/1/0674/4352/3842/files/handloom-silk-weaving-india.png?v=1768110514,closest_real_textile_product
hemant_nair,Jammu and Kashmir,Leather Tray,Kupwara,Leather Craft,Handicraft,Leather,Medium,10.8,282,845,1634,8/19/2025,High,9,Monsoon,Craft Study,https://indiacircus.com/damask-print-leather-tray.html,direct_match_or_product_page
anita_kapoor,Jammu and Kashmir,Leather dupatta,Poonch,Leather Craft,Handicraft,Leather,Small,2.6,189,312,442,8/19/2025,Low,10,Monsoon,Artisan Survey,https://www.spoilmesilly.in/cdn/shop/files/ACBA425H_600x.jpg?v=1737443960,closest_real_leather_product
navya_kulkarni,Jammu and Kashmir,Clay Lamp,Pulwama,Pottery & Terracotta,Handicraft,Clay,Small,3.7,69,295,626,8/20/2025,Medium,11,Monsoon,Craft Study,https://www.amalfieeceramics.com/cdn/shop/products/Amalfiee-Handmade-Terracotta-Ganpati-Diya-Lamp-set-of-4-Amalfiee_Ceramics-1678917314_1400x.jpg?v=1678917316,direct_match_or_product_page
ashok_mishra,Jammu and Kashmir,Clay Bowl,Rajouri,Pottery & Terracotta,Handicraft,Clay,Medium,9.8,114,713,1352,8/20/2025,Low,1,Monsoon,Government,https://www.desiclik.com/images/P/91269_clay_katori_bowl.jpg,direct_match_or_product_page
akshay_sen,Jammu and Kashmir,Metal Plate,Ramban,Metal Craft & Dhokra,Handicraft,Metal,Medium,11.1,282,971,1687,8/21/2025,Low,12,Monsoon,Marketplace,https://giri.in/cdn/shop/files/650741_Pot_Terracotta_Clay_2.75_Inch_1_1200x1200.webp?v=1743076302,closest_real_craft_product
neha_khanduja,Jammu and Kashmir,Leather Shoes,Reasi,Leather Craft,Handicraft,Leather,Small,3.5,218,479,915,8/21/2025,Medium,1,Monsoon,Marketplace,https://www.spoilmesilly.in/cdn/shop/files/ACBA425H_600x.jpg?v=1737443960,closest_real_leather_product
hari_sharma,Jammu and Kashmir,Leather Bowl,Samba,Leather Craft,Handicraft,Leather,Large,17.9,392,1518,3184,8/22/2025,High,6,Monsoon,Government,https://www.pinterest.com/pin/175992297932351632/,direct_match_or_product_page
hemant_datta,Jammu and Kashmir,Wooden Fibre Bag,Shopian,Woodcraft & Carving,Handicraft,Wood,Large,11,322,845,1483,8/22/2025,Medium,6,Monsoon,Government,https://seepi.in/cdn/shop/products/Elephant_Toy_with_Wheels_-_Varanasi_1600x.jpg?v=1623405091,closest_real_wood_product
ramesh_syed,Jammu and Kashmir,Lacquer Bangle,Srinagar,Jewellery & Beads,Handicraft,Lac,Small,2.7,237,446,804,8/22/2025,Medium,14,Monsoon,Artisan Survey,https://giri.in/cdn/shop/files/650741_Pot_Terracotta_Clay_2.75_Inch_1_1200x1200.webp?v=1743076302,closest_real_craft_product
mohan_joshi,Jammu and Kashmir,Wooden Stole,Udhampur,Woodcraft & Carving,Handicraft,Wood,Small,2.3,125,309,536,8/23/2025,High,18,Monsoon,Artisan Survey,https://cdn.shopify.com/s/files/1/0674/4352/3842/files/handloom-silk-weaving-india.png?v=1768110514,closest_real_textile_product
amit_malik,Jharkhand,Bamboo Toy,Bokaro,Bamboo & Cane,Handicraft,Bamboo,Small,4.9,93,425,600,8/23/2025,Medium,14,Monsoon,Marketplace,https://themeghalayanage.store/cdn/shop/files/PER_8573_S.jpg?v=1741849809&width=940,closest_real_bamboo_product
seema_sinha,Jharkhand,Leather Saree,Chatra,Leather Craft,Handicraft,Leather,Medium,7,328,730,1474,8/24/2025,High,9,Monsoon,Government,https://atbw.shop/cdn/shop/files/DEV02760-Edit-min.jpg?v=1758731714&width=1500,real_leather_saree_product_image
divya_desai,Jharkhand,Cotton Mat,Deogarh,Handloom & Textiles,Handloom,Cotton,Large,20.1,398,1265,1844,8/24/2025,Medium,11,Monsoon,Marketplace,https://themeghalayanage.store/cdn/shop/files/PER_8573_S.jpg?v=1741849809&width=940,closest_real_fibre_product
kavya_datta,Jharkhand,Leather Lamp,Dhanbad,Leather Craft,Handicraft,Leather,Small,2.3,193,350,590,8/25/2025,Medium,11,Monsoon,Government,https://www.spoilmesilly.in/cdn/shop/files/ACBA425H_600x.jpg?v=1737443960,closest_real_leather_product
harish_ghosh,Jharkhand,Clay Statue,Dumka,Pottery & Terracotta,Handicraft,Clay,Medium,11,102,821,1378,8/25/2025,Medium,3,Monsoon,Government,https://giri.in/cdn/shop/files/650741_Pot_Terracotta_Clay_2.75_Inch_1_1200x1200.webp?v=1743076302,closest_real_terracotta_product
harish_reddy,Jharkhand,Cotton Bag,Garhwa,Handloom & Textiles,Handloom,Cotton,Small,5.3,173,621,986,8/26/2025,High,20,Monsoon,Marketplace,https://themeghalayanage.store/cdn/shop/files/PER_8573_S.jpg?v=1741849809&width=940,closest_real_fibre_product
sandeep_kumar,Jharkhand,Bamboo Panel,Giridih,Bamboo & Cane,Handicraft,Bamboo,Medium,5.6,114,450,761,8/26/2025,High,19,Monsoon,Government,https://themeghalayanage.store/cdn/shop/files/PER_8573_S.jpg?v=1741849809&width=940,closest_real_bamboo_product
arvind_rao,Jharkhand,Clay Fibre Basket,Godda,Pottery & Terracotta,Handicraft,Clay,Large,10.3,181,670,1256,8/27/2025,High,5,Monsoon,Craft Study,https://giri.in/cdn/shop/files/650741_Pot_Terracotta_Clay_2.75_Inch_1_1200x1200.webp?v=1743076302,closest_real_terracotta_product
pooja_dey,Jharkhand,Leather Toy,Gumla,Leather Craft,Handicraft,Leather,Small,2.2,189,353,570,8/27/2025,Low,3,Monsoon,Marketplace,https://www.spoilmesilly.in/cdn/shop/files/ACBA425H_600x.jpg?v=1737443960,closest_real_leather_product
savita_syed,Jharkhand,Handloom Saree,Hazaribagh,Handloom & Textiles,Handloom,Textile,Small,5.4,238,652,976,8/28/2025,Medium,4,Monsoon,Government,https://cdn.shopify.com/s/files/1/0674/4352/3842/files/handloom-silk-weaving-india.png?v=1768110514,closest_real_textile_product
mohan_hassan,Jharkhand,Wooden Box,Jamshedpur (East Singhbhum),Woodcraft & Carving,Handicraft,Wood,Medium,6.6,132,502,1049,8/28/2025,High,13,Monsoon,Government,https://seepi.in/cdn/shop/products/Elephant_Toy_with_Wheels_-_Varanasi_1600x.jpg?v=1623405091,closest_real_wood_product
arjun_saxena,Jharkhand,Silk Saree,Jamtara,Handloom & Textiles,Handloom,Silk,Medium,8.8,130,763,1660,8/29/2025,Medium,1,Monsoon,Artisan Survey,https://cdn.shopify.com/s/files/1/0674/4352/3842/files/handloom-silk-weaving-india.png?v=1768110514,direct_match_or_product_page
jitendra_nair,Jharkhand,Leather Box,Khunti,Leather Craft,Handicraft,Leather,Large,16,537,1187,2065,8/29/2025,High,3,Monsoon,Government,https://www.amarkutir.in/custom-images/products/leather/product-images/26.png,direct_match_or_product_page
ritika_desai,Jharkhand,Clay Planter,Koderma,Pottery & Terracotta,Handicraft,Clay,Large,21.1,554,1326,2159,8/30/2025,Medium,13,Monsoon,Government,https://giri.in/cdn/shop/files/650741_Pot_Terracotta_Clay_2.75_Inch_1_1200x1200.webp?v=1743076302,closest_real_terracotta_product
darshan_reddy,Jharkhand,Bamboo Tray,Latehar,Bamboo & Cane,Handicraft,Bamboo,Small,4,97,343,477,8/30/2025,Medium,3,Monsoon,Marketplace,https://silpakarman.com/products/natural-bamboo-tray,direct_match_or_product_page
anjali_singh,Jharkhand,Bamboo Wallet,Lohardaga,Bamboo & Cane,Handicraft,Bamboo,Small,4,99,296,409,8/31/2025,High,2,Monsoon,Government,https://themeghalayanage.store/cdn/shop/files/PER_8573_S.jpg?v=1741849809&width=940,closest_real_bamboo_product
shruti_dey,Jharkhand,Wooden Lamp,Pakur,Woodcraft & Carving,Handicraft,Wood,Medium,11.9,181,986,1660,8/31/2025,Medium,1,Monsoon,Marketplace,https://seepi.in/cdn/shop/products/Elephant_Toy_with_Wheels_-_Varanasi_1600x.jpg?v=1623405091,closest_real_wood_product
savita_singh,Jharkhand,Bamboo Fibre Mat,Palamu,Bamboo & Cane,Handicraft,Bamboo,Small,2.6,80,275,589,09-01-2025,Medium,15,Monsoon,Marketplace,https://themeghalayanage.store/cdn/shop/files/PER_8573_S.jpg?v=1741849809&width=940,closest_real_bamboo_product
suresh_joshi,Jharkhand,Lacquer Box,Ramgarh,Other Traditional Art,Handicraft,Mixed,Large,21.6,215,1206,2377,09-01-2025,Medium,8,Monsoon,Government,https://giri.in/cdn/shop/files/650741_Pot_Terracotta_Clay_2.75_Inch_1_1200x1200.webp?v=1743076302,closest_real_craft_product
pooja_hassan,Jharkhand,Bamboo Shawl,Ranchi,Bamboo & Cane,Handicraft,Bamboo,Medium,5.4,123,421,693,09-02-2025,High,6,Monsoon,Artisan Survey,https://themeghalayanage.store/cdn/shop/files/PER_8573_S.jpg?v=1741849809&width=940,closest_real_bamboo_product
priyanka_sharma,Jharkhand,Wooden Bowl,Sahibganj,Woodcraft & Carving,Handicraft,Wood,Small,3.9,117,391,850,09-02-2025,Medium,13,Monsoon,Marketplace,https://seepi.in/cdn/shop/products/Elephant_Toy_with_Wheels_-_Varanasi_1600x.jpg?v=1623405091,closest_real_wood_product
akshay_khan,Jharkhand,Handloom Saree,Saraikela- Kharsawan,Handloom & Textiles,Handloom,Textile,Large,22.4,565,1645,2820,09-03-2025,Medium,4,Monsoon,Marketplace,https://cdn.shopify.com/s/files/1/0674/4352/3842/files/handloom-silk-weaving-india.png?v=1768110514,closest_real_textile_product
savita_rao,Jharkhand,Bamboo Basket,Simdega,Bamboo & Cane,Handicraft,Bamboo,Small,4.7,89,316,501,09-03-2025,High,11,Monsoon,Government,https://themeghalayanage.store/cdn/shop/files/PER_8573_S.jpg?v=1741849809&width=940,direct_match_or_product_page
rajesh_saxena,Jharkhand,Clay Pot,West Singhbhum (chaibassa),Pottery & Terracotta,Handicraft,Clay,Medium,9.8,135,751,1286,09-04-2025,Medium,10,Monsoon,Marketplace,https://giri.in/cdn/shop/files/650741_Pot_Terracotta_Clay_2.75_Inch_1_1200x1200.webp?v=1743076302,direct_match_or_product_page
shreya_hegde,Karnataka,Cotton Lamp,Bagalkote,Handloom & Textiles,Handloom,Cotton,Medium,6.8,206,555,849,09-04-2025,High,14,Monsoon,Government,https://themeghalayanage.store/cdn/shop/files/PER_8573_S.jpg?v=1741849809&width=940,closest_real_fibre_product
kavita_singh,Karnataka,Clay Belt,Ballari (Bellary),Pottery & Terracotta,Handicraft,Clay,Medium,7.9,92,608,1278,09-05-2025,High,13,Monsoon,Marketplace,https://giri.in/cdn/shop/files/650741_Pot_Terracotta_Clay_2.75_Inch_1_1200x1200.webp?v=1743076302,closest_real_terracotta_product
ananya_hassan,Karnataka,Clay Statue,Ballary,Pottery & Terracotta,Handicraft,Clay,Medium,7.6,93,442,732,09-05-2025,Medium,14,Monsoon,Government,https://giri.in/cdn/shop/files/650741_Pot_Terracotta_Clay_2.75_Inch_1_1200x1200.webp?v=1743076302,closest_real_terracotta_product
prakash_singh,Karnataka,Cotton Fibre Bag,Belagavi (Belgaum),Handloom & Textiles,Handloom,Cotton,Medium,8.7,238,835,1594,09-06-2025,High,5,Monsoon,Craft Study,https://themeghalayanage.store/cdn/shop/files/PER_8573_S.jpg?v=1741849809&width=940,closest_real_fibre_product
akshay_menon,Karnataka,Cotton Bowl,Belagavi,Handloom & Textiles,Handloom,Cotton,Large,16.5,340,1451,2439,09-06-2025,Medium,3,Monsoon,Government,https://themeghalayanage.store/cdn/shop/files/PER_8573_S.jpg?v=1741849809&width=940,closest_real_fibre_product
anjali_rao,Karnataka,Cotton Fabric,Bengaluru (Bangalore) Rural,Handloom & Textiles,Handloom,Cotton,Large,14.6,375,1048,2218,09-07-2025,Low,11,Monsoon,Craft Study,https://cdn.shopify.com/s/files/1/0674/4352/3842/files/handloom-silk-weaving-india.png?v=1768110514,closest_real_textile_product
anjum_dey,Karnataka,Wooden Doll,Bengaluru (Bangalore) Rural,Woodcraft & Carving,Handicraft,Wood,Medium,7.1,174,494,937,09-07-2025,Medium,2,Monsoon,Craft Study,https://seepi.in/cdn/shop/products/Elephant_Toy_with_Wheels_-_Varanasi_1600x.jpg?v=1623405091,closest_real_wood_product
darshan_mishra,Karnataka,Leather Fabric,Bengaluru (Bangalore) Urban,Leather Craft,Handicraft,Leather,Small,3,208,438,773,09-08-2025,Medium,10,Monsoon,Marketplace,https://www.spoilmesilly.in/cdn/shop/files/ACBA425H_600x.jpg?v=1737443960,closest_real_leather_product
mohan_saxena,Karnataka,Leather Tray,Bengaluru Urban,Leather Craft,Handicraft,Leather,Medium,7.6,306,758,1108,09-08-2025,Low,13,Monsoon,Government,https://indiacircus.com/damask-print-leather-tray.html,direct_match_or_product_page
nikhil_kapoor,Karnataka,Leather Vase,Bidar,Leather Craft,Handicraft,Leather,Large,12.1,438,1199,2538,09-09-2025,Medium,17,Monsoon,Marketplace,https://i.etsystatic.com/9758758/r/il/78f474/7829433305/il_fullxfull.7829433305_7czk.jpg,direct_match_or_product_page
amit_desai,Karnataka,Metal Bowl,Chamarajanagar,Metal Craft & Dhokra,Handicraft,Metal,Small,5.5,95,323,586,09-09-2025,Medium,14,Monsoon,Craft Study,https://giri.in/cdn/shop/files/650741_Pot_Terracotta_Clay_2.75_Inch_1_1200x1200.webp?v=1743076302,closest_real_craft_product
savita_sharma,Karnataka,Wooden Jutti,Chamarajanagara,Leather Craft,Handicraft,Leather,Medium,9.2,173,649,1033,09-10-2025,Medium,20,Monsoon,Marketplace,https://seepi.in/cdn/shop/products/Elephant_Toy_with_Wheels_-_Varanasi_1600x.jpg?v=1623405091,closest_real_wood_product
vikram_sen,Karnataka,Stone Carving,Chikkballapur,Other Traditional Art,Handicraft,Mixed,Medium,5.9,178,525,1101,09-10-2025,Low,12,Monsoon,Marketplace,https://giri.in/cdn/shop/files/650741_Pot_Terracotta_Clay_2.75_Inch_1_1200x1200.webp?v=1743076302,closest_real_craft_product
varun_sinha,Karnataka,Wooden Fibre Basket,Chikkaballapura,Woodcraft & Carving,Handicraft,Wood,Small,4.8,135,539,753,09-11-2025,High,9,Monsoon,Government,https://seepi.in/cdn/shop/products/Elephant_Toy_with_Wheels_-_Varanasi_1600x.jpg?v=1623405091,closest_real_wood_product
ananya_dey,Karnataka,Clay Bangle,Chikkamagaluru (Chikmagalur),Pottery & Terracotta,Handicraft,Clay,Medium,10.9,95,667,1079,09-11-2025,Medium,5,Monsoon,Artisan Survey,https://giri.in/cdn/shop/files/650741_Pot_Terracotta_Clay_2.75_Inch_1_1200x1200.webp?v=1743076302,closest_real_terracotta_product
naveen_khan,Karnataka,Handloom Stole,Chikkamagaluru (Chikmagalur),Handloom & Textiles,Handloom,Textile,Medium,6.7,302,773,1396,09-12-2025,Low,14,Monsoon,Government,https://cdn.shopify.com/s/files/1/0674/4352/3842/files/handloom-silk-weaving-india.png?v=1768110514,closest_real_textile_product
priyanka_patel,Karnataka,Bamboo Lamp,Chikkamagaluru,Bamboo & Cane,Handicraft,Bamboo,Medium,6.1,137,589,965,09-12-2025,Medium,17,Monsoon,Government,https://www.claymango.com/cdn/shop/products/IMG-20221025-WA0011.jpg?v=1677751374,direct_match_or_product_page
arun_murthy,Karnataka,Cotton Fabric,Chitradurga,Handloom & Textiles,Handloom,Cotton,Large,10.1,382,875,1536,9/13/2025,Medium,7,Monsoon,Government,https://cdn.shopify.com/s/files/1/0674/4352/3842/files/handloom-silk-weaving-india.png?v=1768110514,closest_real_textile_product
ashok_malhotra,Karnataka,Cotton Lamp,Dakshina Kannada,Handloom & Textiles,Handloom,Cotton,Large,10.7,368,883,1390,9/13/2025,Medium,2,Monsoon,Marketplace,https://themeghalayanage.store/cdn/shop/files/PER_8573_S.jpg?v=1741849809&width=940,closest_real_fibre_product
anita_sinha,Karnataka,Leather Bowl,Dakshina Kannada,Leather Craft,Handicraft,Leather,Medium,10.3,325,821,1199,9/14/2025,Medium,1,Monsoon,Craft Study,https://www.pinterest.com/pin/175992297932351632/,direct_match_or_product_page
ashok_ahmed,Karnataka,Bamboo Plate,Davangere,Bamboo & Cane,Handicraft,Bamboo,Small,5.9,91,457,631,9/14/2025,Low,13,Monsoon,Artisan Survey,https://themeghalayanage.store/cdn/shop/files/PER_8573_S.jpg?v=1741849809&width=940,closest_real_bamboo_product
meera_bhat,Karnataka,Bamboo Puppet,Davanagere,Bamboo & Cane,Handicraft,Bamboo,Medium,5.3,129,459,681,9/14/2025,High,14,Monsoon,Government,https://themeghalayanage.store/cdn/shop/files/PER_8573_S.jpg?v=1741849809&width=940,closest_real_bamboo_product
sunita_datta,Karnataka,Stone Bowl,Dharwad,Other Traditional Art,Handicraft,Mixed,Large,20.5,220,1299,2806,9/15/2025,Medium,3,Monsoon,Marketplace,https://giri.in/cdn/shop/files/650741_Pot_Terracotta_Clay_2.75_Inch_1_1200x1200.webp?v=1743076302,closest_real_craft_product
arvind_sen,Karnataka,Cotton Fibre Mat,Dharwad,Handloom & Textiles,Handloom,Cotton,Medium,5.5,195,475,874,9/15/2025,Low,1,Monsoon,Artisan Survey,https://themeghalayanage.store/cdn/shop/files/PER_8573_S.jpg?v=1741849809&width=940,closest_real_fibre_product
akshay_desai,Karnataka,Lacquer Toy,Gadag,Other Traditional Art,Handicraft,Mixed,Large,18.3,285,1467,2590,9/16/2025,High,14,Monsoon,Marketplace,https://giri.in/cdn/shop/files/650741_Pot_Terracotta_Clay_2.75_Inch_1_1200x1200.webp?v=1743076302,closest_real_craft_product
priya_rao,Karnataka,Handloom Saree,Gadag,Handloom & Textiles,Handloom,Textile,Small,5,111,441,739,9/16/2025,Medium,8,Monsoon,Government,https://cdn.shopify.com/s/files/1/0674/4352/3842/files/handloom-silk-weaving-india.png?v=1768110514,closest_real_textile_product
karthik_rahman,Karnataka,Wooden Tray,Hassan,Woodcraft & Carving,Handicraft,Wood,Large,15,478,1357,2649,9/17/2025,Medium,9,Monsoon,Marketplace,https://seepi.in/cdn/shop/products/Elephant_Toy_with_Wheels_-_Varanasi_1600x.jpg?v=1623405091,closest_real_wood_product
anjum_verma,Karnataka,Cotton dupatta,Hassan,Handloom & Textiles,Handloom,Cotton,Small,2,163,323,475,9/17/2025,Medium,6,Monsoon,Marketplace,https://cdn.shopify.com/s/files/1/0674/4352/3842/files/handloom-silk-weaving-india.png?v=1768110514,closest_real_textile_product
ananya_menon,Karnataka,Cotton Mat,Haveri,Handloom & Textiles,Handloom,Cotton,Small,4.4,134,353,559,9/18/2025,Medium,15,Monsoon,Craft Study,https://themeghalayanage.store/cdn/shop/files/PER_8573_S.jpg?v=1741849809&width=940,closest_real_fibre_product
neha_mishra,Karnataka,Cotton Lamp,Haveri,Handloom & Textiles,Handloom,Cotton,Medium,11.9,250,1039,1982,9/18/2025,Medium,15,Monsoon,Artisan Survey,https://themeghalayanage.store/cdn/shop/files/PER_8573_S.jpg?v=1741849809&width=940,closest_real_fibre_product
radha_bhat,Karnataka,Metal Statue,Kalaburagi (Gulbarga),Metal Craft & Dhokra,Handicraft,Metal,Small,3,194,360,633,9/19/2025,Low,2,Monsoon,Government,https://giri.in/cdn/shop/files/650741_Pot_Terracotta_Clay_2.75_Inch_1_1200x1200.webp?v=1743076302,closest_real_craft_product
harish_menon,Karnataka,Cotton Shoes,Kalaburagi (Gulbarga),Handloom & Textiles,Handloom,Cotton,Small,2.8,174,332,666,9/19/2025,Medium,2,Monsoon,Artisan Survey,https://themeghalayanage.store/cdn/shop/files/PER_8573_S.jpg?v=1741849809&width=940,closest_real_fibre_product
ramesh_hassan,Karnataka,Clay Panel,Kalaburagi (Gulbarga),Pottery & Terracotta,Handicraft,Clay,Small,2.5,73,223,471,9/20/2025,High,12,Monsoon,Government,https://giri.in/cdn/shop/files/650741_Pot_Terracotta_Clay_2.75_Inch_1_1200x1200.webp?v=1743076302,closest_real_terracotta_product
navya_khanduja,Karnataka,Wooden Fibre Bag,Kodagu,Woodcraft & Carving,Handicraft,Wood,Medium,8.9,170,742,1521,9/20/2025,Medium,13,Monsoon,Craft Study,https://seepi.in/cdn/shop/products/Elephant_Toy_with_Wheels_-_Varanasi_1600x.jpg?v=1623405091,closest_real_wood_product
rajesh_dey,Karnataka,Clay Box,Kodagu,Pottery & Terracotta,Handicraft,Clay,Medium,9.2,86,649,978,9/21/2025,Medium,3,Monsoon,Marketplace,https://giri.in/cdn/shop/files/650741_Pot_Terracotta_Clay_2.75_Inch_1_1200x1200.webp?v=1743076302,closest_real_terracotta_product
arun_das,Karnataka,Wooden Shawl,Kodagu,Woodcraft & Carving,Handicraft,Wood,Small,5.2,143,412,588,9/21/2025,Medium,4,Monsoon,Government,https://cdn.shopify.com/s/files/1/0674/4352/3842/files/handloom-silk-weaving-india.png?v=1768110514,closest_real_textile_product
ashok_gupta,Karnataka,Wooden Toy,Kolar,Woodcraft & Carving,Handicraft,Wood,Medium,10.3,274,990,1479,9/22/2025,High,14,Monsoon,Marketplace,https://seepi.in/cdn/shop/products/Elephant_Toy_with_Wheels_-_Varanasi_1600x.jpg?v=1623405091,direct_match_or_product_page
deepika_saxena,Karnataka,Wooden Saree,Kolar,Woodcraft & Carving,Handicraft,Wood,Large,22.5,250,1743,3514,9/22/2025,Medium,10,Monsoon,Government,https://cdn.shopify.com/s/files/1/0674/4352/3842/files/handloom-silk-weaving-india.png?v=1768110514,closest_real_textile_product
deepika_kulkarni,Karnataka,Cotton Box,Koppal,Handloom & Textiles,Handloom,Cotton,Small,5.2,172,394,838,9/23/2025,Low,3,Monsoon,Government,https://themeghalayanage.store/cdn/shop/files/PER_8573_S.jpg?v=1741849809&width=940,closest_real_fibre_product
ashok_saxena,Karnataka,Cotton Planter,Mandya,Pottery & Terracotta,Handicraft,Clay,Small,3,150,391,835,9/23/2025,Low,13,Monsoon,Marketplace,https://themeghalayanage.store/cdn/shop/files/PER_8573_S.jpg?v=1741849809&width=940,closest_real_fibre_product
hemant_malhotra,Karnataka,Leather Tray,Mandya,Leather Craft,Handicraft,Leather,Large,17.8,442,1340,2149,9/24/2025,High,2,Monsoon,Artisan Survey,https://indiacircus.com/damask-print-leather-tray.html,direct_match_or_product_page
karthik_desai,Karnataka,Wooden Bag,Mysuru (Mysore),Woodcraft & Carving,Handicraft,Wood,Large,14.2,270,1307,2698,9/24/2025,Medium,5,Monsoon,Artisan Survey,https://seepi.in/cdn/shop/products/Elephant_Toy_with_Wheels_-_Varanasi_1600x.jpg?v=1623405091,closest_real_wood_product
rajesh_malik,Karnataka,Clay Lamp,Mysuru (Mysore),Pottery & Terracotta,Handicraft,Clay,Medium,7.3,115,499,901,9/25/2025,Low,15,Monsoon,Marketplace,https://www.amalfieeceramics.com/cdn/shop/products/Amalfiee-Handmade-Terracotta-Ganpati-Diya-Lamp-set-of-4-Amalfiee_Ceramics-1678917314_1400x.jpg?v=1678917316,direct_match_or_product_page
savita_malik,Karnataka,Natural Fibre Basket,Raichur,Other Traditional Art,Handicraft,Mixed,Large,23,458,1567,3211,9/25/2025,Low,5,Monsoon,Government,https://themeghalayanage.store/cdn/shop/files/PER_8573_S.jpg?v=1741849809&width=940,closest_real_fibre_product
navya_saxena,Karnataka,Clay Bowl,Raichur,Pottery & Terracotta,Handicraft,Clay,Small,4.7,65,343,623,9/26/2025,Medium,2,Monsoon,Marketplace,https://www.desiclik.com/images/P/91269_clay_katori_bowl.jpg,direct_match_or_product_page
anjali_das,Karnataka,Handloom Fabric,Ramanagara,Handloom & Textiles,Handloom,Textile,Medium,11.8,287,857,1263,9/26/2025,Medium,20,Monsoon,Marketplace,https://cdn.shopify.com/s/files/1/0674/4352/3842/files/handloom-silk-weaving-india.png?v=1768110514,closest_real_textile_product
ashok_khanduja,Karnataka,Leather Box,Ramanagara,Leather Craft,Handicraft,Leather,Medium,7.9,258,766,1086,9/27/2025,Medium,5,Monsoon,Government,https://www.amarkutir.in/custom-images/products/leather/product-images/26.png,direct_match_or_product_page
suresh_hassan,Karnataka,Bamboo Saree,Shivamogga (Shimoga),Bamboo & Cane,Handicraft,Bamboo,Small,4.1,81,390,844,9/27/2025,Low,11,Monsoon,Craft Study,https://themeghalayanage.store/cdn/shop/files/PER_8573_S.jpg?v=1741849809&width=940,closest_real_bamboo_product
shruti_hassan,Karnataka,Leather Basket,Shivamogga,Leather Craft,Handicraft,Leather,Medium,8.4,246,640,1096,9/28/2025,High,17,Monsoon,Craft Study,https://www.spoilmesilly.in/cdn/shop/files/ACBA425H_600x.jpg?v=1737443960,closest_real_leather_product
ananya_chandra,Karnataka,Bamboo Pot,Tumakuru (Tumkur),Bamboo & Cane,Handicraft,Bamboo,Medium,5.8,109,449,740,9/28/2025,High,20,Monsoon,Government,https://themeghalayanage.store/cdn/shop/files/PER_8573_S.jpg?v=1741849809&width=940,closest_real_bamboo_product
deepika_rao,Karnataka,Metal Lamp,Tumakuru (Tumkur),Metal Craft & Dhokra,Handicraft,Metal,Medium,6.7,149,648,1071,9/29/2025,Medium,17,Monsoon,Artisan Survey,https://giri.in/cdn/shop/files/650741_Pot_Terracotta_Clay_2.75_Inch_1_1200x1200.webp?v=1743076302,closest_real_craft_product
pooja_syed,Karnataka,Clay Wallet,Udupi,Pottery & Terracotta,Handicraft,Clay,Medium,8.7,116,697,1165,9/29/2025,Low,7,Monsoon,Marketplace,https://giri.in/cdn/shop/files/650741_Pot_Terracotta_Clay_2.75_Inch_1_1200x1200.webp?v=1743076302,closest_real_terracotta_product
karthik_malhotra,Karnataka,Leather Statue,Udupi,Leather Craft,Handicraft,Leather,Medium,5.5,244,565,1217,9/30/2025,Medium,18,Monsoon,Government,https://www.spoilmesilly.in/cdn/shop/files/ACBA425H_600x.jpg?v=1737443960,closest_real_leather_product
sandeep_bhat,Karnataka,Natural Fibre Mat,Uttara Kannada (Karwar),Other Traditional Art,Handicraft,Mixed,Small,5.7,97,382,536,9/30/2025,Medium,1,Monsoon,Marketplace,https://themeghalayanage.store/cdn/shop/files/PER_8573_S.jpg?v=1741849809&width=940,closest_real_fibre_product
ashok_bhat,Karnataka,Leather Bangle,Uttara Kannada (Karwar),Leather Craft,Handicraft,Leather,Small,2.5,229,403,585,10-01-2025,Low,7,Festival,Government,https://www.spoilmesilly.in/cdn/shop/files/ACBA425H_600x.jpg?v=1737443960,closest_real_leather_product
manish_bhat,Karnataka,Leather Stole,Vijayanagara,Leather Craft,Handicraft,Leather,Medium,6.4,325,815,1647,10-01-2025,Medium,4,Festival,Government,https://www.spoilmesilly.in/cdn/shop/files/ACBA425H_600x.jpg?v=1737443960,closest_real_leather_product
savita_ahmed,Karnataka,Clay Bowl,Vijayapura (Bijapur),Pottery & Terracotta,Handicraft,Clay,Small,5.1,76,453,823,10-02-2025,High,11,Festival,Craft Study,https://www.desiclik.com/images/P/91269_clay_katori_bowl.jpg,direct_match_or_product_page
priya_gupta,Karnataka,Wooden Saree,Vijayapura (Bijapur),Woodcraft & Carving,Handicraft,Wood,Small,2.4,118,332,484,10-02-2025,Medium,18,Festival,Marketplace,https://cdn.shopify.com/s/files/1/0674/4352/3842/files/handloom-silk-weaving-india.png?v=1768110514,closest_real_textile_product
deepika_syed,Karnataka,Clay Tray,Yadagiri,Pottery & Terracotta,Handicraft,Clay,Small,5.6,70,484,668,10-03-2025,High,16,Festival,Government,https://giri.in/cdn/shop/files/650741_Pot_Terracotta_Clay_2.75_Inch_1_1200x1200.webp?v=1743076302,closest_real_terracotta_product
sandeep_kapoor,Karnataka,Cotton Vase,Yadagiri,Handloom & Textiles,Handloom,Cotton,Small,4.9,142,428,659,10-03-2025,Medium,20,Festival,Marketplace,https://themeghalayanage.store/cdn/shop/files/PER_8573_S.jpg?v=1741849809&width=940,closest_real_fibre_product
ananya_verma,Kerala,Metal Bowl,Alappuzha,Metal Craft & Dhokra,Handicraft,Metal,Large,11,215,941,1479,10-04-2025,Medium,3,Festival,Craft Study,https://giri.in/cdn/shop/files/650741_Pot_Terracotta_Clay_2.75_Inch_1_1200x1200.webp?v=1743076302,closest_real_craft_product
divya_sen,Kerala,Cotton Belt,Ernakulam,Handloom & Textiles,Handloom,Cotton,Medium,9.8,216,718,978,10-04-2025,Low,16,Festival,Marketplace,https://themeghalayanage.store/cdn/shop/files/PER_8573_S.jpg?v=1741849809&width=940,closest_real_fibre_product
nikhil_chandra,Kerala,Cotton Carving,Idukki,Handloom & Textiles,Handloom,Cotton,Large,18.8,370,1185,1817,10-05-2025,Medium,15,Festival,Craft Study,https://themeghalayanage.store/cdn/shop/files/PER_8573_S.jpg?v=1741849809&width=940,closest_real_fibre_product
rajesh_kulkarni,Kerala,Cotton Fibre Bag,Kannur,Handloom & Textiles,Handloom,Cotton,Small,5,150,455,900,10-05-2025,Low,10,Festival,Craft Study,https://themeghalayanage.store/cdn/shop/files/PER_8573_S.jpg?v=1741849809&width=940,closest_real_fibre_product
varun_joshi,Kerala,Lacquer Toy,Kasaragod,Other Traditional Art,Handicraft,Mixed,Medium,10.8,319,886,1840,10-06-2025,Medium,2,Festival,Government,https://giri.in/cdn/shop/files/650741_Pot_Terracotta_Clay_2.75_Inch_1_1200x1200.webp?v=1743076302,closest_real_craft_product
darshan_menon,Kerala,Clay Saree,Kollam,Pottery & Terracotta,Handicraft,Clay,Medium,10,95,828,1750,10-06-2025,Medium,3,Festival,Artisan Survey,https://giri.in/cdn/shop/files/650741_Pot_Terracotta_Clay_2.75_Inch_1_1200x1200.webp?v=1743076302,closest_real_terracotta_product
anjum_khan,Kerala,Wooden Doll,Kottayam,Woodcraft & Carving,Handicraft,Wood,Medium,9.1,146,595,1000,10-07-2025,Medium,19,Festival,Artisan Survey,https://seepi.in/cdn/shop/products/Elephant_Toy_with_Wheels_-_Varanasi_1600x.jpg?v=1623405091,closest_real_wood_product
ashish_merchant,Kerala,Bamboo Fabric,Kozhikode,Bamboo & Cane,Handicraft,Bamboo,Large,14.5,216,1193,1934,10-07-2025,Medium,6,Festival,Artisan Survey,https://themeghalayanage.store/cdn/shop/files/PER_8573_S.jpg?v=1741849809&width=940,closest_real_bamboo_product
anjum_pandey,Kerala,Cotton Lamp,Malappuram,Handloom & Textiles,Handloom,Cotton,Large,19.8,407,1642,3612,10-08-2025,Low,13,Festival,Marketplace,https://themeghalayanage.store/cdn/shop/files/PER_8573_S.jpg?v=1741849809&width=940,closest_real_fibre_product
harish_syed,Kerala,Wooden Bowl,Palakkad,Woodcraft & Carving,Handicraft,Wood,Large,23.4,277,1663,3333,10-08-2025,Medium,19,Festival,Government,https://seepi.in/cdn/shop/products/Elephant_Toy_with_Wheels_-_Varanasi_1600x.jpg?v=1623405091,closest_real_wood_product
amrita_kumar,Kerala,Wooden Plate,Pathanamthitta,Woodcraft & Carving,Handicraft,Wood,Small,4.4,132,522,943,10-08-2025,High,10,Festival,Government,https://seepi.in/cdn/shop/products/Elephant_Toy_with_Wheels_-_Varanasi_1600x.jpg?v=1623405091,closest_real_wood_product
bhavesh_chandra,Kerala,Bamboo Jutti,Thiruvananthapuram,Leather Craft,Handicraft,Leather,Small,4.7,80,387,606,10-09-2025,Low,5,Festival,Marketplace,https://themeghalayanage.store/cdn/shop/files/PER_8573_S.jpg?v=1741849809&width=940,closest_real_bamboo_product
manish_malik,Kerala,Stone Bowl,Thrissur,Other Traditional Art,Handicraft,Mixed,Medium,8.1,130,589,956,10-09-2025,Medium,10,Festival,Artisan Survey,https://giri.in/cdn/shop/files/650741_Pot_Terracotta_Clay_2.75_Inch_1_1200x1200.webp?v=1743076302,closest_real_craft_product
darshan_hegde,Kerala,Clay Fibre Basket,Wayanad,Pottery & Terracotta,Handicraft,Clay,Small,5,78,328,586,10-10-2025,Medium,5,Festival,Artisan Survey,https://giri.in/cdn/shop/files/650741_Pot_Terracotta_Clay_2.75_Inch_1_1200x1200.webp?v=1743076302,closest_real_terracotta_product
anjum_khanduja,Ladakh,Lacquer Box,Kargil,Other Traditional Art,Handicraft,Mixed,Medium,12,136,737,1335,10-10-2025,Medium,4,Festival,Marketplace,https://giri.in/cdn/shop/files/650741_Pot_Terracotta_Clay_2.75_Inch_1_1200x1200.webp?v=1743076302,closest_real_craft_product
divya_iyer,Ladakh,Wooden Shawl,Kargil,Woodcraft & Carving,Handicraft,Wood,Medium,6.1,180,673,916,10-11-2025,Medium,17,Festival,Government,https://cdn.shopify.com/s/files/1/0674/4352/3842/files/handloom-silk-weaving-india.png?v=1768110514,closest_real_textile_product
arjun_pandey,Ladakh,Wooden Lamp,Leh,Woodcraft & Carving,Handicraft,Wood,Medium,6.4,184,586,1269,10-11-2025,Medium,7,Festival,Government,https://seepi.in/cdn/shop/products/Elephant_Toy_with_Wheels_-_Varanasi_1600x.jpg?v=1623405091,closest_real_wood_product
laxmi_joshi,Ladakh,Leather Fabric,Leh,Leather Craft,Handicraft,Leather,Large,17.6,410,1304,2398,10-12-2025,Medium,14,Festival,Artisan Survey,https://www.spoilmesilly.in/cdn/shop/files/ACBA425H_600x.jpg?v=1737443960,closest_real_leather_product
pallavi_kulkarni,Lakshadweep,Wooden Mat,Lakshadweep,Woodcraft & Carving,Handicraft,Wood,Medium,8.4,159,573,1060,10-12-2025,Medium,15,Festival,Marketplace,https://seepi.in/cdn/shop/products/Elephant_Toy_with_Wheels_-_Varanasi_1600x.jpg?v=1623405091,closest_real_wood_product
ashish_hassan,Madhya Pradesh,Wooden Lamp,Agar Malwa,Woodcraft & Carving,Handicraft,Wood,Small,4.3,122,393,601,10/13/2025,Medium,11,Festival,Artisan Survey,https://seepi.in/cdn/shop/products/Elephant_Toy_with_Wheels_-_Varanasi_1600x.jpg?v=1623405091,closest_real_wood_product
arjun_rao,Madhya Pradesh,Bamboo Statue,Alirajpur,Bamboo & Cane,Handicraft,Bamboo,Small,2.2,99,307,614,10/13/2025,High,11,Festival,Government,https://themeghalayanage.store/cdn/shop/files/PER_8573_S.jpg?v=1741849809&width=940,closest_real_bamboo_product
sandeep_patel,Madhya Pradesh,Leather Puppet,Anuppur,Leather Craft,Handicraft,Leather,Medium,7.8,160,610,1206,10/14/2025,High,4,Festival,Marketplace,https://theindiacrafthouse.com/products/andhra-leather-craft-string-puppet-vighnaharta-height-24-inches-ssap01b,direct_match_or_product_page
rajesh_rahman,Madhya Pradesh,Stone Panel,Ashoknagar,Other Traditional Art,Handicraft,Mixed,Medium,9.1,295,909,1301,10/14/2025,Low,11,Festival,Craft Study,https://giri.in/cdn/shop/files/650741_Pot_Terracotta_Clay_2.75_Inch_1_1200x1200.webp?v=1743076302,closest_real_craft_product
mohan_sharma,Madhya Pradesh,Wooden Fibre Mat,Badhwani,Woodcraft & Carving,Handicraft,Wood,Small,4.3,109,406,753,10/15/2025,Medium,16,Festival,Government,https://seepi.in/cdn/shop/products/Elephant_Toy_with_Wheels_-_Varanasi_1600x.jpg?v=1623405091,closest_real_wood_product
shreya_bhat,Madhya Pradesh,Leather Bowl,Balaghat,Leather Craft,Handicraft,Leather,Medium,9.6,297,952,1818,10/15/2025,Medium,4,Festival,Government,https://www.pinterest.com/pin/175992297932351632/,direct_match_or_product_page
sandeep_nair,Madhya Pradesh,Leather Fabric,Betul,Leather Craft,Handicraft,Leather,Medium,10,247,739,1523,10/16/2025,Low,5,Festival,Artisan Survey,https://www.spoilmesilly.in/cdn/shop/files/ACBA425H_600x.jpg?v=1737443960,closest_real_leather_product
sanjay_banerjee,Madhya Pradesh,Leather Tray,Bhind,Leather Craft,Handicraft,Leather,Large,19,466,1650,2517,10/16/2025,Medium,14,Festival,Marketplace,https://indiacircus.com/damask-print-leather-tray.html,direct_match_or_product_page
arun_hassan,Madhya Pradesh,Dupatta,Bhopal,Handloom & Textiles,Handloom,Textile,Medium,10.5,167,668,1400,10/17/2025,Medium,20,Festival,Craft Study,https://cdn.shopify.com/s/files/1/0674/4352/3842/files/handloom-silk-weaving-india.png?v=1768110514,closest_real_textile_product
mohan_roy,Madhya Pradesh,Cotton Box,Bhopal,Handloom & Textiles,Handloom,Cotton,Medium,9.4,220,717,1249,10/17/2025,Medium,8,Festival,Craft Study,https://themeghalayanage.store/cdn/shop/files/PER_8573_S.jpg?v=1741849809&width=940,closest_real_fibre_product
varun_kumar,Madhya Pradesh,Clay Planter,Burhanpur,Pottery & Terracotta,Handicraft,Clay,Small,4.2,100,403,577,10/18/2025,Medium,17,Festival,Artisan Survey,https://giri.in/cdn/shop/files/650741_Pot_Terracotta_Clay_2.75_Inch_1_1200x1200.webp?v=1743076302,closest_real_terracotta_product
ananya_ali,Madhya Pradesh,Bamboo Tray,Chhatarpur,Bamboo & Cane,Handicraft,Bamboo,Medium,9.2,104,684,985,10/18/2025,Medium,4,Festival,Government,https://silpakarman.com/products/natural-bamboo-tray,direct_match_or_product_page
arjun_nair,Madhya Pradesh,Leather Shoes,Chhindwara,Leather Craft,Handicraft,Leather,Small,2.4,168,291,442,10/19/2025,High,12,Festival,Marketplace,https://www.spoilmesilly.in/cdn/shop/files/ACBA425H_600x.jpg?v=1737443960,closest_real_leather_product
hemant_khan,Madhya Pradesh,Stone Lamp,Damoh,Other Traditional Art,Handicraft,Mixed,Medium,6.9,300,811,1290,10/19/2025,High,19,Festival,Craft Study,https://giri.in/cdn/shop/files/650741_Pot_Terracotta_Clay_2.75_Inch_1_1200x1200.webp?v=1743076302,closest_real_craft_product
arvind_pandey,Madhya Pradesh,Leather Fibre Bag,Datia,Leather Craft,Handicraft,Leather,Medium,8.7,325,731,1295,10/20/2025,Low,9,Festival,Marketplace,https://www.spoilmesilly.in/cdn/shop/files/ACBA425H_600x.jpg?v=1737443960,closest_real_leather_product
savita_murthy,Madhya Pradesh,Lacquer Bangle,Dewas,Jewellery & Beads,Handicraft,Lac,Small,5.5,196,576,1144,10/20/2025,Medium,11,Festival,Craft Study,https://giri.in/cdn/shop/files/650741_Pot_Terracotta_Clay_2.75_Inch_1_1200x1200.webp?v=1743076302,closest_real_craft_product
seema_khanduja,Madhya Pradesh,Handloom Stole,Dhar (Pithampur),Handloom & Textiles,Handloom,Textile,Small,4.7,221,583,880,10/21/2025,Medium,4,Festival,Artisan Survey,https://cdn.shopify.com/s/files/1/0674/4352/3842/files/handloom-silk-weaving-india.png?v=1768110514,closest_real_textile_product
priya_patel,Madhya Pradesh,Wooden Toy,Dindori,Woodcraft & Carving,Handicraft,Wood,Small,2.4,229,436,956,10/21/2025,Medium,11,Festival,Government,https://seepi.in/cdn/shop/products/Elephant_Toy_with_Wheels_-_Varanasi_1600x.jpg?v=1623405091,direct_match_or_product_page
dinesh_khanduja,Madhya Pradesh,Leather Saree,Guna,Leather Craft,Handicraft,Leather,Large,18.3,390,1621,2411,10/22/2025,Medium,12,Festival,Marketplace,https://atbw.shop/cdn/shop/files/DEV02760-Edit-min.jpg?v=1758731714&width=1500,real_leather_saree_product_image
jitendra_malik,Madhya Pradesh,Leather Basket,Gwalior,Leather Craft,Handicraft,Leather,Medium,6.6,253,662,1231,10/22/2025,High,20,Festival,Artisan Survey,https://www.spoilmesilly.in/cdn/shop/files/ACBA425H_600x.jpg?v=1737443960,closest_real_leather_product
anjali_chandra,Madhya Pradesh,Wooden Pot,Harda,Woodcraft & Carving,Handicraft,Wood,Small,4.9,122,498,1066,10/23/2025,Low,5,Festival,Government,https://seepi.in/cdn/shop/products/Elephant_Toy_with_Wheels_-_Varanasi_1600x.jpg?v=1623405091,closest_real_wood_product
anjali_reddy,Madhya Pradesh,Leather Lamp,Hoshangabad,Leather Craft,Handicraft,Leather,Large,21.6,486,1807,3718,10/23/2025,Medium,8,Festival,Government,https://www.spoilmesilly.in/cdn/shop/files/ACBA425H_600x.jpg?v=1737443960,closest_real_leather_product
bhavesh_roy,Madhya Pradesh,Clay Bag,Indore,Pottery & Terracotta,Handicraft,Clay,Medium,9.2,100,732,1391,10/24/2025,High,13,Festival,Artisan Survey,https://giri.in/cdn/shop/files/650741_Pot_Terracotta_Clay_2.75_Inch_1_1200x1200.webp?v=1743076302,closest_real_terracotta_product
karthik_merchant,Madhya Pradesh,Bamboo Statue,Jabalpur,Bamboo & Cane,Handicraft,Bamboo,Medium,9.1,133,555,1087,10/24/2025,Low,19,Festival,Government,https://themeghalayanage.store/cdn/shop/files/PER_8573_S.jpg?v=1741849809&width=940,closest_real_bamboo_product
naveen_ahmed,Madhya Pradesh,Clay Fibre Basket,Jhabua,Pottery & Terracotta,Handicraft,Clay,Large,14.7,185,1117,1635,10/25/2025,Low,5,Festival,Government,https://giri.in/cdn/shop/files/650741_Pot_Terracotta_Clay_2.75_Inch_1_1200x1200.webp?v=1743076302,closest_real_terracotta_product
ashok_patel,Madhya Pradesh,Lacquer Toy,Katni,Other Traditional Art,Handicraft,Mixed,Small,3.8,117,341,463,10/25/2025,High,14,Festival,Artisan Survey,https://giri.in/cdn/shop/files/650741_Pot_Terracotta_Clay_2.75_Inch_1_1200x1200.webp?v=1743076302,closest_real_craft_product
amrita_merchant,Madhya Pradesh,Handloom Saree,Khandwa,Handloom & Textiles,Handloom,Textile,Small,5.5,126,531,913,10/26/2025,High,18,Festival,Artisan Survey,https://cdn.shopify.com/s/files/1/0674/4352/3842/files/handloom-silk-weaving-india.png?v=1768110514,closest_real_textile_product
anjum_gupta,Madhya Pradesh,Leather Box,Khargone,Leather Craft,Handicraft,Leather,Medium,10.1,312,799,1139,10/26/2025,Medium,13,Festival,Marketplace,https://www.amarkutir.in/custom-images/products/leather/product-images/26.png,direct_match_or_product_page
kavita_sharma,Madhya Pradesh,Clay Saree,Mandla,Pottery & Terracotta,Handicraft,Clay,Small,4.1,80,341,564,10/27/2025,High,9,Festival,Craft Study,https://giri.in/cdn/shop/files/650741_Pot_Terracotta_Clay_2.75_Inch_1_1200x1200.webp?v=1743076302,closest_real_terracotta_product
rohit_iyer,Madhya Pradesh,Leather Tray,Mandsaur,Leather Craft,Handicraft,Leather,Medium,7.6,320,846,1303,10/27/2025,Medium,5,Festival,Craft Study,https://indiacircus.com/damask-print-leather-tray.html,direct_match_or_product_page
vishal_rao,Madhya Pradesh,Bamboo Vase,Morena,Bamboo & Cane,Handicraft,Bamboo,Small,2.2,93,246,524,10/28/2025,Low,6,Festival,Marketplace,https://theheritageartifacts.com/cdn/shop/products/DSC_0524_dc6cc377-e6a4-4889-bdc4-82bdffd240d3_2000x2667.jpg?v=1679501593,direct_match_or_product_page
sameer_rahman,Madhya Pradesh,Metal Bowl,Narsinghpur,Metal Craft & Dhokra,Handicraft,Metal,Small,2.6,237,460,965,10/28/2025,Medium,2,Festival,Government,https://giri.in/cdn/shop/files/650741_Pot_Terracotta_Clay_2.75_Inch_1_1200x1200.webp?v=1743076302,closest_real_craft_product
nikhil_merchant,Madhya Pradesh,Leather Wallet,Neemuch,Leather Craft,Handicraft,Leather,Small,2.8,247,476,974,10/29/2025,High,4,Festival,Artisan Survey,https://bongoniketan.in/cdn/shop/files/BuyauthenticandoriginalhandcraftedShantiniketanBengalpureleathervegetablewalletsinexclusivedesignbybongoniketanonline10.jpg?v=1730035779&width=1946,direct_match_or_product_page
naveen_bhat,Madhya Pradesh,Cotton Carving,Niwari,Handloom & Textiles,Handloom,Cotton,Medium,7.6,224,592,1158,10/29/2025,High,9,Festival,Government,https://themeghalayanage.store/cdn/shop/files/PER_8573_S.jpg?v=1741849809&width=940,closest_real_fibre_product
harish_murthy,Madhya Pradesh,Cotton Fibre Mat,Panna,Handloom & Textiles,Handloom,Cotton,Small,5.8,165,465,689,10/30/2025,Medium,3,Festival,Artisan Survey,https://themeghalayanage.store/cdn/shop/files/PER_8573_S.jpg?v=1741849809&width=940,closest_real_fibre_product
kavya_ahmed,Madhya Pradesh,Wooden Box,Raisen,Woodcraft & Carving,Handicraft,Wood,Small,4,130,373,519,10/30/2025,Low,1,Festival,Marketplace,https://seepi.in/cdn/shop/products/Elephant_Toy_with_Wheels_-_Varanasi_1600x.jpg?v=1623405091,closest_real_wood_product
suresh_ali,Madhya Pradesh,Wooden Shawl,Rajgarh,Woodcraft & Carving,Handicraft,Wood,Large,13.3,331,942,1795,10/31/2025,High,14,Festival,Marketplace,https://cdn.shopify.com/s/files/1/0674/4352/3842/files/handloom-silk-weaving-india.png?v=1768110514,closest_real_textile_product
varun_sen,Madhya Pradesh,Clay Bowl,Ratlam,Pottery & Terracotta,Handicraft,Clay,Small,2.4,70,248,470,10/31/2025,Medium,2,Festival,Marketplace,https://www.desiclik.com/images/P/91269_clay_katori_bowl.jpg,direct_match_or_product_page
ravi_desai,Madhya Pradesh,Clay Saree,Rewa,Pottery & Terracotta,Handicraft,Clay,Medium,7.4,114,427,711,10/31/2025,Low,3,Festival,Marketplace,https://giri.in/cdn/shop/files/650741_Pot_Terracotta_Clay_2.75_Inch_1_1200x1200.webp?v=1743076302,closest_real_terracotta_product
hari_mishra,Madhya Pradesh,Cotton Lamp,Sagar,Handloom & Textiles,Handloom,Cotton,Small,5.3,174,471,825,11-01-2025,High,12,Festival,Craft Study,https://themeghalayanage.store/cdn/shop/files/PER_8573_S.jpg?v=1741849809&width=940,closest_real_fibre_product
bhavesh_menon,Madhya Pradesh,Bamboo Bowl,Satna,Bamboo & Cane,Handicraft,Bamboo,Medium,7.7,142,520,918,11-01-2025,Medium,19,Festival,Government,https://www.alibaba.com/product-detail/natural-handicraft-bamboo-bowls-handicraft-bamboo_11000010888306.html,direct_match_or_product_page
seema_ali,Madhya Pradesh,Metal Plate,Sehore,Metal Craft & Dhokra,Handicraft,Metal,Small,5.1,197,469,729,11-02-2025,Medium,15,Festival,Craft Study,https://giri.in/cdn/shop/files/650741_Pot_Terracotta_Clay_2.75_Inch_1_1200x1200.webp?v=1743076302,closest_real_craft_product
arjun_verma,Madhya Pradesh,Cotton Belt,Seoni,Handloom & Textiles,Handloom,Cotton,Medium,10.6,242,866,1400,11-02-2025,Low,1,Festival,Government,https://themeghalayanage.store/cdn/shop/files/PER_8573_S.jpg?v=1741849809&width=940,closest_real_fibre_product
priyanka_malhotra,Madhya Pradesh,Bamboo Bowl,Shahdol,Bamboo & Cane,Handicraft,Bamboo,Small,2.4,94,311,530,11-03-2025,Low,4,Festival,Artisan Survey,https://www.alibaba.com/product-detail/natural-handicraft-bamboo-bowls-handicraft-bamboo_11000010888306.html,direct_match_or_product_page
rohit_rahman,Madhya Pradesh,Bamboo Fibre Bag,Shajapur,Bamboo & Cane,Handicraft,Bamboo,Large,18.5,226,970,1807,11-03-2025,High,15,Festival,Craft Study,https://img.esaras.in/catalog/product/cache/194e57ff18b0c86d9ecf78ca9ac7ebcf/s/g/sg01330_3_.jpg,closest_real_bamboo_product
ritika_sinha,Madhya Pradesh,Clay Bowl,Sheopur,Pottery & Terracotta,Handicraft,Clay,Large,23.4,187,1334,2885,11-04-2025,Medium,15,Festival,Marketplace,https://www.desiclik.com/images/P/91269_clay_katori_bowl.jpg,direct_match_or_product_page
naveen_khanduja,Madhya Pradesh,Bamboo Fabric,Shivpuri,Bamboo & Cane,Handicraft,Bamboo,Small,3.6,88,364,658,11-04-2025,Low,8,Festival,Government,https://themeghalayanage.store/cdn/shop/files/PER_8573_S.jpg?v=1741849809&width=940,closest_real_bamboo_product
meera_ali,Madhya Pradesh,Leather Doll,Sidhi,Leather Craft,Handicraft,Leather,Small,2.2,206,360,710,11-05-2025,Medium,19,Festival,Artisan Survey,https://www.spoilmesilly.in/cdn/shop/files/ACBA425H_600x.jpg?v=1737443960,closest_real_leather_product
vikram_kumar,Madhya Pradesh,Bamboo Fabric,Singrauli,Bamboo & Cane,Handicraft,Bamboo,Small,5.7,76,420,855,11-05-2025,Low,18,Festival,Artisan Survey,https://themeghalayanage.store/cdn/shop/files/PER_8573_S.jpg?v=1741849809&width=940,closest_real_bamboo_product
suresh_desai,Madhya Pradesh,Clay Mat,Tikamgarh,Pottery & Terracotta,Handicraft,Clay,Medium,11.2,119,769,1112,11-06-2025,Low,15,Festival,Government,https://giri.in/cdn/shop/files/650741_Pot_Terracotta_Clay_2.75_Inch_1_1200x1200.webp?v=1743076302,closest_real_terracotta_product
arvind_murthy,Madhya Pradesh,Bamboo Lamp,Ujjain,Bamboo & Cane,Handicraft,Bamboo,Small,4.1,79,288,549,11-06-2025,Medium,15,Festival,Marketplace,https://www.claymango.com/cdn/shop/products/IMG-20221025-WA0011.jpg?v=1677751374,direct_match_or_product_page
pallavi_dey,Madhya Pradesh,Cotton Statue,Umaria,Handloom & Textiles,Handloom,Cotton,Large,17.7,388,1565,2754,11-07-2025,Medium,16,Festival,Artisan Survey,https://themeghalayanage.store/cdn/shop/files/PER_8573_S.jpg?v=1741849809&width=940,closest_real_fibre_product
manish_dey,Madhya Pradesh,Leather Jutti,Vidisha,Leather Craft,Handicraft,Leather,Medium,6.5,339,830,1524,11-07-2025,Medium,3,Festival,Government,https://www.spoilmesilly.in/cdn/shop/files/ACBA425H_600x.jpg?v=1737443960,closest_real_leather_product
kavita_gupta,Maharashtra,Cotton Panel,Ahmednagar,Handloom & Textiles,Handloom,Cotton,Large,21.5,354,1829,2529,11-08-2025,Medium,15,Festival,Marketplace,https://themeghalayanage.store/cdn/shop/files/PER_8573_S.jpg?v=1741849809&width=940,closest_real_fibre_product
arvind_singh,Maharashtra,Bamboo Fibre Basket,Ahmednagar,Bamboo & Cane,Handicraft,Bamboo,Medium,8.5,111,540,1145,11-08-2025,Medium,19,Festival,Marketplace,https://themeghalayanage.store/cdn/shop/files/PER_8573_S.jpg?v=1741849809&width=940,closest_real_bamboo_product
divya_khanduja,Maharashtra,Leather Bangle,Akola,Leather Craft,Handicraft,Leather,Large,10.5,410,923,1994,11-09-2025,Medium,5,Festival,Government,https://www.spoilmesilly.in/cdn/shop/files/ACBA425H_600x.jpg?v=1737443960,closest_real_leather_product
arvind_khan,Maharashtra,Handloom Stole,Akola,Handloom & Textiles,Handloom,Textile,Small,4.7,121,373,505,11-09-2025,Low,1,Festival,Artisan Survey,https://cdn.shopify.com/s/files/1/0674/4352/3842/files/handloom-silk-weaving-india.png?v=1768110514,closest_real_textile_product
jitendra_khanduja,Maharashtra,Wooden Lamp,Amravati,Woodcraft & Carving,Handicraft,Wood,Medium,11.7,309,873,1336,11-10-2025,Low,8,Festival,Government,https://seepi.in/cdn/shop/products/Elephant_Toy_with_Wheels_-_Varanasi_1600x.jpg?v=1623405091,closest_real_wood_product
pallavi_malik,Maharashtra,Silk Fabric,Amravati,Handloom & Textiles,Handloom,Silk,Small,5.3,93,399,600,11-10-2025,Low,6,Festival,Craft Study,https://cdn.shopify.com/s/files/1/0674/4352/3842/files/handloom-silk-weaving-india.png?v=1768110514,closest_real_textile_product
suresh_pandey,Maharashtra,Leather Box,Aurangabad,Leather Craft,Handicraft,Leather,Large,13.9,493,1332,2683,11-11-2025,Medium,19,Festival,Marketplace,https://www.amarkutir.in/custom-images/products/leather/product-images/26.png,direct_match_or_product_page
amit_syed,Maharashtra,Clay Planter,Aurangabad,Pottery & Terracotta,Handicraft,Clay,Medium,5.4,94,375,697,11-11-2025,High,9,Festival,Marketplace,https://giri.in/cdn/shop/files/650741_Pot_Terracotta_Clay_2.75_Inch_1_1200x1200.webp?v=1743076302,closest_real_terracotta_product
ritika_kumar,Maharashtra,Leather Tray,Beed,Leather Craft,Handicraft,Leather,Large,23.2,518,2131,3198,11-12-2025,Low,14,Festival,Marketplace,https://indiacircus.com/damask-print-leather-tray.html,direct_match_or_product_page
suman_padhan,Maharashtra,Bamboo Puppet,Beed,Bamboo & Cane,Handicraft,Bamboo,Small,5.7,81,394,804,11-12-2025,High,20,Festival,Marketplace,https://themeghalayanage.store/cdn/shop/files/PER_8573_S.jpg?v=1741849809&width=940,closest_real_bamboo_product
raja_begum,Maharashtra,Clay Lamp,Bhandara,Pottery & Terracotta,Handicraft,Clay,Large,17.5,147,823,1358,11/13/2025,High,16,Festival,Artisan Survey,https://www.amalfieeceramics.com/cdn/shop/products/Amalfiee-Handmade-Terracotta-Ganpati-Diya-Lamp-set-of-4-Amalfiee_Ceramics-1678917314_1400x.jpg?v=1678917316,direct_match_or_product_page
javeed_gulzar_lone,Maharashtra,Clay Fibre Mat,Buldhana,Pottery & Terracotta,Handicraft,Clay,Medium,9.5,88,790,1376,11/13/2025,Low,15,Festival,Artisan Survey,https://giri.in/cdn/shop/files/650741_Pot_Terracotta_Clay_2.75_Inch_1_1200x1200.webp?v=1743076302,closest_real_terracotta_product
kaisar_ahmad_nadaf,Maharashtra,Lacquer Toy,Buldhana,Other Traditional Art,Handicraft,Mixed,Medium,8.2,154,681,1144,11/14/2025,Low,20,Festival,Artisan Survey,https://giri.in/cdn/shop/files/650741_Pot_Terracotta_Clay_2.75_Inch_1_1200x1200.webp?v=1743076302,closest_real_craft_product
sakshi_garg,Maharashtra,Leather Saree,Buldhana,Leather Craft,Handicraft,Leather,Large,15.9,451,1253,2247,11/14/2025,Low,14,Festival,Marketplace,https://atbw.shop/cdn/shop/files/DEV02760-Edit-min.jpg?v=1758731714&width=1500,real_leather_saree_product_image
sheetal_ugharejiya,Maharashtra,Clay Tray,Chandrapur,Pottery & Terracotta,Handicraft,Clay,Medium,5.8,111,461,810,11/15/2025,Low,5,Festival,Government,https://giri.in/cdn/shop/files/650741_Pot_Terracotta_Clay_2.75_Inch_1_1200x1200.webp?v=1743076302,closest_real_terracotta_product
sushma_devi,Maharashtra,Dupatta,Chandrapur,Handloom & Textiles,Handloom,Textile,Medium,5.7,304,602,953,11/15/2025,Medium,15,Festival,Government,https://cdn.shopify.com/s/files/1/0674/4352/3842/files/handloom-silk-weaving-india.png?v=1768110514,closest_real_textile_product
rajni_devi,Maharashtra,Cotton Basket,Dhule,Handloom & Textiles,Handloom,Cotton,Medium,6.6,213,556,951,11/16/2025,Low,7,Festival,Artisan Survey,https://themeghalayanage.store/cdn/shop/files/PER_8573_S.jpg?v=1741849809&width=940,closest_real_fibre_product
smt_ruchi_sukhwal,Maharashtra,Leather Pot,Dhule,Leather Craft,Handicraft,Leather,Small,5.3,185,545,1157,11/16/2025,High,7,Festival,Marketplace,https://www.spoilmesilly.in/cdn/shop/files/ACBA425H_600x.jpg?v=1737443960,closest_real_leather_product
mahesh_soni,Maharashtra,Clay Lamp,Gadchiroli,Pottery & Terracotta,Handicraft,Clay,Small,2.6,66,254,451,11/17/2025,Medium,13,Festival,Marketplace,https://www.amalfieeceramics.com/cdn/shop/products/Amalfiee-Handmade-Terracotta-Ganpati-Diya-Lamp-set-of-4-Amalfiee_Ceramics-1678917314_1400x.jpg?v=1678917316,direct_match_or_product_page
billu_ram_bhat,Maharashtra,Clay Shoes,Gadchiroli,Pottery & Terracotta,Handicraft,Clay,Small,2.9,82,317,675,11/17/2025,High,7,Festival,Marketplace,https://giri.in/cdn/shop/files/650741_Pot_Terracotta_Clay_2.75_Inch_1_1200x1200.webp?v=1743076302,closest_real_terracotta_product
shaifur_rehman,Maharashtra,Leather Statue,Gondia,Leather Craft,Handicraft,Leather,Small,4.2,178,391,711,11/18/2025,High,1,Festival,Marketplace,https://www.spoilmesilly.in/cdn/shop/files/ACBA425H_600x.jpg?v=1737443960,closest_real_leather_product
krishan_gopal,Maharashtra,Natural Fibre Bag,Gondia,Other Traditional Art,Handicraft,Mixed,Large,13,574,1354,2713,11/18/2025,Medium,20,Festival,Artisan Survey,https://themeghalayanage.store/cdn/shop/files/PER_8573_S.jpg?v=1741849809&width=940,closest_real_fibre_product
karan_khatri,Maharashtra,Wooden Box,Hingoli,Woodcraft & Carving,Handicraft,Wood,Medium,6.1,174,635,1016,11/19/2025,High,12,Festival,Marketplace,https://seepi.in/cdn/shop/products/Elephant_Toy_with_Wheels_-_Varanasi_1600x.jpg?v=1623405091,closest_real_wood_product
harish_kumar,Maharashtra,Bamboo Shawl,Hingoli,Bamboo & Cane,Handicraft,Bamboo,Medium,8.9,106,503,1017,11/19/2025,High,14,Festival,Craft Study,https://themeghalayanage.store/cdn/shop/files/PER_8573_S.jpg?v=1741849809&width=940,closest_real_bamboo_product
kailash_panwar,Maharashtra,Cotton Toy,Jalgaon,Handloom & Textiles,Handloom,Cotton,Medium,7.6,206,511,805,11/20/2025,Medium,17,Festival,Government,https://themeghalayanage.store/cdn/shop/files/PER_8573_S.jpg?v=1741849809&width=940,closest_real_fibre_product
sh_mohammad_sohail_usta,Maharashtra,Leather Saree,Jalgaon,Leather Craft,Handicraft,Leather,Medium,9.4,244,813,1111,11/20/2025,Low,13,Festival,Marketplace,https://atbw.shop/cdn/shop/files/DEV02760-Edit-min.jpg?v=1758731714&width=1500,real_leather_saree_product_image
smt_minakshi_kiradu,Maharashtra,Wooden Tray,Jalna,Woodcraft & Carving,Handicraft,Wood,Medium,11.4,203,1008,1499,11/21/2025,Medium,13,Festival,Government,https://seepi.in/cdn/shop/products/Elephant_Toy_with_Wheels_-_Varanasi_1600x.jpg?v=1623405091,closest_real_wood_product
sh_rehmat_ali,Maharashtra,Cotton Vase,Jalna,Handloom & Textiles,Handloom,Cotton,Large,12.1,362,1130,1546,11/21/2025,Medium,16,Festival,Artisan Survey,https://themeghalayanage.store/cdn/shop/files/PER_8573_S.jpg?v=1741849809&width=940,closest_real_fibre_product
jaavaid_ahmed_dar,Maharashtra,Metal Bowl,Kolhapur,Metal Craft & Dhokra,Handicraft,Metal,Large,22.8,465,1873,4036,11/22/2025,Medium,6,Festival,Marketplace,https://giri.in/cdn/shop/files/650741_Pot_Terracotta_Clay_2.75_Inch_1_1200x1200.webp?v=1743076302,closest_real_craft_product
anita,Maharashtra,Leather Bag,Kolhapur,Leather Craft,Handicraft,Leather,Medium,11.3,325,966,2125,11/22/2025,Medium,17,Festival,Marketplace,https://www.spoilmesilly.in/cdn/shop/files/ACBA425H_600x.jpg?v=1737443960,direct_match_or_product_page
sanyogita,Maharashtra,Clay Carving,Latur,Pottery & Terracotta,Handicraft,Clay,Small,5.3,75,340,679,11/23/2025,Medium,15,Festival,Artisan Survey,https://giri.in/cdn/shop/files/650741_Pot_Terracotta_Clay_2.75_Inch_1_1200x1200.webp?v=1743076302,closest_real_terracotta_product
sukanyanm,Maharashtra,Natural Fibre Basket,Latur,Other Traditional Art,Handicraft,Mixed,Medium,9.4,177,735,1060,11/23/2025,High,4,Festival,Marketplace,https://themeghalayanage.store/cdn/shop/files/PER_8573_S.jpg?v=1741849809&width=940,closest_real_fibre_product
sirimalla_padma,Maharashtra,Lacquer Bowl,Mumbai City,Other Traditional Art,Handicraft,Mixed,Medium,9.3,178,619,1309,11/23/2025,Medium,3,Festival,Government,https://giri.in/cdn/shop/files/650741_Pot_Terracotta_Clay_2.75_Inch_1_1200x1200.webp?v=1743076302,closest_real_craft_product
imran_ul_haque_qureshi,Maharashtra,Wooden Fabric,Mumbai City,Woodcraft & Carving,Handicraft,Wood,Medium,9.5,196,863,1711,11/24/2025,Medium,18,Festival,Marketplace,https://cdn.shopify.com/s/files/1/0674/4352/3842/files/handloom-silk-weaving-india.png?v=1768110514,closest_real_textile_product
syed_jalal_parveez,Maharashtra,Wooden Box,Mumbai Suburban,Woodcraft & Carving,Handicraft,Wood,Medium,9.8,170,674,1100,11/24/2025,Medium,18,Festival,Government,https://seepi.in/cdn/shop/products/Elephant_Toy_with_Wheels_-_Varanasi_1600x.jpg?v=1623405091,closest_real_wood_product
srinivasa,Maharashtra,Silk Saree,Mumbai Suburban,Handloom & Textiles,Handloom,Silk,Medium,5.1,338,641,1139,11/25/2025,High,20,Festival,Craft Study,https://cdn.shopify.com/s/files/1/0674/4352/3842/files/handloom-silk-weaving-india.png?v=1768110514,direct_match_or_product_page
p_thanigaivel,Maharashtra,Bamboo Lamp,Nagpur,Bamboo & Cane,Handicraft,Bamboo,Small,5.8,215,550,1052,11/25/2025,Medium,3,Festival,Artisan Survey,https://www.claymango.com/cdn/shop/products/IMG-20221025-WA0011.jpg?v=1677751374,direct_match_or_product_page
akbar,Maharashtra,Wooden Bowl,Nagpur,Woodcraft & Carving,Handicraft,Wood,Small,4.3,138,420,576,11/26/2025,Low,18,Festival,Artisan Survey,https://seepi.in/cdn/shop/products/Elephant_Toy_with_Wheels_-_Varanasi_1600x.jpg?v=1623405091,closest_real_wood_product
sheshetty_varalakshmi,Maharashtra,Metal Plate,Nanded,Metal Craft & Dhokra,Handicraft,Metal,Medium,10.5,263,891,1583,11/26/2025,Medium,18,Festival,Craft Study,https://giri.in/cdn/shop/files/650741_Pot_Terracotta_Clay_2.75_Inch_1_1200x1200.webp?v=1743076302,closest_real_craft_product
l_rajeshwari,Maharashtra,Leather Wallet,Nanded,Leather Craft,Handicraft,Leather,Small,3.5,219,486,959,11/27/2025,Low,16,Festival,Artisan Survey,https://bongoniketan.in/cdn/shop/files/BuyauthenticandoriginalhandcraftedShantiniketanBengalpureleathervegetablewalletsinexclusivedesignbybongoniketanonline10.jpg?v=1730035779&width=1946,direct_match_or_product_page
janardhana_rao,Maharashtra,Stone Bowl,Nandurbar,Other Traditional Art,Handicraft,Mixed,Small,2,249,414,625,11/27/2025,High,10,Festival,Marketplace,https://giri.in/cdn/shop/files/650741_Pot_Terracotta_Clay_2.75_Inch_1_1200x1200.webp?v=1743076302,closest_real_craft_product
saraswathi_ishwar_n,Maharashtra,Wooden Fibre Mat,Nandurbar,Woodcraft & Carving,Handicraft,Wood,Medium,8.6,158,736,1271,11/28/2025,Medium,11,Festival,Government,https://seepi.in/cdn/shop/products/Elephant_Toy_with_Wheels_-_Varanasi_1600x.jpg?v=1623405091,closest_real_wood_product
jitendra_m_pisale,Maharashtra,Clay Bangle,Nashik,Pottery & Terracotta,Handicraft,Clay,Medium,8.6,114,756,1363,11/28/2025,Medium,9,Festival,Marketplace,https://giri.in/cdn/shop/files/650741_Pot_Terracotta_Clay_2.75_Inch_1_1200x1200.webp?v=1743076302,closest_real_terracotta_product
deepa_s_sonaji,Maharashtra,Handloom Stole,Nashik,Handloom & Textiles,Handloom,Textile,Small,3.7,124,391,772,11/29/2025,Medium,1,Festival,Craft Study,https://cdn.shopify.com/s/files/1/0674/4352/3842/files/handloom-silk-weaving-india.png?v=1768110514,closest_real_textile_product
mohammad_zahin,Maharashtra,Leather Bowl,Osmanabad,Leather Craft,Handicraft,Leather,Medium,7.4,260,771,1673,11/29/2025,High,11,Festival,Craft Study,https://www.pinterest.com/pin/175992297932351632/,direct_match_or_product_page
narendra_kumar_kaimaiya,Maharashtra,Wooden Saree,Osmanabad,Woodcraft & Carving,Handicraft,Wood,Medium,6.7,186,589,1220,11/30/2025,High,5,Festival,Artisan Survey,https://cdn.shopify.com/s/files/1/0674/4352/3842/files/handloom-silk-weaving-india.png?v=1768110514,closest_real_textile_product
ravi_thobhan_bhojavia,Maharashtra,Bamboo Mat,Palghar,Bamboo & Cane,Handicraft,Bamboo,Small,4.1,123,413,776,11/30/2025,Medium,5,Festival,Government,https://themeghalayanage.store/cdn/shop/files/PER_8573_S.jpg?v=1741849809&width=940,closest_real_bamboo_product
khatri_sumaiya,Maharashtra,Clay Lamp,Palghar,Pottery & Terracotta,Handicraft,Clay,Large,15.3,285,1016,1876,12-01-2025,High,2,Festival,Government,https://www.amalfieeceramics.com/cdn/shop/products/Amalfiee-Handmade-Terracotta-Ganpati-Diya-Lamp-set-of-4-Amalfiee_Ceramics-1678917314_1400x.jpg?v=1678917316,direct_match_or_product_page
garva_hemlata,Maharashtra,Cotton Statue,Parbhani,Handloom & Textiles,Handloom,Cotton,Large,23.6,315,1652,3077,12-01-2025,Medium,10,Festival,Craft Study,https://themeghalayanage.store/cdn/shop/files/PER_8573_S.jpg?v=1741849809&width=940,closest_real_fibre_product
patliya_seema_rahulbhai,Maharashtra,Leather Belt,Parbhani,Leather Craft,Handicraft,Leather,Medium,6.2,272,551,999,12-02-2025,High,1,Festival,Government,https://www.anamexim.com/cdn/shop/files/03.jpg?v=1723280506&width=1946,direct_match_or_product_page
maniram,Maharashtra,Bamboo Panel,Pune,Bamboo & Cane,Handicraft,Bamboo,Medium,7.2,131,423,592,12-02-2025,High,17,Festival,Marketplace,https://themeghalayanage.store/cdn/shop/files/PER_8573_S.jpg?v=1741849809&width=940,closest_real_bamboo_product
chitara_roshan_bhai,Maharashtra,Natural Fibre Bag,Pune,Other Traditional Art,Handicraft,Mixed,Small,3.2,195,470,913,12-03-2025,Low,18,Festival,Marketplace,https://themeghalayanage.store/cdn/shop/files/PER_8573_S.jpg?v=1741849809&width=940,closest_real_fibre_product
satishbhai_katrodi,Maharashtra,Clay Toy,Raigad,Pottery & Terracotta,Handicraft,Clay,Large,17.6,154,821,1608,12-03-2025,Medium,17,Festival,Government,https://giri.in/cdn/shop/files/650741_Pot_Terracotta_Clay_2.75_Inch_1_1200x1200.webp?v=1743076302,closest_real_terracotta_product
rakesh_bhavor,Maharashtra,Leather Saree,Raigad,Leather Craft,Handicraft,Leather,Medium,8.5,240,716,1278,12-04-2025,Medium,7,Festival,Artisan Survey,https://atbw.shop/cdn/shop/files/DEV02760-Edit-min.jpg?v=1758731714&width=1500,real_leather_saree_product_image
akbar_jaleel,Maharashtra,Wooden Doll,Ratnagiri,Woodcraft & Carving,Handicraft,Wood,Large,19,217,1369,2861,12-04-2025,Low,4,Festival,Craft Study,https://seepi.in/cdn/shop/products/Elephant_Toy_with_Wheels_-_Varanasi_1600x.jpg?v=1623405091,closest_real_wood_product
yogesh_ramu_vaghari,Maharashtra,Leather Fabric,Ratnagiri,Leather Craft,Handicraft,Leather,Medium,11.7,293,820,1576,12-05-2025,Medium,11,Festival,Artisan Survey,https://www.spoilmesilly.in/cdn/shop/files/ACBA425H_600x.jpg?v=1737443960,closest_real_leather_product
lataben_parmar,Maharashtra,Bamboo Box,Sangli,Bamboo & Cane,Handicraft,Bamboo,Small,3.1,113,391,648,12-05-2025,Low,14,Festival,Marketplace,https://banjaramarket.com/cdn/shop/files/udaan-bamboo-utility-box-112916.jpg?v=1725706897&width=1946,direct_match_or_product_page
nejamuddin,Maharashtra,Clay Planter,Sangli,Pottery & Terracotta,Handicraft,Clay,Small,4.8,113,393,537,12-06-2025,Medium,1,Festival,Marketplace,https://giri.in/cdn/shop/files/650741_Pot_Terracotta_Clay_2.75_Inch_1_1200x1200.webp?v=1743076302,closest_real_terracotta_product
yashmeen,Maharashtra,Wooden Tray,Satara,Woodcraft & Carving,Handicraft,Wood,Medium,5.2,202,570,798,12-06-2025,Low,18,Festival,Craft Study,https://seepi.in/cdn/shop/products/Elephant_Toy_with_Wheels_-_Varanasi_1600x.jpg?v=1623405091,closest_real_wood_product
mohammad_zafar,Maharashtra,Cotton Jutti,Satara,Leather Craft,Handicraft,Leather,Medium,6.8,219,720,1187,12-07-2025,Medium,9,Festival,Marketplace,https://themeghalayanage.store/cdn/shop/files/PER_8573_S.jpg?v=1741849809&width=940,closest_real_fibre_product
akib_husain,Maharashtra,Leather Lamp,Sindhudurg,Leather Craft,Handicraft,Leather,Small,3.9,185,396,690,12-07-2025,Medium,17,Festival,Marketplace,https://www.spoilmesilly.in/cdn/shop/files/ACBA425H_600x.jpg?v=1737443960,closest_real_leather_product
anil_kumar_kannaujiya,Maharashtra,Natural Fibre Basket,Sindhudurg,Other Traditional Art,Handicraft,Mixed,Medium,5.2,257,518,773,12-08-2025,Medium,2,Festival,Artisan Survey,https://themeghalayanage.store/cdn/shop/files/PER_8573_S.jpg?v=1741849809&width=940,closest_real_fibre_product
faizan_ahmad,Maharashtra,Wooden Box,Solapur,Woodcraft & Carving,Handicraft,Wood,Large,18.6,266,1150,1738,12-08-2025,Medium,9,Festival,Government,https://seepi.in/cdn/shop/products/Elephant_Toy_with_Wheels_-_Varanasi_1600x.jpg?v=1623405091,closest_real_wood_product
mohammad_arabi,Maharashtra,Wooden Shawl,Solapur,Woodcraft & Carving,Handicraft,Wood,Medium,9.7,173,735,1136,12-09-2025,High,10,Festival,Government,https://cdn.shopify.com/s/files/1/0674/4352/3842/files/handloom-silk-weaving-india.png?v=1768110514,closest_real_textile_product
mohd_asif,Maharashtra,Clay Lamp,Thane,Pottery & Terracotta,Handicraft,Clay,Medium,10.2,91,601,1210,12-09-2025,High,1,Festival,Craft Study,https://www.amalfieeceramics.com/cdn/shop/products/Amalfiee-Handmade-Terracotta-Ganpati-Diya-Lamp-set-of-4-Amalfiee_Ceramics-1678917314_1400x.jpg?v=1678917316,direct_match_or_product_page
mohammad_zubair,Maharashtra,Silk Fabric,Thane,Handloom & Textiles,Handloom,Silk,Small,4.1,180,527,1057,12-10-2025,Medium,15,Festival,Marketplace,https://cdn.shopify.com/s/files/1/0674/4352/3842/files/handloom-silk-weaving-india.png?v=1768110514,closest_real_textile_product
samaiya_bivi,Maharashtra,Cotton Basket,Wardha,Handloom & Textiles,Handloom,Cotton,Medium,9.2,199,692,1159,12-10-2025,Low,19,Festival,Government,https://themeghalayanage.store/cdn/shop/files/PER_8573_S.jpg?v=1741849809&width=940,closest_real_fibre_product
ikram,Maharashtra,Cotton Pot,Wardha,Handloom & Textiles,Handloom,Cotton,Small,3.6,167,444,664,12-11-2025,Low,11,Festival,Government,https://themeghalayanage.store/cdn/shop/files/PER_8573_S.jpg?v=1741849809&width=940,closest_real_fibre_product
rupa_rani,Maharashtra,Wooden Lamp,Washim,Woodcraft & Carving,Handicraft,Wood,Large,10.6,308,829,1197,12-11-2025,High,8,Festival,Craft Study,https://seepi.in/cdn/shop/products/Elephant_Toy_with_Wheels_-_Varanasi_1600x.jpg?v=1623405091,closest_real_wood_product
abid_khan,Maharashtra,Clay Puppet,Washim,Pottery & Terracotta,Handicraft,Clay,Medium,5.7,118,591,842,12-12-2025,Medium,13,Festival,Marketplace,https://giri.in/cdn/shop/files/650741_Pot_Terracotta_Clay_2.75_Inch_1_1200x1200.webp?v=1743076302,closest_real_terracotta_product
nadira_khanam,Maharashtra,Wooden Statue,Yavatmal,Woodcraft & Carving,Handicraft,Wood,Medium,9.6,203,709,1193,12-12-2025,High,8,Festival,Marketplace,https://seepi.in/cdn/shop/products/Elephant_Toy_with_Wheels_-_Varanasi_1600x.jpg?v=1623405091,closest_real_wood_product
firdosiya_bano,Maharashtra,Natural Fibre Mat,Yavatmal,Other Traditional Art,Handicraft,Mixed,Small,6,220,611,849,12/13/2025,Medium,8,Festival,Government,https://themeghalayanage.store/cdn/shop/files/PER_8573_S.jpg?v=1741849809&width=940,closest_real_fibre_product
sadiya_bano,Manipur,Clay Bowl,Bishnupur,Pottery & Terracotta,Handicraft,Clay,Small,2.1,63,277,453,12/13/2025,Low,16,Festival,Craft Study,https://www.desiclik.com/images/P/91269_clay_katori_bowl.jpg,direct_match_or_product_page
vishan_pal,Manipur,Clay Fabric,Chandel,Pottery & Terracotta,Handicraft,Clay,Medium,8.9,105,485,1051,12/14/2025,Medium,12,Festival,Craft Study,https://giri.in/cdn/shop/files/650741_Pot_Terracotta_Clay_2.75_Inch_1_1200x1200.webp?v=1743076302,closest_real_terracotta_product
ram_babu_kain,Manipur,Wooden Tray,Churachandpur,Woodcraft & Carving,Handicraft,Wood,Medium,10.3,261,1000,1781,12/14/2025,High,6,Festival,Marketplace,https://seepi.in/cdn/shop/products/Elephant_Toy_with_Wheels_-_Varanasi_1600x.jpg?v=1623405091,closest_real_wood_product
rajendra_prasad,Manipur,Clay dupatta,Imphal East,Pottery & Terracotta,Handicraft,Clay,Medium,10.8,100,666,1365,12/15/2025,High,9,Festival,Government,https://giri.in/cdn/shop/files/650741_Pot_Terracotta_Clay_2.75_Inch_1_1200x1200.webp?v=1743076302,closest_real_terracotta_product
balihari_prajapati,Manipur,Leather Tray,Imphal West,Leather Craft,Handicraft,Leather,Large,17.6,442,1468,2143,12/15/2025,Medium,17,Festival,Artisan Survey,https://indiacircus.com/damask-print-leather-tray.html,direct_match_or_product_page
girish_chandra_pal,Manipur,Leather Vase,Imphal West,Leather Craft,Handicraft,Leather,Large,18.7,448,1505,2375,12/16/2025,Medium,11,Festival,Artisan Survey,https://i.etsystatic.com/9758758/r/il/78f474/7829433305/il_fullxfull.7829433305_7czk.jpg,direct_match_or_product_page
dharmendra_kumar,Manipur,Metal Bowl,Jiribam,Metal Craft & Dhokra,Handicraft,Metal,Large,19.8,228,1436,3094,12/16/2025,Low,2,Festival,Artisan Survey,https://giri.in/cdn/shop/files/650741_Pot_Terracotta_Clay_2.75_Inch_1_1200x1200.webp?v=1743076302,closest_real_craft_product
naveen_kumar,Manipur,Leather Shoes,Kakching,Leather Craft,Handicraft,Leather,Small,5.4,214,450,754,12/17/2025,High,18,Festival,Craft Study,https://www.spoilmesilly.in/cdn/shop/files/ACBA425H_600x.jpg?v=1737443960,closest_real_leather_product
kanchan,Manipur,Clay Carving,Kamjong,Pottery & Terracotta,Handicraft,Clay,Medium,5.9,114,415,789,12/17/2025,Medium,15,Festival,Marketplace,https://giri.in/cdn/shop/files/650741_Pot_Terracotta_Clay_2.75_Inch_1_1200x1200.webp?v=1743076302,closest_real_terracotta_product
raju_pratap,Manipur,Clay Fibre Bag,Kangpokpi,Pottery & Terracotta,Handicraft,Clay,Large,23,179,1175,2561,12/17/2025,High,6,Festival,Government,https://giri.in/cdn/shop/files/650741_Pot_Terracotta_Clay_2.75_Inch_1_1200x1200.webp?v=1743076302,closest_real_terracotta_product
paramshila,Manipur,Cotton Bangle,Noney,Handloom & Textiles,Handloom,Cotton,Medium,5.2,235,505,918,12/18/2025,Medium,20,Festival,Marketplace,https://themeghalayanage.store/cdn/shop/files/PER_8573_S.jpg?v=1741849809&width=940,closest_real_fibre_product
priyanka,Manipur,Handloom Stole,Pherzawl,Handloom & Textiles,Handloom,Textile,Small,5.3,218,508,818,12/18/2025,Medium,20,Festival,Artisan Survey,https://cdn.shopify.com/s/files/1/0674/4352/3842/files/handloom-silk-weaving-india.png?v=1768110514,closest_real_textile_product
mohd_shahji_kamar,Manipur,Wooden Toy,Senapati,Woodcraft & Carving,Handicraft,Wood,Large,11.1,248,1022,1842,12/19/2025,Medium,20,Festival,Government,https://seepi.in/cdn/shop/products/Elephant_Toy_with_Wheels_-_Varanasi_1600x.jpg?v=1623405091,direct_match_or_product_page
raju,Manipur,Cotton Saree,Tamenglong,Handloom & Textiles,Handloom,Cotton,Medium,6.4,165,579,809,12/19/2025,Medium,8,Festival,Government,https://cdn.shopify.com/s/files/1/0674/4352/3842/files/handloom-silk-weaving-india.png?v=1768110514,closest_real_textile_product
palak_dinkar,Manipur,Leather Lamp,Tengnoupal,Leather Craft,Handicraft,Leather,Medium,5,291,663,958,12/20/2025,High,19,Festival,Artisan Survey,https://www.spoilmesilly.in/cdn/shop/files/ACBA425H_600x.jpg?v=1737443960,closest_real_leather_product
priyanka_raghuwanshi,Manipur,Wooden Bowl,Thoubal,Woodcraft & Carving,Handicraft,Wood,Large,16.2,272,1090,1478,12/20/2025,High,17,Festival,Marketplace,https://seepi.in/cdn/shop/products/Elephant_Toy_with_Wheels_-_Varanasi_1600x.jpg?v=1623405091,closest_real_wood_product
najiya,Manipur,Leather Plate,Ukhrul,Leather Craft,Handicraft,Leather,Medium,7.3,270,673,1414,12/21/2025,High,18,Festival,Artisan Survey,https://www.spoilmesilly.in/cdn/shop/files/ACBA425H_600x.jpg?v=1737443960,closest_real_leather_product
preeti_dixit,Meghalaya,Wooden Bag,East Garo Hills,Woodcraft & Carving,Handicraft,Wood,Medium,6.2,212,571,1097,12/21/2025,Medium,11,Festival,Government,https://seepi.in/cdn/shop/products/Elephant_Toy_with_Wheels_-_Varanasi_1600x.jpg?v=1623405091,closest_real_wood_product
dalavayi_chalapathi_rao,Meghalaya,Leather Bowl,East Jaintia Hills,Leather Craft,Handicraft,Leather,Medium,8.2,299,758,1216,12/22/2025,High,6,Festival,Government,https://www.pinterest.com/pin/175992297932351632/,direct_match_or_product_page
kasireddy_siva_prasada_reddy,Meghalaya,Wooden Fibre Basket,East Khasi Hills,Woodcraft & Carving,Handicraft,Wood,Medium,7.8,183,646,994,12/22/2025,Medium,5,Festival,Government,https://seepi.in/cdn/shop/products/Elephant_Toy_with_Wheels_-_Varanasi_1600x.jpg?v=1623405091,closest_real_wood_product
v_sreenivasulu_reddy,Meghalaya,Clay Toy,East Khasi Hills,Pottery & Terracotta,Handicraft,Clay,Small,5.1,75,367,709,12/23/2025,Medium,20,Festival,Artisan Survey,https://giri.in/cdn/shop/files/650741_Pot_Terracotta_Clay_2.75_Inch_1_1200x1200.webp?v=1743076302,closest_real_terracotta_product
patnam_munibabu,Meghalaya,Handloom Saree,Eastern West Khasi Hills,Handloom & Textiles,Handloom,Textile,Medium,11.3,298,969,2066,12/23/2025,Medium,11,Festival,Artisan Survey,https://cdn.shopify.com/s/files/1/0674/4352/3842/files/handloom-silk-weaving-india.png?v=1768110514,closest_real_textile_product
mannasamudra_m_viswanath,Meghalaya,Leather Box,Eastern West Khasi Hills,Leather Craft,Handicraft,Leather,Large,19.1,455,1842,2955,12/24/2025,Medium,19,Festival,Marketplace,https://www.amarkutir.in/custom-images/products/leather/product-images/26.png,direct_match_or_product_page
bandaru_satyavati,Meghalaya,Bamboo Saree,North Garo Hills,Bamboo & Cane,Handicraft,Bamboo,Small,2.5,80,250,406,12/24/2025,Low,12,Festival,Marketplace,https://themeghalayanage.store/cdn/shop/files/PER_8573_S.jpg?v=1741849809&width=940,closest_real_bamboo_product
kande_mohan_rao,Meghalaya,Bamboo Mat,Ri-Bhoi,Bamboo & Cane,Handicraft,Bamboo,Small,3.2,105,348,722,12/25/2025,Medium,11,Festival,Government,https://themeghalayanage.store/cdn/shop/files/PER_8573_S.jpg?v=1741849809&width=940,closest_real_bamboo_product
p_chengal_rayadu_achari,Meghalaya,Leather Lamp,Ri-Bhoi,Leather Craft,Handicraft,Leather,Large,22.8,488,1464,3088,12/25/2025,Low,2,Festival,Artisan Survey,https://www.spoilmesilly.in/cdn/shop/files/ACBA425H_600x.jpg?v=1737443960,closest_real_leather_product
manendra_deka,Meghalaya,Cotton Statue,South Garo Hills,Handloom & Textiles,Handloom,Cotton,Small,2.4,133,314,668,12/26/2025,Medium,9,Festival,Craft Study,https://themeghalayanage.store/cdn/shop/files/PER_8573_S.jpg?v=1741849809&width=940,closest_real_fibre_product
amen_deka,Meghalaya,Leather Wallet,South West Garo Hills,Leather Craft,Handicraft,Leather,Medium,7.8,338,845,1351,12/26/2025,Low,12,Festival,Artisan Survey,https://bongoniketan.in/cdn/shop/files/BuyauthenticandoriginalhandcraftedShantiniketanBengalpureleathervegetablewalletsinexclusivedesignbybongoniketanonline10.jpg?v=1730035779&width=1946,direct_match_or_product_page
khatun,Meghalaya,Leather Panel,South West Khasi Hills,Leather Craft,Handicraft,Leather,Medium,11.6,266,793,1152,12/27/2025,Medium,3,Festival,Government,https://www.spoilmesilly.in/cdn/shop/files/ACBA425H_600x.jpg?v=1737443960,closest_real_leather_product
jitendra_kumar,Meghalaya,Bamboo Fibre Mat,West Garo Hills,Bamboo & Cane,Handicraft,Bamboo,Medium,11.7,131,868,1496,12/27/2025,High,4,Festival,Marketplace,https://themeghalayanage.store/cdn/shop/files/PER_8573_S.jpg?v=1741849809&width=940,closest_real_bamboo_product
shivam,Meghalaya,Leather Box,West Jaintia Hills,Leather Craft,Handicraft,Leather,Small,3.6,211,418,669,12/28/2025,Medium,12,Festival,Government,https://www.amarkutir.in/custom-images/products/leather/product-images/26.png,direct_match_or_product_page
pooja_yadav,Meghalaya,Handloom Shawl,West Jaintia Hills,Handloom & Textiles,Handloom,Textile,Medium,9.7,162,587,1233,12/28/2025,Low,5,Festival,Government,https://cdn.shopify.com/s/files/1/0674/4352/3842/files/handloom-silk-weaving-india.png?v=1768110514,closest_real_textile_product
asma_bi,Meghalaya,Leather Bowl,West Khasi Hills,Leather Craft,Handicraft,Leather,Medium,8.2,298,888,1226,12/29/2025,High,15,Festival,Government,https://www.pinterest.com/pin/175992297932351632/,direct_match_or_product_page
sarfaraj,Meghalaya,Leather Saree,West Khasi Hills,Leather Craft,Handicraft,Leather,Medium,10.3,332,929,1755,12/29/2025,High,10,Festival,Government,https://atbw.shop/cdn/shop/files/DEV02760-Edit-min.jpg?v=1758731714&width=1500,real_leather_saree_product_image
mahaveer_singh,Mizoram,Bamboo Box,Aizawl,Bamboo & Cane,Handicraft,Bamboo,Small,2.1,216,413,876,12/30/2025,High,9,Festival,Government,https://banjaramarket.com/cdn/shop/files/udaan-bamboo-utility-box-112916.jpg?v=1725706897&width=1946,direct_match_or_product_page
pinky_choudhary,Mizoram,Cotton Planter,Champhai,Pottery & Terracotta,Handicraft,Clay,Medium,6,243,593,1293,12/30/2025,High,3,Festival,Artisan Survey,https://themeghalayanage.store/cdn/shop/files/PER_8573_S.jpg?v=1741849809&width=940,closest_real_fibre_product
monika_negi,Mizoram,Leather Tray,Champhai,Leather Craft,Handicraft,Leather,Medium,9.3,307,978,1861,12/31/2025,High,9,Festival,Government,https://indiacircus.com/damask-print-leather-tray.html,direct_match_or_product_page
satish_bhatt,Mizoram,Bamboo Belt,Hnahthial,Bamboo & Cane,Handicraft,Bamboo,Small,2.9,78,264,570,12/31/2025,Medium,11,Festival,Artisan Survey,https://themeghalayanage.store/cdn/shop/files/PER_8573_S.jpg?v=1741849809&width=940,closest_real_bamboo_product
reena,Mizoram,Clay Lamp,Khawzawl,Pottery & Terracotta,Handicraft,Clay,Small,4.7,66,395,559,01-01-2026,High,12,Winter,Craft Study,https://www.amalfieeceramics.com/cdn/shop/products/Amalfiee-Handmade-Terracotta-Ganpati-Diya-Lamp-set-of-4-Amalfiee_Ceramics-1678917314_1400x.jpg?v=1678917316,direct_match_or_product_page
drashna,Mizoram,Bamboo Fibre Bag,Khawzawl,Bamboo & Cane,Handicraft,Bamboo,Small,3.4,84,354,586,01-01-2026,High,6,Winter,Marketplace,https://img.esaras.in/catalog/product/cache/194e57ff18b0c86d9ecf78ca9ac7ebcf/s/g/sg01330_3_.jpg,closest_real_bamboo_product
madhabi_malakar,Mizoram,Bamboo Bowl,Kolasib,Bamboo & Cane,Handicraft,Bamboo,Small,5.5,80,396,538,01-02-2026,Medium,1,Winter,Marketplace,https://www.alibaba.com/product-detail/natural-handicraft-bamboo-bowls-handicraft-bamboo_11000010888306.html,direct_match_or_product_page
mohd_kayyum,Mizoram,Cotton Fabric,Lawngtlai,Handloom & Textiles,Handloom,Cotton,Small,5.3,151,484,1057,01-02-2026,High,19,Winter,Artisan Survey,https://cdn.shopify.com/s/files/1/0674/4352/3842/files/handloom-silk-weaving-india.png?v=1768110514,closest_real_textile_product
lalita_devi,Mizoram,Wooden Doll,Lunglei,Woodcraft & Carving,Handicraft,Wood,Large,16.9,237,1467,3106,01-03-2026,High,20,Winter,Government,https://seepi.in/cdn/shop/products/Elephant_Toy_with_Wheels_-_Varanasi_1600x.jpg?v=1623405091,closest_real_wood_product
partap_singh,Mizoram,Cotton Fabric,Lunglei,Handloom & Textiles,Handloom,Cotton,Medium,10.4,233,853,1172,01-03-2026,High,19,Winter,Marketplace,https://cdn.shopify.com/s/files/1/0674/4352/3842/files/handloom-silk-weaving-india.png?v=1768110514,closest_real_textile_product
vinita,Mizoram,Wooden Basket,Mamit,Woodcraft & Carving,Handicraft,Wood,Large,13.8,267,1130,1543,01-04-2026,High,6,Winter,Marketplace,https://seepi.in/cdn/shop/products/Elephant_Toy_with_Wheels_-_Varanasi_1600x.jpg?v=1623405091,closest_real_wood_product
taslim_arif,Mizoram,Clay Pot,Saitual,Pottery & Terracotta,Handicraft,Clay,Large,16.9,272,1276,2121,01-04-2026,Medium,13,Winter,Artisan Survey,https://giri.in/cdn/shop/files/650741_Pot_Terracotta_Clay_2.75_Inch_1_1200x1200.webp?v=1743076302,direct_match_or_product_page
jairaj_singh,Mizoram,Clay Lamp,Saitual,Pottery & Terracotta,Handicraft,Clay,Small,2.8,70,326,512,01-05-2026,Medium,3,Winter,Artisan Survey,https://www.amalfieeceramics.com/cdn/shop/products/Amalfiee-Handmade-Terracotta-Ganpati-Diya-Lamp-set-of-4-Amalfiee_Ceramics-1678917314_1400x.jpg?v=1678917316,direct_match_or_product_page
navit_sadh,Mizoram,Clay Jutti,Serchhip,Leather Craft,Handicraft,Leather,Medium,11,110,917,1898,01-05-2026,Medium,19,Winter,Artisan Survey,https://giri.in/cdn/shop/files/650741_Pot_Terracotta_Clay_2.75_Inch_1_1200x1200.webp?v=1743076302,closest_real_terracotta_product
chandrakanth_v,Mizoram,Leather Statue,Serchhip,Leather Craft,Handicraft,Leather,Large,21.5,394,1663,2472,01-06-2026,High,1,Winter,Artisan Survey,https://www.spoilmesilly.in/cdn/shop/files/ACBA425H_600x.jpg?v=1737443960,closest_real_leather_product
meharban,Mizoram,Bamboo Fibre Basket,Siaha,Bamboo & Cane,Handicraft,Bamboo,Medium,11.3,122,724,1464,01-06-2026,High,10,Winter,Marketplace,https://themeghalayanage.store/cdn/shop/files/PER_8573_S.jpg?v=1741849809&width=940,closest_real_bamboo_product
shruti_hegde,Nagaland,Wooden Bangle,Chumukedima,Woodcraft & Carving,Handicraft,Wood,Medium,11.1,155,609,1109,01-07-2026,High,18,Winter,Artisan Survey,https://seepi.in/cdn/shop/products/Elephant_Toy_with_Wheels_-_Varanasi_1600x.jpg?v=1623405091,closest_real_wood_product
smita_merchant,Nagaland,Leather Stole,Dimapur,Leather Craft,Handicraft,Leather,Medium,11.7,304,1008,1684,01-07-2026,High,15,Winter,Craft Study,https://www.spoilmesilly.in/cdn/shop/files/ACBA425H_600x.jpg?v=1737443960,closest_real_leather_product
vishal_hassan,Nagaland,Cotton Lamp,Dimapur,Handloom & Textiles,Handloom,Cotton,Small,2.9,149,405,597,01-08-2026,High,18,Winter,Marketplace,https://themeghalayanage.store/cdn/shop/files/PER_8573_S.jpg?v=1741849809&width=940,closest_real_fibre_product
seema_malik,Nagaland,Clay Fabric,Kiphire,Pottery & Terracotta,Handicraft,Clay,Medium,11.5,118,798,1754,01-08-2026,Low,10,Winter,Craft Study,https://giri.in/cdn/shop/files/650741_Pot_Terracotta_Clay_2.75_Inch_1_1200x1200.webp?v=1743076302,closest_real_terracotta_product
divya_kumar,Nagaland,Bamboo Tray,Kohima,Bamboo & Cane,Handicraft,Bamboo,Large,18,231,1043,1956,01-09-2026,High,2,Winter,Craft Study,https://silpakarman.com/products/natural-bamboo-tray,direct_match_or_product_page
dinesh_khan,Nagaland,Clay Vase,Kohima,Pottery & Terracotta,Handicraft,Clay,Large,15.9,251,1027,1770,01-09-2026,Low,1,Winter,Marketplace,https://giri.in/cdn/shop/files/650741_Pot_Terracotta_Clay_2.75_Inch_1_1200x1200.webp?v=1743076302,closest_real_terracotta_product
karthik_datta,Nagaland,Bamboo Bowl,Longleng,Bamboo & Cane,Handicraft,Bamboo,Small,4.2,79,376,626,01-09-2026,Medium,4,Winter,Government,https://www.alibaba.com/product-detail/natural-handicraft-bamboo-bowls-handicraft-bamboo_11000010888306.html,direct_match_or_product_page
geeta_merchant,Nagaland,Leather Puppet,Mokokchung,Leather Craft,Handicraft,Leather,Medium,7.4,299,857,1817,01-10-2026,Low,2,Winter,Government,https://theindiacrafthouse.com/products/andhra-leather-craft-string-puppet-vighnaharta-height-24-inches-ssap01b,direct_match_or_product_page
pallavi_datta,Nagaland,Stone Carving,Mokokchung,Other Traditional Art,Handicraft,Mixed,Small,3.2,213,438,897,01-10-2026,Medium,9,Winter,Artisan Survey,https://giri.in/cdn/shop/files/650741_Pot_Terracotta_Clay_2.75_Inch_1_1200x1200.webp?v=1743076302,closest_real_craft_product
vikram_khanduja,Nagaland,Clay Fibre Mat,Mokokchung,Pottery & Terracotta,Handicraft,Clay,Large,13.4,157,994,2027,01-11-2026,Medium,2,Winter,Government,https://giri.in/cdn/shop/files/650741_Pot_Terracotta_Clay_2.75_Inch_1_1200x1200.webp?v=1743076302,closest_real_terracotta_product
laxmi_hegde,Nagaland,Wooden Toy,Mokokchung,Woodcraft & Carving,Handicraft,Wood,Small,2.3,116,312,585,01-11-2026,Low,4,Winter,Marketplace,https://seepi.in/cdn/shop/products/Elephant_Toy_with_Wheels_-_Varanasi_1600x.jpg?v=1623405091,direct_match_or_product_page
jitendra_iyer,Nagaland,Bamboo Saree,Mon,Bamboo & Cane,Handicraft,Bamboo,Large,17,171,1365,2873,01-12-2026,Medium,9,Winter,Marketplace,https://themeghalayanage.store/cdn/shop/files/PER_8573_S.jpg?v=1741849809&width=940,closest_real_bamboo_product
anita_ali,Nagaland,Wooden Tray,Mon,Woodcraft & Carving,Handicraft,Wood,Large,22.4,428,1363,2187,01-12-2026,High,15,Winter,Craft Study,https://seepi.in/cdn/shop/products/Elephant_Toy_with_Wheels_-_Varanasi_1600x.jpg?v=1623405091,closest_real_wood_product
ritika_ali,Nagaland,Dupatta,Mon,Handloom & Textiles,Handloom,Textile,Small,4.5,126,476,927,1/13/2026,Low,14,Winter,Artisan Survey,https://cdn.shopify.com/s/files/1/0674/4352/3842/files/handloom-silk-weaving-india.png?v=1768110514,closest_real_textile_product
ravi_syed,Nagaland,Wooden Lamp,Mon,Woodcraft & Carving,Handicraft,Wood,Small,4.1,125,450,762,1/13/2026,Medium,2,Winter,Artisan Survey,https://seepi.in/cdn/shop/products/Elephant_Toy_with_Wheels_-_Varanasi_1600x.jpg?v=1623405091,closest_real_wood_product
kavita_joshi,Nagaland,Leather Bowl,Niuland,Leather Craft,Handicraft,Leather,Large,16,381,1431,2662,1/14/2026,Low,19,Winter,Marketplace,https://www.pinterest.com/pin/175992297932351632/,direct_match_or_product_page
nisha_mishra,Nagaland,Leather Plate,Niuland,Leather Craft,Handicraft,Leather,Small,3.9,232,434,954,1/14/2026,Low,11,Winter,Government,https://www.spoilmesilly.in/cdn/shop/files/ACBA425H_600x.jpg?v=1737443960,closest_real_leather_product
priyanka_banerjee,Nagaland,Leather Shoes,Niuland,Leather Craft,Handicraft,Leather,Medium,6.5,129,520,1137,1/15/2026,Low,7,Winter,Artisan Survey,https://www.spoilmesilly.in/cdn/shop/files/ACBA425H_600x.jpg?v=1737443960,closest_real_leather_product
arvind_ghosh,Nagaland,Bamboo Bowl,Noklak,Bamboo & Cane,Handicraft,Bamboo,Large,21.5,191,1483,2648,1/15/2026,Medium,8,Winter,Government,https://www.alibaba.com/product-detail/natural-handicraft-bamboo-bowls-handicraft-bamboo_11000010888306.html,direct_match_or_product_page
anita_singh,Nagaland,Wooden Fibre Bag,Noklak,Woodcraft & Carving,Handicraft,Wood,Medium,6.4,198,552,1014,1/16/2026,High,17,Winter,Marketplace,https://seepi.in/cdn/shop/products/Elephant_Toy_with_Wheels_-_Varanasi_1600x.jpg?v=1623405091,closest_real_wood_product
ritika_datta,Nagaland,Cotton Box,Noklak,Handloom & Textiles,Handloom,Cotton,Medium,10,257,788,1665,1/16/2026,Medium,10,Winter,Craft Study,https://themeghalayanage.store/cdn/shop/files/PER_8573_S.jpg?v=1741849809&width=940,closest_real_fibre_product
radha_verma,Nagaland,Leather Shawl,Peren,Leather Craft,Handicraft,Leather,Medium,10.3,308,958,2096,1/17/2026,High,5,Winter,Marketplace,https://www.spoilmesilly.in/cdn/shop/files/ACBA425H_600x.jpg?v=1737443960,closest_real_leather_product
seema_kapoor,Nagaland,Wooden Toy,Peren,Woodcraft & Carving,Handicraft,Wood,Small,4.3,106,388,781,1/17/2026,Medium,9,Winter,Marketplace,https://seepi.in/cdn/shop/products/Elephant_Toy_with_Wheels_-_Varanasi_1600x.jpg?v=1623405091,direct_match_or_product_page
rajesh_menon,Nagaland,Cotton Saree,Phek,Handloom & Textiles,Handloom,Cotton,Large,22.1,572,1432,2013,1/18/2026,High,2,Winter,Artisan Survey,https://cdn.shopify.com/s/files/1/0674/4352/3842/files/handloom-silk-weaving-india.png?v=1768110514,closest_real_textile_product
shruti_patel,Nagaland,Wooden Mat,Phek,Woodcraft & Carving,Handicraft,Wood,Small,3.2,109,307,499,1/18/2026,High,4,Winter,Artisan Survey,https://seepi.in/cdn/shop/products/Elephant_Toy_with_Wheels_-_Varanasi_1600x.jpg?v=1623405091,closest_real_wood_product
shruti_saxena,Nagaland,Wooden Lamp,Shamator,Woodcraft & Carving,Handicraft,Wood,Small,5.5,151,449,948,1/19/2026,Medium,7,Winter,Marketplace,https://seepi.in/cdn/shop/products/Elephant_Toy_with_Wheels_-_Varanasi_1600x.jpg?v=1623405091,closest_real_wood_product
vishal_reddy,Nagaland,Clay Statue,Tseminyu,Pottery & Terracotta,Handicraft,Clay,Small,4.9,80,485,972,1/19/2026,Low,5,Winter,Marketplace,https://giri.in/cdn/shop/files/650741_Pot_Terracotta_Clay_2.75_Inch_1_1200x1200.webp?v=1743076302,closest_real_terracotta_product
varun_rahman,Nagaland,Leather Bag,Tuensang,Leather Craft,Handicraft,Leather,Large,21.2,564,2121,4201,1/20/2026,Low,7,Winter,Government,https://www.spoilmesilly.in/cdn/shop/files/ACBA425H_600x.jpg?v=1737443960,direct_match_or_product_page
priya_roy,Nagaland,Wooden Panel,Tuensang,Woodcraft & Carving,Handicraft,Wood,Small,4.7,118,356,683,1/20/2026,Medium,2,Winter,Marketplace,https://seepi.in/cdn/shop/products/Elephant_Toy_with_Wheels_-_Varanasi_1600x.jpg?v=1623405091,closest_real_wood_product
hari_khan,Nagaland,Natural Fibre Basket,Wokha,Other Traditional Art,Handicraft,Mixed,Large,21.8,432,1427,2430,1/21/2026,Medium,13,Winter,Government,https://themeghalayanage.store/cdn/shop/files/PER_8573_S.jpg?v=1741849809&width=940,closest_real_fibre_product
varun_singh,Nagaland,Clay Bowl,Wokha,Pottery & Terracotta,Handicraft,Clay,Medium,12,108,696,1178,1/21/2026,Low,3,Winter,Marketplace,https://www.desiclik.com/images/P/91269_clay_katori_bowl.jpg,direct_match_or_product_page
hemant_banerjee,Nagaland,Wooden Fabric,Wokha,Woodcraft & Carving,Handicraft,Wood,Large,15.9,297,1162,2368,1/22/2026,High,5,Winter,Artisan Survey,https://cdn.shopify.com/s/files/1/0674/4352/3842/files/handloom-silk-weaving-india.png?v=1768110514,closest_real_textile_product
amit_iyer,Nagaland,Wooden Box,Zunheboto,Woodcraft & Carving,Handicraft,Wood,Large,21.4,298,1738,2780,1/22/2026,High,20,Winter,Government,https://seepi.in/cdn/shop/products/Elephant_Toy_with_Wheels_-_Varanasi_1600x.jpg?v=1623405091,closest_real_wood_product
ravi_merchant,Odisha,Clay Saree,Angul,Pottery & Terracotta,Handicraft,Clay,Large,20.4,188,1303,2518,1/23/2026,Medium,1,Winter,Marketplace,https://giri.in/cdn/shop/files/650741_Pot_Terracotta_Clay_2.75_Inch_1_1200x1200.webp?v=1743076302,closest_real_terracotta_product
neha_nair,Odisha,Leather Box,Balasore,Leather Craft,Handicraft,Leather,Large,16.3,478,1170,2302,1/23/2026,Medium,6,Winter,Government,https://www.amarkutir.in/custom-images/products/leather/product-images/26.png,direct_match_or_product_page
nikhil_roy,Odisha,Leather Planter,Balasore,Leather Craft,Handicraft,Leather,Small,5.7,188,439,908,1/24/2026,Medium,11,Winter,Government,https://www.spoilmesilly.in/cdn/shop/files/ACBA425H_600x.jpg?v=1737443960,closest_real_leather_product
arun_pandey,Odisha,Clay Tray,Bargarh,Pottery & Terracotta,Handicraft,Clay,Medium,7.8,99,491,796,1/24/2026,Medium,7,Winter,Government,https://giri.in/cdn/shop/files/650741_Pot_Terracotta_Clay_2.75_Inch_1_1200x1200.webp?v=1743076302,closest_real_terracotta_product
ramesh_rao,Odisha,Bamboo Wallet,Bhadrak,Bamboo & Cane,Handicraft,Bamboo,Medium,9,108,765,1515,1/25/2026,High,7,Winter,Government,https://themeghalayanage.store/cdn/shop/files/PER_8573_S.jpg?v=1741849809&width=940,closest_real_bamboo_product
anjum_kulkarni,Odisha,Stone Lamp,Bhadrak,Other Traditional Art,Handicraft,Mixed,Medium,5.7,138,551,794,1/25/2026,Medium,3,Winter,Craft Study,https://giri.in/cdn/shop/files/650741_Pot_Terracotta_Clay_2.75_Inch_1_1200x1200.webp?v=1743076302,closest_real_craft_product
meera_iyer,Odisha,Clay Fibre Mat,Bolangir,Pottery & Terracotta,Handicraft,Clay,Large,13.2,144,939,1378,1/26/2026,Low,9,Winter,Craft Study,https://giri.in/cdn/shop/files/650741_Pot_Terracotta_Clay_2.75_Inch_1_1200x1200.webp?v=1743076302,closest_real_terracotta_product
anjum_reddy,Odisha,Bamboo Bangle,Bolangir,Bamboo & Cane,Handicraft,Bamboo,Large,21.8,218,1305,2225,1/26/2026,Medium,16,Winter,Artisan Survey,https://themeghalayanage.store/cdn/shop/files/PER_8573_S.jpg?v=1741849809&width=940,closest_real_bamboo_product
arjun_patel,Odisha,Clay Stole,Boudh,Pottery & Terracotta,Handicraft,Clay,Medium,7.8,110,671,937,1/27/2026,Low,12,Winter,Marketplace,https://giri.in/cdn/shop/files/650741_Pot_Terracotta_Clay_2.75_Inch_1_1200x1200.webp?v=1743076302,closest_real_terracotta_product
hari_chandra,Odisha,Wooden Bowl,Cuttack,Woodcraft & Carving,Handicraft,Wood,Medium,7.8,186,640,1380,1/27/2026,Medium,19,Winter,Artisan Survey,https://seepi.in/cdn/shop/products/Elephant_Toy_with_Wheels_-_Varanasi_1600x.jpg?v=1623405091,closest_real_wood_product
sanjay_ghosh,Odisha,Bamboo Saree,Cuttack,Bamboo & Cane,Handicraft,Bamboo,Medium,6.7,118,590,1249,1/28/2026,Medium,14,Winter,Craft Study,https://themeghalayanage.store/cdn/shop/files/PER_8573_S.jpg?v=1741849809&width=940,closest_real_bamboo_product
sanjay_datta,Odisha,Clay Basket,Deogarh,Pottery & Terracotta,Handicraft,Clay,Medium,8.4,108,696,969,1/28/2026,Medium,16,Winter,Marketplace,https://giri.in/cdn/shop/files/650741_Pot_Terracotta_Clay_2.75_Inch_1_1200x1200.webp?v=1743076302,closest_real_terracotta_product
ritika_sen,Odisha,Clay Pot,Deogarh,Pottery & Terracotta,Handicraft,Clay,Medium,10.6,170,818,1687,1/29/2026,Medium,9,Winter,Government,https://giri.in/cdn/shop/files/650741_Pot_Terracotta_Clay_2.75_Inch_1_1200x1200.webp?v=1743076302,direct_match_or_product_page
karthik_saxena,Odisha,Leather Lamp,Deogarh,Leather Craft,Handicraft,Leather,Medium,11.3,324,1109,1977,1/29/2026,High,13,Winter,Artisan Survey,https://www.spoilmesilly.in/cdn/shop/files/ACBA425H_600x.jpg?v=1737443960,closest_real_leather_product
manish_gupta,Odisha,Leather Belt,Dhenkanal,Leather Craft,Handicraft,Leather,Small,2.3,204,338,658,1/30/2026,Low,12,Winter,Craft Study,https://www.anamexim.com/cdn/shop/files/03.jpg?v=1723280506&width=1946,direct_match_or_product_page
smita_verma,Odisha,Clay Statue,Dhenkanal,Pottery & Terracotta,Handicraft,Clay,Small,4.3,80,400,842,1/30/2026,High,17,Winter,Government,https://giri.in/cdn/shop/files/650741_Pot_Terracotta_Clay_2.75_Inch_1_1200x1200.webp?v=1743076302,closest_real_terracotta_product
nikhil_rao,Odisha,Wooden Fibre Bag,Gajapati,Woodcraft & Carving,Handicraft,Wood,Medium,8.3,185,547,1007,1/31/2026,Low,11,Winter,Marketplace,https://seepi.in/cdn/shop/products/Elephant_Toy_with_Wheels_-_Varanasi_1600x.jpg?v=1623405091,closest_real_wood_product
hemant_verma,Odisha,Bamboo Toy,Gajapati,Bamboo & Cane,Handicraft,Bamboo,Medium,9.3,122,632,916,1/31/2026,Medium,9,Winter,Marketplace,https://themeghalayanage.store/cdn/shop/files/PER_8573_S.jpg?v=1741849809&width=940,closest_real_bamboo_product
divya_ahmed,Odisha,Handloom Saree,Gajapati,Handloom & Textiles,Handloom,Textile,Large,16.3,277,1040,1406,02-01-2026,High,2,Winter,Marketplace,https://cdn.shopify.com/s/files/1/0674/4352/3842/files/handloom-silk-weaving-india.png?v=1768110514,closest_real_textile_product
vikram_patel,Odisha,Wooden Doll,Ganjam,Woodcraft & Carving,Handicraft,Wood,Medium,7.8,177,548,971,02-01-2026,Medium,18,Winter,Artisan Survey,https://seepi.in/cdn/shop/products/Elephant_Toy_with_Wheels_-_Varanasi_1600x.jpg?v=1623405091,closest_real_wood_product
ravi_kapoor,Odisha,Cotton Fabric,Ganjam,Handloom & Textiles,Handloom,Cotton,Small,3.9,104,324,699,02-01-2026,Low,9,Winter,Marketplace,https://cdn.shopify.com/s/files/1/0674/4352/3842/files/handloom-silk-weaving-india.png?v=1768110514,closest_real_textile_product
akshay_mishra,Odisha,Bamboo Tray,Ganjam,Bamboo & Cane,Handicraft,Bamboo,Small,4.3,201,433,795,02-02-2026,Medium,16,Winter,Craft Study,https://silpakarman.com/products/natural-bamboo-tray,direct_match_or_product_page
manish_iyer,Odisha,Cotton Vase,Jagatsinghpur,Handloom & Textiles,Handloom,Cotton,Small,4,159,446,743,02-02-2026,High,14,Winter,Artisan Survey,https://themeghalayanage.store/cdn/shop/files/PER_8573_S.jpg?v=1741849809&width=940,closest_real_fibre_product
shruti_pandey,Odisha,Leather Bowl,Jagatsinghpur,Leather Craft,Handicraft,Leather,Large,16.6,466,1397,1923,02-03-2026,High,1,Winter,Government,https://www.pinterest.com/pin/175992297932351632/,direct_match_or_product_page
nikhil_khanduja,Odisha,Leather Jutti,Jajpur,Leather Craft,Handicraft,Leather,Small,5.3,212,486,1034,02-03-2026,Medium,14,Winter,Artisan Survey,https://www.spoilmesilly.in/cdn/shop/files/ACBA425H_600x.jpg?v=1737443960,closest_real_leather_product
rajesh_hegde,Odisha,Wooden Carving,Jajpur,Woodcraft & Carving,Handicraft,Wood,Medium,10.2,180,927,1509,02-04-2026,Low,10,Winter,Artisan Survey,https://seepi.in/cdn/shop/products/Elephant_Toy_with_Wheels_-_Varanasi_1600x.jpg?v=1623405091,closest_real_wood_product
varun_merchant,Odisha,Wooden Fibre Basket,Jharsuguda,Woodcraft & Carving,Handicraft,Wood,Large,14.8,267,1292,2518,02-04-2026,Medium,5,Winter,Marketplace,https://seepi.in/cdn/shop/products/Elephant_Toy_with_Wheels_-_Varanasi_1600x.jpg?v=1623405091,closest_real_wood_product
rajesh_banerjee,Odisha,Lacquer Box,Jharsuguda,Other Traditional Art,Handicraft,Mixed,Large,21.2,554,1451,2815,02-05-2026,Low,6,Winter,Marketplace,https://giri.in/cdn/shop/files/650741_Pot_Terracotta_Clay_2.75_Inch_1_1200x1200.webp?v=1743076302,closest_real_craft_product
priya_joshi,Odisha,Handloom Shawl,Jharsuguda,Handloom & Textiles,Handloom,Textile,Small,5.4,102,405,634,02-05-2026,Low,13,Winter,Artisan Survey,https://cdn.shopify.com/s/files/1/0674/4352/3842/files/handloom-silk-weaving-india.png?v=1768110514,closest_real_textile_product
sunita_khanduja,Odisha,Wooden Lamp,Kalahandi,Woodcraft & Carving,Handicraft,Wood,Small,2.6,148,376,528,02-06-2026,Medium,2,Winter,Marketplace,https://seepi.in/cdn/shop/products/Elephant_Toy_with_Wheels_-_Varanasi_1600x.jpg?v=1623405091,closest_real_wood_product
laxmi_rahman,Odisha,Silk Fabric,Kandhamal,Handloom & Textiles,Handloom,Silk,Small,4.3,194,552,926,02-06-2026,High,13,Winter,Government,https://cdn.shopify.com/s/files/1/0674/4352/3842/files/handloom-silk-weaving-india.png?v=1768110514,closest_real_textile_product
divya_kulkarni,Odisha,Wooden Lamp,Kendrapara,Woodcraft & Carving,Handicraft,Wood,Small,3.1,132,317,513,02-07-2026,Low,17,Winter,Government,https://seepi.in/cdn/shop/products/Elephant_Toy_with_Wheels_-_Varanasi_1600x.jpg?v=1623405091,closest_real_wood_product
nikhil_khan,Odisha,Clay Bowl,Kendujhar (Keonjhar),Pottery & Terracotta,Handicraft,Clay,Small,5,218,596,1159,02-07-2026,High,2,Winter,Government,https://www.desiclik.com/images/P/91269_clay_katori_bowl.jpg,direct_match_or_product_page
anjali_kumar,Odisha,Metal Plate,Khurdha,Metal Craft & Dhokra,Handicraft,Metal,Medium,6.7,342,643,1316,02-08-2026,High,1,Winter,Artisan Survey,https://giri.in/cdn/shop/files/650741_Pot_Terracotta_Clay_2.75_Inch_1_1200x1200.webp?v=1743076302,closest_real_craft_product
meera_syed,Odisha,Wooden Puppet,Khurda,Woodcraft & Carving,Handicraft,Wood,Large,19.4,259,1185,1824,02-08-2026,High,2,Winter,Government,https://seepi.in/cdn/shop/products/Elephant_Toy_with_Wheels_-_Varanasi_1600x.jpg?v=1623405091,closest_real_wood_product
deepika_bhat,Odisha,Stone Bowl,Khurda,Other Traditional Art,Handicraft,Mixed,Medium,6.8,351,840,1511,02-09-2026,Medium,15,Winter,Marketplace,https://giri.in/cdn/shop/files/650741_Pot_Terracotta_Clay_2.75_Inch_1_1200x1200.webp?v=1743076302,closest_real_craft_product
ananya_merchant,Odisha,Natural Fibre Mat,Khurda,Other Traditional Art,Handicraft,Mixed,Medium,8.6,155,699,968,02-09-2026,Medium,17,Winter,Marketplace,https://themeghalayanage.store/cdn/shop/files/PER_8573_S.jpg?v=1741849809&width=940,closest_real_fibre_product
sanjay_sharma,Odisha,Lacquer Bowl,Koraput,Other Traditional Art,Handicraft,Mixed,Small,5.8,111,580,889,02-10-2026,Low,20,Winter,Artisan Survey,https://giri.in/cdn/shop/files/650741_Pot_Terracotta_Clay_2.75_Inch_1_1200x1200.webp?v=1743076302,closest_real_craft_product
hemant_hassan,Odisha,Wooden Fabric,Malkangiri,Woodcraft & Carving,Handicraft,Wood,Large,15.3,296,919,1836,02-10-2026,Medium,1,Winter,Marketplace,https://cdn.shopify.com/s/files/1/0674/4352/3842/files/handloom-silk-weaving-india.png?v=1768110514,closest_real_textile_product
geeta_das,Odisha,Cotton Tray,Malkangiri,Handloom & Textiles,Handloom,Cotton,Medium,11.1,190,679,1375,02-11-2026,Medium,10,Winter,Craft Study,https://themeghalayanage.store/cdn/shop/files/PER_8573_S.jpg?v=1741849809&width=940,closest_real_fibre_product
smita_khanduja,Odisha,Cotton dupatta,Malkangiri,Handloom & Textiles,Handloom,Cotton,Large,23.8,360,1289,2591,02-11-2026,Medium,1,Winter,Craft Study,https://cdn.shopify.com/s/files/1/0674/4352/3842/files/handloom-silk-weaving-india.png?v=1768110514,closest_real_textile_product
meera_hassan,Odisha,Clay Mat,Malkangiri,Pottery & Terracotta,Handicraft,Clay,Large,22.2,151,1114,1639,02-12-2026,Low,8,Winter,Government,https://giri.in/cdn/shop/files/650741_Pot_Terracotta_Clay_2.75_Inch_1_1200x1200.webp?v=1743076302,closest_real_terracotta_product
prakash_ahmed,Odisha,Cotton Lamp,Mayurbhanj,Handloom & Textiles,Handloom,Cotton,Small,2.7,149,334,607,02-12-2026,Low,7,Winter,Artisan Survey,https://themeghalayanage.store/cdn/shop/files/PER_8573_S.jpg?v=1741849809&width=940,closest_real_fibre_product
arjun_dey,Odisha,Leather Statue,Nabarangpur,Leather Craft,Handicraft,Leather,Small,5.3,211,565,966,2/13/2026,High,13,Winter,Government,https://www.spoilmesilly.in/cdn/shop/files/ACBA425H_600x.jpg?v=1737443960,closest_real_leather_product
hemant_pandey,Odisha,Leather Shoes,Nayagarh,Leather Craft,Handicraft,Leather,Small,2.1,201,361,792,2/13/2026,High,19,Winter,Artisan Survey,https://www.spoilmesilly.in/cdn/shop/files/ACBA425H_600x.jpg?v=1737443960,closest_real_leather_product
nisha_reddy,Odisha,Leather Panel,Nuapada,Leather Craft,Handicraft,Leather,Medium,7.8,247,762,1452,2/14/2026,Medium,17,Winter,Marketplace,https://www.spoilmesilly.in/cdn/shop/files/ACBA425H_600x.jpg?v=1737443960,closest_real_leather_product
naveen_singh,Odisha,Cotton Fibre Bag,Nuapada,Handloom & Textiles,Handloom,Cotton,Large,22.2,308,1458,3127,2/14/2026,High,2,Winter,Government,https://themeghalayanage.store/cdn/shop/files/PER_8573_S.jpg?v=1741849809&width=940,closest_real_fibre_product
mohan_kulkarni,Odisha,Wooden Bangle,Puri,Woodcraft & Carving,Handicraft,Wood,Medium,9.8,165,592,872,2/15/2026,Medium,5,Winter,Government,https://seepi.in/cdn/shop/products/Elephant_Toy_with_Wheels_-_Varanasi_1600x.jpg?v=1623405091,closest_real_wood_product
nisha_singh,Odisha,Handloom Stole,Puri,Handloom & Textiles,Handloom,Textile,Medium,8.7,138,674,1168,2/15/2026,Medium,6,Winter,Marketplace,https://cdn.shopify.com/s/files/1/0674/4352/3842/files/handloom-silk-weaving-india.png?v=1768110514,closest_real_textile_product
bhavesh_sinha,Odisha,Bamboo Toy,Rayagada,Bamboo & Cane,Handicraft,Bamboo,Medium,7.7,128,434,871,2/16/2026,High,6,Winter,Artisan Survey,https://themeghalayanage.store/cdn/shop/files/PER_8573_S.jpg?v=1741849809&width=940,closest_real_bamboo_product
divya_hegde,Odisha,Cotton Saree,Rayagada,Handloom & Textiles,Handloom,Cotton,Small,5.2,192,561,933,2/16/2026,Medium,8,Winter,Artisan Survey,https://cdn.shopify.com/s/files/1/0674/4352/3842/files/handloom-silk-weaving-india.png?v=1768110514,closest_real_textile_product
suresh_banerjee,Odisha,Bamboo Box,Sambalpur,Bamboo & Cane,Handicraft,Bamboo,Small,4.8,122,345,651,2/17/2026,Medium,13,Winter,Government,https://banjaramarket.com/cdn/shop/files/udaan-bamboo-utility-box-112916.jpg?v=1725706897&width=1946,direct_match_or_product_page
geeta_bhat,Odisha,Wooden Planter,Sambalpur,Pottery & Terracotta,Handicraft,Clay,Medium,8.3,166,668,1192,2/17/2026,Medium,15,Winter,Government,https://seepi.in/cdn/shop/products/Elephant_Toy_with_Wheels_-_Varanasi_1600x.jpg?v=1623405091,closest_real_wood_product
ashish_banerjee,Odisha,Wooden Tray,Sambalpur,Woodcraft & Carving,Handicraft,Wood,Medium,11.2,159,933,2046,2/18/2026,Medium,19,Winter,Marketplace,https://seepi.in/cdn/shop/products/Elephant_Toy_with_Wheels_-_Varanasi_1600x.jpg?v=1623405091,closest_real_wood_product
deepika_datta,Odisha,Wooden Bag,Sonepur (Subarnapur),Woodcraft & Carving,Handicraft,Wood,Medium,6.6,208,624,935,2/18/2026,Medium,15,Winter,Marketplace,https://seepi.in/cdn/shop/products/Elephant_Toy_with_Wheels_-_Varanasi_1600x.jpg?v=1623405091,closest_real_wood_product
ashok_hassan,Odisha,Cotton Lamp,Sundergarh,Handloom & Textiles,Handloom,Cotton,Small,2.7,147,354,759,2/19/2026,Medium,6,Winter,Government,https://themeghalayanage.store/cdn/shop/files/PER_8573_S.jpg?v=1741849809&width=940,closest_real_fibre_product
rohit_desai,Puducherry,Wooden Fibre Basket,Karaikal,Woodcraft & Carving,Handicraft,Wood,Medium,9.5,180,768,1299,2/19/2026,Medium,4,Winter,Government,https://seepi.in/cdn/shop/products/Elephant_Toy_with_Wheels_-_Varanasi_1600x.jpg?v=1623405091,closest_real_wood_product
divya_singh,Puducherry,Leather Toy,Mahe,Leather Craft,Handicraft,Leather,Small,5.9,232,557,974,2/20/2026,Medium,8,Winter,Craft Study,https://www.spoilmesilly.in/cdn/shop/files/ACBA425H_600x.jpg?v=1737443960,closest_real_leather_product
sandeep_malik,Puducherry,Handloom Saree,Puducherry,Handloom & Textiles,Handloom,Textile,Large,13.5,567,1426,2566,2/20/2026,Medium,16,Winter,Marketplace,https://cdn.shopify.com/s/files/1/0674/4352/3842/files/handloom-silk-weaving-india.png?v=1768110514,closest_real_textile_product
pallavi_ghosh,Puducherry,Wooden Box,Yanam,Woodcraft & Carving,Handicraft,Wood,Small,3,116,365,575,2/21/2026,Medium,20,Winter,Artisan Survey,https://seepi.in/cdn/shop/products/Elephant_Toy_with_Wheels_-_Varanasi_1600x.jpg?v=1623405091,closest_real_wood_product
seema_banerjee,Punjab,Leather Saree,Amritsar,Leather Craft,Handicraft,Leather,Small,2.6,171,411,892,2/21/2026,High,8,Winter,Marketplace,https://atbw.shop/cdn/shop/files/DEV02760-Edit-min.jpg?v=1758731714&width=1500,real_leather_saree_product_image
varun_dey,Punjab,Bamboo Basket,Amritsar,Bamboo & Cane,Handicraft,Bamboo,Medium,11,159,760,1615,2/22/2026,High,4,Winter,Marketplace,https://themeghalayanage.store/cdn/shop/files/PER_8573_S.jpg?v=1741849809&width=940,direct_match_or_product_page
karthik_reddy,Punjab,Cotton Pot,Amritsar,Handloom & Textiles,Handloom,Cotton,Medium,6.6,263,662,1441,2/22/2026,Medium,1,Winter,Marketplace,https://themeghalayanage.store/cdn/shop/files/PER_8573_S.jpg?v=1741849809&width=940,closest_real_fibre_product
veena_malik,Punjab,Bamboo Lamp,Barnala,Bamboo & Cane,Handicraft,Bamboo,Medium,8.5,142,730,1604,2/23/2026,High,2,Winter,Government,https://www.claymango.com/cdn/shop/products/IMG-20221025-WA0011.jpg?v=1677751374,direct_match_or_product_page
darshan_malhotra,Punjab,Leather Wallet,Barnala,Leather Craft,Handicraft,Leather,Medium,11.9,248,950,1823,2/23/2026,Low,13,Winter,Government,https://bongoniketan.in/cdn/shop/files/BuyauthenticandoriginalhandcraftedShantiniketanBengalpureleathervegetablewalletsinexclusivedesignbybongoniketanonline10.jpg?v=1730035779&width=1946,direct_match_or_product_page
naveen_ghosh,Punjab,Cotton Statue,Bathinda,Handloom & Textiles,Handloom,Cotton,Large,10.2,348,890,1543,2/24/2026,Medium,12,Winter,Craft Study,https://themeghalayanage.store/cdn/shop/files/PER_8573_S.jpg?v=1741849809&width=940,closest_real_fibre_product
harish_pandey,Punjab,Wooden Fibre Mat,Bathinda,Woodcraft & Carving,Handicraft,Wood,Medium,8.9,173,625,1296,2/24/2026,Medium,13,Winter,Craft Study,https://seepi.in/cdn/shop/products/Elephant_Toy_with_Wheels_-_Varanasi_1600x.jpg?v=1623405091,closest_real_wood_product
shruti_gupta,Punjab,Lacquer Box,Bathinda,Other Traditional Art,Handicraft,Mixed,Medium,8.6,269,706,967,2/25/2026,Medium,1,Winter,Artisan Survey,https://giri.in/cdn/shop/files/650741_Pot_Terracotta_Clay_2.75_Inch_1_1200x1200.webp?v=1743076302,closest_real_craft_product
vishal_murthy,Punjab,Leather Shawl,Faridkot,Leather Craft,Handicraft,Leather,Medium,10.7,306,891,1835,2/25/2026,High,9,Winter,Government,https://www.spoilmesilly.in/cdn/shop/files/ACBA425H_600x.jpg?v=1737443960,closest_real_leather_product
divya_mishra,Punjab,Wooden Bowl,Faridkot,Woodcraft & Carving,Handicraft,Wood,Small,3.4,99,270,479,2/25/2026,High,4,Winter,Government,https://seepi.in/cdn/shop/products/Elephant_Toy_with_Wheels_-_Varanasi_1600x.jpg?v=1623405091,closest_real_wood_product
seema_rao,Punjab,Handloom Saree,Fatehgarh Sahib,Handloom & Textiles,Handloom,Textile,Medium,7.9,146,503,967,2/26/2026,Medium,7,Winter,Government,https://cdn.shopify.com/s/files/1/0674/4352/3842/files/handloom-silk-weaving-india.png?v=1768110514,closest_real_textile_product
varun_pandey,Punjab,Wooden Tray,Fatehgarh Sahib,Woodcraft & Carving,Handicraft,Wood,Small,2.7,111,268,447,2/26/2026,Medium,13,Winter,Craft Study,https://seepi.in/cdn/shop/products/Elephant_Toy_with_Wheels_-_Varanasi_1600x.jpg?v=1623405091,closest_real_wood_product
naveen_roy,Punjab,Leather Vase,Fazilka,Leather Craft,Handicraft,Leather,Medium,10.2,287,1051,1748,2/27/2026,Medium,6,Winter,Artisan Survey,https://i.etsystatic.com/9758758/r/il/78f474/7829433305/il_fullxfull.7829433305_7czk.jpg,direct_match_or_product_page
anita_rao,Punjab,Leather Bowl,Fazilka,Leather Craft,Handicraft,Leather,Small,5.1,177,449,618,2/27/2026,Medium,14,Winter,Marketplace,https://www.pinterest.com/pin/175992297932351632/,direct_match_or_product_page
darshan_kumar,Punjab,Leather Belt,Ferozepur,Leather Craft,Handicraft,Leather,Large,11.9,481,972,1662,2/28/2026,Low,6,Winter,Craft Study,https://www.anamexim.com/cdn/shop/files/03.jpg?v=1723280506&width=1946,direct_match_or_product_page
nisha_kulkarni,Punjab,Leather Carving,Ferozepur,Leather Craft,Handicraft,Leather,Medium,7.8,252,691,1173,2/28/2026,High,11,Winter,Government,https://www.spoilmesilly.in/cdn/shop/files/ACBA425H_600x.jpg?v=1737443960,closest_real_leather_product
veena_saxena,Punjab,Leather Fibre Bag,Gurdaspur,Leather Craft,Handicraft,Leather,Large,22.5,530,1570,2419,03-01-2026,High,10,Summer,Marketplace,https://www.spoilmesilly.in/cdn/shop/files/ACBA425H_600x.jpg?v=1737443960,closest_real_leather_product
karthik_ghosh,Punjab,Clay Bowl,Gurdaspur,Pottery & Terracotta,Handicraft,Clay,Medium,5,90,475,741,03-01-2026,High,8,Summer,Government,https://www.desiclik.com/images/P/91269_clay_katori_bowl.jpg,direct_match_or_product_page
amrita_malhotra,Punjab,Wooden Fabric,Hoshiarpur,Woodcraft & Carving,Handicraft,Wood,Small,3.2,130,417,770,03-02-2026,Medium,3,Summer,Government,https://cdn.shopify.com/s/files/1/0674/4352/3842/files/handloom-silk-weaving-india.png?v=1768110514,closest_real_textile_product
akshay_singh,Punjab,Clay Doll,Hoshiarpur,Pottery & Terracotta,Handicraft,Clay,Large,17.8,147,1102,1785,03-02-2026,Low,12,Summer,Craft Study,https://giri.in/cdn/shop/files/650741_Pot_Terracotta_Clay_2.75_Inch_1_1200x1200.webp?v=1743076302,closest_real_terracotta_product
manish_datta,Punjab,Cotton Fabric,Jalandhar,Handloom & Textiles,Handloom,Cotton,Medium,7.3,193,621,1277,03-03-2026,Medium,20,Summer,Craft Study,https://cdn.shopify.com/s/files/1/0674/4352/3842/files/handloom-silk-weaving-india.png?v=1768110514,closest_real_textile_product
radha_sinha,Punjab,Wooden Lamp,Jalandhar,Woodcraft & Carving,Handicraft,Wood,Medium,6.9,166,576,832,03-03-2026,High,13,Summer,Government,https://seepi.in/cdn/shop/products/Elephant_Toy_with_Wheels_-_Varanasi_1600x.jpg?v=1623405091,closest_real_wood_product
sunita_bhat,Punjab,Wooden Bowl,Jalandhar,Woodcraft & Carving,Handicraft,Wood,Medium,8.2,156,515,948,03-04-2026,Low,15,Summer,Government,https://seepi.in/cdn/shop/products/Elephant_Toy_with_Wheels_-_Varanasi_1600x.jpg?v=1623405091,closest_real_wood_product
ravi_dey,Punjab,Metal Plate,Jalandhar,Metal Craft & Dhokra,Handicraft,Metal,Medium,6.3,270,632,939,03-04-2026,Low,17,Summer,Marketplace,https://giri.in/cdn/shop/files/650741_Pot_Terracotta_Clay_2.75_Inch_1_1200x1200.webp?v=1743076302,closest_real_craft_product
kavita_sen,Punjab,Clay Jutti,Kapurthala,Leather Craft,Handicraft,Leather,Large,17.4,164,886,1594,03-05-2026,Low,1,Summer,Government,https://giri.in/cdn/shop/files/650741_Pot_Terracotta_Clay_2.75_Inch_1_1200x1200.webp?v=1743076302,closest_real_terracotta_product
sandeep_murthy,Punjab,Clay Bowl,Ludhiana,Pottery & Terracotta,Handicraft,Clay,Medium,9.9,108,569,1035,03-05-2026,High,16,Summer,Marketplace,https://www.desiclik.com/images/P/91269_clay_katori_bowl.jpg,direct_match_or_product_page
amrita_dey,Punjab,Leather Fibre Basket,Ludhiana,Leather Craft,Handicraft,Leather,Small,4.3,173,485,920,03-06-2026,High,5,Summer,Marketplace,https://www.spoilmesilly.in/cdn/shop/files/ACBA425H_600x.jpg?v=1737443960,closest_real_leather_product
bhavesh_hassan,Punjab,Clay Bangle,Malerkotla,Pottery & Terracotta,Handicraft,Clay,Medium,5.7,100,361,619,03-06-2026,Medium,14,Summer,Government,https://giri.in/cdn/shop/files/650741_Pot_Terracotta_Clay_2.75_Inch_1_1200x1200.webp?v=1743076302,closest_real_terracotta_product
shreya_datta,Punjab,Handloom Stole,Malerkotla,Handloom & Textiles,Handloom,Textile,Medium,10.9,316,801,1428,03-07-2026,Low,20,Summer,Government,https://cdn.shopify.com/s/files/1/0674/4352/3842/files/handloom-silk-weaving-india.png?v=1768110514,closest_real_textile_product
sunita_hassan,Punjab,Wooden Lamp,Mansa,Woodcraft & Carving,Handicraft,Wood,Large,12.4,268,999,1502,03-07-2026,High,18,Summer,Government,https://seepi.in/cdn/shop/products/Elephant_Toy_with_Wheels_-_Varanasi_1600x.jpg?v=1623405091,closest_real_wood_product
rohit_rao,Punjab,Leather Fabric,Mansa,Leather Craft,Handicraft,Leather,Medium,10.4,274,839,1463,03-08-2026,Medium,9,Summer,Craft Study,https://www.spoilmesilly.in/cdn/shop/files/ACBA425H_600x.jpg?v=1737443960,closest_real_leather_product
arun_nair,Punjab,Clay Mat,Moga,Pottery & Terracotta,Handicraft,Clay,Medium,7.5,88,466,777,03-08-2026,Low,17,Summer,Marketplace,https://giri.in/cdn/shop/files/650741_Pot_Terracotta_Clay_2.75_Inch_1_1200x1200.webp?v=1743076302,closest_real_terracotta_product
seema_mishra,Punjab,Cotton Lamp,Pathankot,Handloom & Textiles,Handloom,Cotton,Large,21,326,1161,2225,03-09-2026,Medium,13,Summer,Marketplace,https://themeghalayanage.store/cdn/shop/files/PER_8573_S.jpg?v=1741849809&width=940,closest_real_fibre_product
smita_chandra,Punjab,Leather Statue,Patiala,Leather Craft,Handicraft,Leather,Medium,6.4,284,641,1102,03-09-2026,Medium,3,Summer,Government,https://www.spoilmesilly.in/cdn/shop/files/ACBA425H_600x.jpg?v=1737443960,closest_real_leather_product
prakash_sharma,Punjab,Leather Puppet,Rupnagar,Leather Craft,Handicraft,Leather,Medium,6.3,335,660,1328,03-10-2026,Medium,5,Summer,Artisan Survey,https://theindiacrafthouse.com/products/andhra-leather-craft-string-puppet-vighnaharta-height-24-inches-ssap01b,direct_match_or_product_page
radha_kumar,Punjab,Wooden Panel,Rupnagar,Woodcraft & Carving,Handicraft,Wood,Medium,8.5,216,820,1404,03-10-2026,High,20,Summer,Government,https://seepi.in/cdn/shop/products/Elephant_Toy_with_Wheels_-_Varanasi_1600x.jpg?v=1623405091,closest_real_wood_product
sanjay_khan,Punjab,Cotton Fibre Mat,Sahibzada Ajit Singh Nagar/Mohali,Handloom & Textiles,Handloom,Cotton,Small,2.1,184,424,657,03-11-2026,Medium,19,Summer,Government,https://themeghalayanage.store/cdn/shop/files/PER_8573_S.jpg?v=1741849809&width=940,closest_real_fibre_product
ananya_iyer,Punjab,Wooden Toy,Sahibzada Ajit Singh Nagar/Mohali,Woodcraft & Carving,Handicraft,Wood,Medium,6.6,180,570,902,03-11-2026,Medium,18,Summer,Artisan Survey,https://seepi.in/cdn/shop/products/Elephant_Toy_with_Wheels_-_Varanasi_1600x.jpg?v=1623405091,direct_match_or_product_page
nisha_ghosh,Punjab,Cotton Saree,Sahibzada Ajit Singh Nagar/Mohali,Handloom & Textiles,Handloom,Cotton,Small,4.9,135,405,562,03-12-2026,Medium,8,Summer,Artisan Survey,https://cdn.shopify.com/s/files/1/0674/4352/3842/files/handloom-silk-weaving-india.png?v=1768110514,closest_real_textile_product
ritika_gupta,Punjab,Wooden Tray,Sangrur,Woodcraft & Carving,Handicraft,Wood,Small,5.3,121,462,836,03-12-2026,Medium,7,Summer,Government,https://seepi.in/cdn/shop/products/Elephant_Toy_with_Wheels_-_Varanasi_1600x.jpg?v=1623405091,closest_real_wood_product
radha_datta,Punjab,Dupatta,Shahid Bhagat Singh Nagar (Nawanshahar),Handloom & Textiles,Handloom,Textile,Medium,5.6,280,682,1402,3/13/2026,Low,17,Summer,Marketplace,https://cdn.shopify.com/s/files/1/0674/4352/3842/files/handloom-silk-weaving-india.png?v=1768110514,closest_real_textile_product
harish_nair,Punjab,Clay Box,Sri Muktsar Sahib,Pottery & Terracotta,Handicraft,Clay,Medium,11.2,85,603,1208,3/13/2026,Medium,1,Summer,Craft Study,https://giri.in/cdn/shop/files/650741_Pot_Terracotta_Clay_2.75_Inch_1_1200x1200.webp?v=1743076302,closest_real_terracotta_product
shreya_rao,Punjab,Clay Planter,Tarn Taran,Pottery & Terracotta,Handicraft,Clay,Large,21.2,212,1074,1850,3/14/2026,Medium,18,Summer,Government,https://giri.in/cdn/shop/files/650741_Pot_Terracotta_Clay_2.75_Inch_1_1200x1200.webp?v=1743076302,closest_real_terracotta_product
hari_desai,Punjab,Leather Tray,Tarn Taran,Leather Craft,Handicraft,Leather,Small,5.5,198,523,793,3/14/2026,Medium,13,Summer,Government,https://indiacircus.com/damask-print-leather-tray.html,direct_match_or_product_page
pooja_sinha,Punjab,Leather Shoes,Tarn Taran,Leather Craft,Handicraft,Leather,Small,4.8,203,546,1138,3/15/2026,High,13,Summer,Marketplace,https://www.spoilmesilly.in/cdn/shop/files/ACBA425H_600x.jpg?v=1737443960,closest_real_leather_product
navya_murthy,Rajasthan,Clay Lamp,Ajmer,Pottery & Terracotta,Handicraft,Clay,Large,19.4,146,976,1365,3/15/2026,Medium,9,Summer,Government,https://www.amalfieeceramics.com/cdn/shop/products/Amalfiee-Handmade-Terracotta-Ganpati-Diya-Lamp-set-of-4-Amalfiee_Ceramics-1678917314_1400x.jpg?v=1678917316,direct_match_or_product_page
priyanka_bhat,Rajasthan,Wooden Fibre Bag,Alwar,Woodcraft & Carving,Handicraft,Wood,Small,4.1,139,414,699,3/16/2026,Medium,20,Summer,Marketplace,https://seepi.in/cdn/shop/products/Elephant_Toy_with_Wheels_-_Varanasi_1600x.jpg?v=1623405091,closest_real_wood_product
vishal_sinha,Rajasthan,Wooden Box,Balotra,Woodcraft & Carving,Handicraft,Wood,Small,4.6,123,412,856,3/16/2026,Low,15,Summer,Artisan Survey,https://seepi.in/cdn/shop/products/Elephant_Toy_with_Wheels_-_Varanasi_1600x.jpg?v=1623405091,closest_real_wood_product
vishal_rahman,Rajasthan,Handloom Shawl,Banswara,Handloom & Textiles,Handloom,Textile,Small,5.7,241,591,995,3/17/2026,Medium,2,Summer,Marketplace,https://cdn.shopify.com/s/files/1/0674/4352/3842/files/handloom-silk-weaving-india.png?v=1768110514,closest_real_textile_product
neha_singh,Rajasthan,Wooden Toy,Baran,Woodcraft & Carving,Handicraft,Wood,Medium,5.7,168,551,799,3/17/2026,Medium,11,Summer,Marketplace,https://seepi.in/cdn/shop/products/Elephant_Toy_with_Wheels_-_Varanasi_1600x.jpg?v=1623405091,direct_match_or_product_page
sanjay_sinha,Rajasthan,Wooden Saree,Barmer,Woodcraft & Carving,Handicraft,Wood,Large,14.4,299,1173,1849,3/18/2026,High,18,Summer,Marketplace,https://cdn.shopify.com/s/files/1/0674/4352/3842/files/handloom-silk-weaving-india.png?v=1768110514,closest_real_textile_product
divya_malhotra,Rajasthan,Cotton Basket,Beawar,Handloom & Textiles,Handloom,Cotton,Medium,5.5,201,564,1049,3/18/2026,Medium,2,Summer,Artisan Survey,https://themeghalayanage.store/cdn/shop/files/PER_8573_S.jpg?v=1741849809&width=940,closest_real_fibre_product
navya_patel,Rajasthan,Clay Pot,Bharatpur,Pottery & Terracotta,Handicraft,Clay,Medium,11.6,154,663,981,3/19/2026,High,15,Summer,Government,https://giri.in/cdn/shop/files/650741_Pot_Terracotta_Clay_2.75_Inch_1_1200x1200.webp?v=1743076302,direct_match_or_product_page
karthik_sinha,Rajasthan,Clay Lamp,Bhilwara,Pottery & Terracotta,Handicraft,Clay,Small,3.8,63,309,589,3/19/2026,Medium,5,Summer,Government,https://www.amalfieeceramics.com/cdn/shop/products/Amalfiee-Handmade-Terracotta-Ganpati-Diya-Lamp-set-of-4-Amalfiee_Ceramics-1678917314_1400x.jpg?v=1678917316,direct_match_or_product_page
arjun_sinha,Rajasthan,Leather Bag,Bikaner,Leather Craft,Handicraft,Leather,Medium,9.7,272,931,1604,3/20/2026,High,11,Summer,Artisan Survey,https://www.spoilmesilly.in/cdn/shop/files/ACBA425H_600x.jpg?v=1737443960,direct_match_or_product_page
ashish_ali,Rajasthan,Bamboo Statue,Bundi,Bamboo & Cane,Handicraft,Bamboo,Medium,10.9,128,766,1252,3/20/2026,Low,18,Summer,Government,https://themeghalayanage.store/cdn/shop/files/PER_8573_S.jpg?v=1741849809&width=940,closest_real_bamboo_product
akshay_gupta,Rajasthan,Cotton Fibre Basket,Chittorgarh,Handloom & Textiles,Handloom,Cotton,Small,6,145,456,709,3/20/2026,Medium,10,Summer,Government,https://themeghalayanage.store/cdn/shop/files/PER_8573_S.jpg?v=1741849809&width=940,closest_real_fibre_product
kavya_rahman,Rajasthan,Bamboo Bowl,Churu,Bamboo & Cane,Handicraft,Bamboo,Small,2.6,76,223,457,3/21/2026,Low,1,Summer,Government,https://www.alibaba.com/product-detail/natural-handicraft-bamboo-bowls-handicraft-bamboo_11000010888306.html,direct_match_or_product_page
pallavi_khanduja,Rajasthan,Wooden Fabric,Dausa,Woodcraft & Carving,Handicraft,Wood,Small,5.2,148,564,952,3/21/2026,Low,1,Summer,Artisan Survey,https://cdn.shopify.com/s/files/1/0674/4352/3842/files/handloom-silk-weaving-india.png?v=1768110514,closest_real_textile_product
vikram_kulkarni,Rajasthan,Leather Box,Deedwana-Kuchaman,Leather Craft,Handicraft,Leather,Small,5.5,170,528,1044,3/22/2026,High,15,Summer,Government,https://www.amarkutir.in/custom-images/products/leather/product-images/26.png,direct_match_or_product_page
laxmi_malik,Rajasthan,Cotton Saree,Deeg,Handloom & Textiles,Handloom,Cotton,Medium,5.3,231,634,1093,3/22/2026,High,19,Summer,Artisan Survey,https://cdn.shopify.com/s/files/1/0674/4352/3842/files/handloom-silk-weaving-india.png?v=1768110514,closest_real_textile_product
dinesh_sinha,Rajasthan,Bamboo Tray,Dholpur,Bamboo & Cane,Handicraft,Bamboo,Medium,10.3,125,760,1085,3/23/2026,Medium,6,Summer,Artisan Survey,https://silpakarman.com/products/natural-bamboo-tray,direct_match_or_product_page
manish_saxena,Rajasthan,Clay Vase,Dungarpur,Pottery & Terracotta,Handicraft,Clay,Small,3.4,98,317,547,3/23/2026,Medium,19,Summer,Marketplace,https://giri.in/cdn/shop/files/650741_Pot_Terracotta_Clay_2.75_Inch_1_1200x1200.webp?v=1743076302,closest_real_terracotta_product
deepika_sen,Rajasthan,Metal Bowl,Hanumangarh,Metal Craft & Dhokra,Handicraft,Metal,Medium,9.5,303,844,1504,3/24/2026,Medium,10,Summer,Government,https://giri.in/cdn/shop/files/650741_Pot_Terracotta_Clay_2.75_Inch_1_1200x1200.webp?v=1743076302,closest_real_craft_product
veena_das,Rajasthan,Clay Wallet,Jaipur,Pottery & Terracotta,Handicraft,Clay,Medium,8.6,88,541,941,3/24/2026,Medium,2,Summer,Artisan Survey,https://giri.in/cdn/shop/files/650741_Pot_Terracotta_Clay_2.75_Inch_1_1200x1200.webp?v=1743076302,closest_real_terracotta_product
suresh_patel,Rajasthan,Clay Carving,Jaisalmer,Pottery & Terracotta,Handicraft,Clay,Medium,6.8,110,549,1122,3/25/2026,High,11,Summer,Government,https://giri.in/cdn/shop/files/650741_Pot_Terracotta_Clay_2.75_Inch_1_1200x1200.webp?v=1743076302,closest_real_terracotta_product
priya_dey,Rajasthan,Leather Fibre Mat,Jalore,Leather Craft,Handicraft,Leather,Large,11.9,416,1143,2428,3/25/2026,Medium,20,Summer,Craft Study,https://www.spoilmesilly.in/cdn/shop/files/ACBA425H_600x.jpg?v=1737443960,closest_real_leather_product
geeta_datta,Rajasthan,Cotton Bangle,Jhalawar,Handloom & Textiles,Handloom,Cotton,Medium,5.8,202,527,1064,3/26/2026,High,6,Summer,Artisan Survey,https://themeghalayanage.store/cdn/shop/files/PER_8573_S.jpg?v=1741849809&width=940,closest_real_fibre_product
navya_merchant,Rajasthan,Handloom Stole,Jhunjhunu,Handloom & Textiles,Handloom,Textile,Large,11.4,461,1295,2390,3/26/2026,Medium,20,Summer,Government,https://cdn.shopify.com/s/files/1/0674/4352/3842/files/handloom-silk-weaving-india.png?v=1768110514,closest_real_textile_product
mohan_ali,Rajasthan,Wooden Bowl,Jodhpur,Woodcraft & Carving,Handicraft,Wood,Small,4.6,122,366,663,3/27/2026,High,14,Summer,Artisan Survey,https://seepi.in/cdn/shop/products/Elephant_Toy_with_Wheels_-_Varanasi_1600x.jpg?v=1623405091,closest_real_wood_product
veena_hassan,Rajasthan,Handloom Saree,Karauli,Handloom & Textiles,Handloom,Textile,Medium,7.5,339,710,1348,3/27/2026,Low,8,Summer,Marketplace,https://cdn.shopify.com/s/files/1/0674/4352/3842/files/handloom-silk-weaving-india.png?v=1768110514,closest_real_textile_product
arvind_malhotra,Rajasthan,Clay Lamp,Khairthal-Tijara,Pottery & Terracotta,Handicraft,Clay,Small,2.9,83,242,386,3/28/2026,Medium,14,Summer,Marketplace,https://www.amalfieeceramics.com/cdn/shop/products/Amalfiee-Handmade-Terracotta-Ganpati-Diya-Lamp-set-of-4-Amalfiee_Ceramics-1678917314_1400x.jpg?v=1678917316,direct_match_or_product_page
varun_iyer,Rajasthan,Cotton Bowl,Kota,Handloom & Textiles,Handloom,Cotton,Medium,9.8,237,945,1928,3/28/2026,High,9,Summer,Marketplace,https://themeghalayanage.store/cdn/shop/files/PER_8573_S.jpg?v=1741849809&width=940,closest_real_fibre_product
rajesh_pandey,Rajasthan,Cotton Plate,Kotputli-Behror,Handloom & Textiles,Handloom,Cotton,Medium,9.8,238,962,1999,3/29/2026,Low,2,Summer,Marketplace,https://themeghalayanage.store/cdn/shop/files/PER_8573_S.jpg?v=1741849809&width=940,closest_real_fibre_product
nikhil_kumar,Rajasthan,Leather Belt,Nagaur,Leather Craft,Handicraft,Leather,Small,4.2,107,409,645,3/29/2026,Low,18,Summer,Artisan Survey,https://www.anamexim.com/cdn/shop/files/03.jpg?v=1723280506&width=1946,direct_match_or_product_page
smita_joshi,Rajasthan,Clay Bowl,Pali,Pottery & Terracotta,Handicraft,Clay,Medium,11.5,117,936,1982,3/30/2026,Medium,8,Summer,Craft Study,https://www.desiclik.com/images/P/91269_clay_katori_bowl.jpg,direct_match_or_product_page
arun_chandra,Rajasthan,Bamboo Fibre Bag,Phalodi,Bamboo & Cane,Handicraft,Bamboo,Small,3.5,86,350,725,3/30/2026,Medium,12,Summer,Government,https://img.esaras.in/catalog/product/cache/194e57ff18b0c86d9ecf78ca9ac7ebcf/s/g/sg01330_3_.jpg,closest_real_bamboo_product
naveen_gupta,Rajasthan,Bamboo Toy,Pratapgarh,Bamboo & Cane,Handicraft,Bamboo,Small,5.3,82,501,857,3/31/2026,High,15,Summer,Marketplace,https://themeghalayanage.store/cdn/shop/files/PER_8573_S.jpg?v=1741849809&width=940,closest_real_bamboo_product
rohit_ghosh,Rajasthan,Handloom Saree,Rajsamand,Handloom & Textiles,Handloom,Textile,Small,2.3,226,408,866,3/31/2026,High,2,Summer,Artisan Survey,https://cdn.shopify.com/s/files/1/0674/4352/3842/files/handloom-silk-weaving-india.png?v=1768110514,closest_real_textile_product
divya_malik,Rajasthan,Clay Doll,Salumber,Pottery & Terracotta,Handicraft,Clay,Medium,10.2,104,655,951,04-01-2026,Medium,15,Summer,Artisan Survey,https://giri.in/cdn/shop/files/650741_Pot_Terracotta_Clay_2.75_Inch_1_1200x1200.webp?v=1743076302,closest_real_terracotta_product
prakash_kulkarni,Rajasthan,Cotton Fabric,Sawai Madhopur,Handloom & Textiles,Handloom,Cotton,Small,6,188,635,872,04-01-2026,High,8,Summer,Marketplace,https://cdn.shopify.com/s/files/1/0674/4352/3842/files/handloom-silk-weaving-india.png?v=1768110514,closest_real_textile_product
pooja_malik,Rajasthan,Cotton Mat,Sikar,Handloom & Textiles,Handloom,Cotton,Medium,10.9,217,891,1466,04-02-2026,Medium,11,Summer,Marketplace,https://themeghalayanage.store/cdn/shop/files/PER_8573_S.jpg?v=1741849809&width=940,closest_real_fibre_product
laxmi_bhat,Rajasthan,Clay Lamp,Sirohi,Pottery & Terracotta,Handicraft,Clay,Small,4.3,202,498,912,04-02-2026,High,10,Summer,Artisan Survey,https://www.amalfieeceramics.com/cdn/shop/products/Amalfiee-Handmade-Terracotta-Ganpati-Diya-Lamp-set-of-4-Amalfiee_Ceramics-1678917314_1400x.jpg?v=1678917316,direct_match_or_product_page
hari_malik,Rajasthan,Clay Statue,Sri Ganganagar,Pottery & Terracotta,Handicraft,Clay,Medium,9.4,115,547,902,04-03-2026,Medium,16,Summer,Government,https://giri.in/cdn/shop/files/650741_Pot_Terracotta_Clay_2.75_Inch_1_1200x1200.webp?v=1743076302,closest_real_terracotta_product
nisha_sharma,Rajasthan,Leather Jutti,Tonk,Leather Craft,Handicraft,Leather,Large,14.9,236,1236,2658,04-03-2026,Medium,4,Summer,Government,https://www.spoilmesilly.in/cdn/shop/files/ACBA425H_600x.jpg?v=1737443960,closest_real_leather_product
sanjay_hassan,Rajasthan,Cotton Panel,Udaipur,Handloom & Textiles,Handloom,Cotton,Medium,9.8,250,977,1530,04-04-2026,Low,3,Summer,Marketplace,https://themeghalayanage.store/cdn/shop/files/PER_8573_S.jpg?v=1741849809&width=940,closest_real_fibre_product
naveen_sharma,Sikkim,Cotton Fibre Basket,East Sikkim (Gangtok),Handloom & Textiles,Handloom,Cotton,Medium,10.4,221,719,1143,04-04-2026,Low,9,Summer,Government,https://themeghalayanage.store/cdn/shop/files/PER_8573_S.jpg?v=1741849809&width=940,closest_real_fibre_product
smita_bhat,Sikkim,Clay Box,East Sikkim (Gangtok),Pottery & Terracotta,Handicraft,Clay,Large,24,178,1884,3560,04-05-2026,High,3,Summer,Government,https://giri.in/cdn/shop/files/650741_Pot_Terracotta_Clay_2.75_Inch_1_1200x1200.webp?v=1743076302,closest_real_terracotta_product
darshan_syed,Sikkim,Clay Shawl,East Sikkim (Gangtok),Pottery & Terracotta,Handicraft,Clay,Large,16.9,144,1007,1363,04-05-2026,Low,5,Summer,Government,https://giri.in/cdn/shop/files/650741_Pot_Terracotta_Clay_2.75_Inch_1_1200x1200.webp?v=1743076302,closest_real_terracotta_product
hemant_singh,Sikkim,Wooden Lamp,North Sikkim (Mangan),Woodcraft & Carving,Handicraft,Wood,Medium,5.4,352,679,1337,04-06-2026,Medium,14,Summer,Artisan Survey,https://seepi.in/cdn/shop/products/Elephant_Toy_with_Wheels_-_Varanasi_1600x.jpg?v=1623405091,closest_real_wood_product
dinesh_merchant,Sikkim,Bamboo Fabric,North Sikkim (Mangan),Bamboo & Cane,Handicraft,Bamboo,Large,18.3,195,952,1591,04-06-2026,Medium,17,Summer,Craft Study,https://themeghalayanage.store/cdn/shop/files/PER_8573_S.jpg?v=1741849809&width=940,closest_real_bamboo_product
geeta_rao,Sikkim,Bamboo Box,North Sikkim (Mangan),Bamboo & Cane,Handicraft,Bamboo,Large,11.7,226,979,2135,04-07-2026,Low,14,Summer,Marketplace,https://banjaramarket.com/cdn/shop/files/udaan-bamboo-utility-box-112916.jpg?v=1725706897&width=1946,direct_match_or_product_page
sameer_merchant,Sikkim,Clay Planter,North Sikkim (Mangan),Pottery & Terracotta,Handicraft,Clay,Medium,6.7,93,519,1006,04-07-2026,Medium,7,Summer,Government,https://giri.in/cdn/shop/files/650741_Pot_Terracotta_Clay_2.75_Inch_1_1200x1200.webp?v=1743076302,closest_real_terracotta_product
geeta_dey,Sikkim,Wooden Tray,Pakyong,Woodcraft & Carving,Handicraft,Wood,Medium,7.3,170,531,740,04-08-2026,Medium,17,Summer,Artisan Survey,https://seepi.in/cdn/shop/products/Elephant_Toy_with_Wheels_-_Varanasi_1600x.jpg?v=1623405091,closest_real_wood_product
sanjay_ahmed,Sikkim,Wooden Puppet,Pakyong,Woodcraft & Carving,Handicraft,Wood,Small,4.9,123,441,630,04-08-2026,High,9,Summer,Government,https://seepi.in/cdn/shop/products/Elephant_Toy_with_Wheels_-_Varanasi_1600x.jpg?v=1623405091,closest_real_wood_product
veena_malhotra,Sikkim,Stone Lamp,Pakyong,Other Traditional Art,Handicraft,Mixed,Small,2.7,116,341,486,04-09-2026,Medium,4,Summer,Craft Study,https://giri.in/cdn/shop/files/650741_Pot_Terracotta_Clay_2.75_Inch_1_1200x1200.webp?v=1743076302,closest_real_craft_product
suresh_gupta,Sikkim,Wooden Fibre Mat,Pakyong,Woodcraft & Carving,Handicraft,Wood,Medium,6.2,213,604,1304,04-09-2026,High,16,Summer,Marketplace,https://seepi.in/cdn/shop/products/Elephant_Toy_with_Wheels_-_Varanasi_1600x.jpg?v=1623405091,closest_real_wood_product
shreya_dey,Sikkim,Lacquer Bowl,Soreng,Other Traditional Art,Handicraft,Mixed,Medium,5.3,163,533,1029,04-10-2026,High,11,Summer,Government,https://giri.in/cdn/shop/files/650741_Pot_Terracotta_Clay_2.75_Inch_1_1200x1200.webp?v=1743076302,closest_real_craft_product
vikram_menon,Sikkim,Cotton Fabric,Soreng,Handloom & Textiles,Handloom,Cotton,Medium,11.1,229,933,1599,04-10-2026,Medium,8,Summer,Marketplace,https://cdn.shopify.com/s/files/1/0674/4352/3842/files/handloom-silk-weaving-india.png?v=1768110514,closest_real_textile_product
nisha_hassan,Sikkim,Wooden Tray,Soreng,Woodcraft & Carving,Handicraft,Wood,Medium,9.9,181,825,1254,04-11-2026,Medium,14,Summer,Government,https://seepi.in/cdn/shop/products/Elephant_Toy_with_Wheels_-_Varanasi_1600x.jpg?v=1623405091,closest_real_wood_product
navya_roy,Sikkim,Bamboo dupatta,Soreng,Bamboo & Cane,Handicraft,Bamboo,Medium,5.3,137,461,965,04-11-2026,High,15,Summer,Artisan Survey,https://themeghalayanage.store/cdn/shop/files/PER_8573_S.jpg?v=1741849809&width=940,closest_real_bamboo_product
sameer_hassan,Sikkim,Bamboo Basket,South Sikkim (Namchi),Bamboo & Cane,Handicraft,Bamboo,Large,10.4,551,1343,2043,04-12-2026,High,5,Summer,Government,https://themeghalayanage.store/cdn/shop/files/PER_8573_S.jpg?v=1741849809&width=940,direct_match_or_product_page
amrita_bhat,Sikkim,Bamboo Pot,South Sikkim (Namchi),Bamboo & Cane,Handicraft,Bamboo,Small,4.2,80,323,630,04-12-2026,Medium,3,Summer,Craft Study,https://themeghalayanage.store/cdn/shop/files/PER_8573_S.jpg?v=1741849809&width=940,closest_real_bamboo_product
karthik_patel,Sikkim,Leather Lamp,South Sikkim (Namchi),Leather Craft,Handicraft,Leather,Small,3.1,232,448,895,04-12-2026,High,11,Summer,Artisan Survey,https://www.spoilmesilly.in/cdn/shop/files/ACBA425H_600x.jpg?v=1737443960,closest_real_leather_product
sunita_kapoor,Sikkim,Leather Shoes,West Sikkim (Geyzing),Leather Craft,Handicraft,Leather,Medium,9.2,296,739,1183,4/13/2026,High,2,Summer,Craft Study,https://www.spoilmesilly.in/cdn/shop/files/ACBA425H_600x.jpg?v=1737443960,closest_real_leather_product
seema_menon,Sikkim,Bamboo Statue,West Sikkim (Geyzing),Bamboo & Cane,Handicraft,Bamboo,Large,16.1,217,1132,2014,4/13/2026,Medium,13,Summer,Craft Study,https://themeghalayanage.store/cdn/shop/files/PER_8573_S.jpg?v=1741849809&width=940,closest_real_bamboo_product
hari_ali,Sikkim,Natural Fibre Bag,West Sikkim (Geyzing),Other Traditional Art,Handicraft,Mixed,Large,22.9,570,1957,3013,4/14/2026,High,9,Summer,Government,https://themeghalayanage.store/cdn/shop/files/PER_8573_S.jpg?v=1741849809&width=940,closest_real_fibre_product
shruti_bhat,Tamil Nadu,Lacquer Bangle,Ariyalur,Jewellery & Beads,Handicraft,Lac,Large,14,263,1170,1956,4/14/2026,Medium,5,Summer,Marketplace,https://giri.in/cdn/shop/files/650741_Pot_Terracotta_Clay_2.75_Inch_1_1200x1200.webp?v=1743076302,closest_real_craft_product
anjum_ali,Tamil Nadu,Bamboo Stole,Chengalpattu,Bamboo & Cane,Handicraft,Bamboo,Large,19.5,174,1126,2444,4/15/2026,High,12,Summer,Artisan Survey,https://themeghalayanage.store/cdn/shop/files/PER_8573_S.jpg?v=1741849809&width=940,closest_real_bamboo_product
shreya_ghosh,Tamil Nadu,Cotton Toy,Chennai,Handloom & Textiles,Handloom,Cotton,Small,2.2,162,328,636,4/15/2026,High,8,Summer,Marketplace,https://themeghalayanage.store/cdn/shop/files/PER_8573_S.jpg?v=1741849809&width=940,closest_real_fibre_product
darshan_nair,Tamil Nadu,Bamboo Saree,Coimbatore,Bamboo & Cane,Handicraft,Bamboo,Medium,11.7,107,798,1652,4/16/2026,Low,8,Summer,Government,https://themeghalayanage.store/cdn/shop/files/PER_8573_S.jpg?v=1741849809&width=940,closest_real_bamboo_product
anita_ghosh,Tamil Nadu,Leather Tray,Cuddalore,Leather Craft,Handicraft,Leather,Small,5.9,221,698,1263,4/16/2026,Low,5,Summer,Government,https://indiacircus.com/damask-print-leather-tray.html,direct_match_or_product_page
anita_gupta,Tamil Nadu,Cotton Vase,Dharmapuri,Handloom & Textiles,Handloom,Cotton,Medium,10.2,209,749,1163,4/17/2026,Medium,14,Summer,Government,https://themeghalayanage.store/cdn/shop/files/PER_8573_S.jpg?v=1741849809&width=940,closest_real_fibre_product
vikram_sharma,Tamil Nadu,Metal Bowl,Dharampuri,Metal Craft & Dhokra,Handicraft,Metal,Large,16.5,262,988,1932,4/17/2026,High,19,Summer,Craft Study,https://giri.in/cdn/shop/files/650741_Pot_Terracotta_Clay_2.75_Inch_1_1200x1200.webp?v=1743076302,closest_real_craft_product
pallavi_murthy,Tamil Nadu,Leather Bag,Dindigul,Leather Craft,Handicraft,Leather,Small,2.9,245,464,824,4/18/2026,Medium,13,Summer,Marketplace,https://www.spoilmesilly.in/cdn/shop/files/ACBA425H_600x.jpg?v=1737443960,direct_match_or_product_page
dinesh_bhat,Tamil Nadu,Stone Carving,Dindigul,Other Traditional Art,Handicraft,Mixed,Medium,10.7,274,847,1271,4/18/2026,High,5,Summer,Artisan Survey,https://giri.in/cdn/shop/files/650741_Pot_Terracotta_Clay_2.75_Inch_1_1200x1200.webp?v=1743076302,closest_real_craft_product
darshan_pandey,Tamil Nadu,Bamboo Fibre Basket,Dindigul,Bamboo & Cane,Handicraft,Bamboo,Small,4.9,83,385,655,4/19/2026,Medium,17,Summer,Craft Study,https://themeghalayanage.store/cdn/shop/files/PER_8573_S.jpg?v=1741849809&width=940,closest_real_bamboo_product
shreya_ali,Tamil Nadu,Lacquer Toy,Erode,Other Traditional Art,Handicraft,Mixed,Small,2.9,113,276,522,4/19/2026,Medium,3,Summer,Government,https://giri.in/cdn/shop/files/650741_Pot_Terracotta_Clay_2.75_Inch_1_1200x1200.webp?v=1743076302,closest_real_craft_product
savita_sinha,Tamil Nadu,Wooden Saree,Erode,Woodcraft & Carving,Handicraft,Wood,Small,3.8,126,377,745,4/20/2026,High,6,Summer,Artisan Survey,https://cdn.shopify.com/s/files/1/0674/4352/3842/files/handloom-silk-weaving-india.png?v=1768110514,closest_real_textile_product
vishal_ghosh,Tamil Nadu,Bamboo Box,Erode,Bamboo & Cane,Handicraft,Bamboo,Small,3.9,77,311,484,4/20/2026,Medium,1,Summer,Government,https://banjaramarket.com/cdn/shop/files/udaan-bamboo-utility-box-112916.jpg?v=1725706897&width=1946,direct_match_or_product_page
pallavi_rao,Tamil Nadu,Bamboo Saree,Kallakurichi,Bamboo & Cane,Handicraft,Bamboo,Large,21.6,165,1309,2742,4/21/2026,Medium,17,Summer,Government,https://themeghalayanage.store/cdn/shop/files/PER_8573_S.jpg?v=1741849809&width=940,closest_real_bamboo_product
geeta_chandra,Tamil Nadu,Clay Lamp,Kancheepuram,Pottery & Terracotta,Handicraft,Clay,Medium,9.8,99,487,815,4/21/2026,Low,1,Summer,Government,https://www.amalfieeceramics.com/cdn/shop/products/Amalfiee-Handmade-Terracotta-Ganpati-Diya-Lamp-set-of-4-Amalfiee_Ceramics-1678917314_1400x.jpg?v=1678917316,direct_match_or_product_page
bhavesh_pandey,Tamil Nadu,Clay Bowl,Kancheepuram,Pottery & Terracotta,Handicraft,Clay,Large,19,172,1537,2429,4/22/2026,Low,11,Summer,Government,https://www.desiclik.com/images/P/91269_clay_katori_bowl.jpg,direct_match_or_product_page
arjun_hassan,Tamil Nadu,Cotton Plate,Kanyakumari,Handloom & Textiles,Handloom,Cotton,Medium,9.5,231,737,1117,4/22/2026,Low,4,Summer,Marketplace,https://themeghalayanage.store/cdn/shop/files/PER_8573_S.jpg?v=1741849809&width=940,closest_real_fibre_product
neha_patel,Tamil Nadu,Cotton Wallet,Karur,Handloom & Textiles,Handloom,Cotton,Small,3.1,139,339,689,4/23/2026,Medium,5,Summer,Marketplace,https://themeghalayanage.store/cdn/shop/files/PER_8573_S.jpg?v=1741849809&width=940,closest_real_fibre_product
savita_hassan,Tamil Nadu,Wooden Bowl,Krishnagiri,Woodcraft & Carving,Handicraft,Wood,Small,3.5,127,308,509,4/23/2026,Medium,13,Summer,Government,https://seepi.in/cdn/shop/products/Elephant_Toy_with_Wheels_-_Varanasi_1600x.jpg?v=1623405091,closest_real_wood_product
ashok_nair,Tamil Nadu,Natural Fibre Mat,Madurai,Other Traditional Art,Handicraft,Mixed,Large,10.6,470,1106,1948,4/24/2026,Medium,17,Summer,Government,https://themeghalayanage.store/cdn/shop/files/PER_8573_S.jpg?v=1741849809&width=940,closest_real_fibre_product
ananya_rahman,Tamil Nadu,Bamboo Box,Mayiladuthurai,Bamboo & Cane,Handicraft,Bamboo,Small,5.1,79,507,780,4/24/2026,Low,1,Summer,Artisan Survey,https://banjaramarket.com/cdn/shop/files/udaan-bamboo-utility-box-112916.jpg?v=1725706897&width=1946,direct_match_or_product_page
kavita_patel,Tamil Nadu,Clay Shawl,Mayiladuthurai,Pottery & Terracotta,Handicraft,Clay,Large,16.1,177,819,1583,4/25/2026,Medium,4,Summer,Government,https://giri.in/cdn/shop/files/650741_Pot_Terracotta_Clay_2.75_Inch_1_1200x1200.webp?v=1743076302,closest_real_terracotta_product
anjali_ali,Tamil Nadu,Wooden Bowl,Nagapattinam,Woodcraft & Carving,Handicraft,Wood,Small,3.8,201,429,864,4/25/2026,Medium,6,Summer,Artisan Survey,https://seepi.in/cdn/shop/products/Elephant_Toy_with_Wheels_-_Varanasi_1600x.jpg?v=1623405091,closest_real_wood_product
nisha_gupta,Tamil Nadu,Handloom Saree,Namakkal,Handloom & Textiles,Handloom,Textile,Medium,6.7,312,647,1060,4/26/2026,High,19,Summer,Craft Study,https://cdn.shopify.com/s/files/1/0674/4352/3842/files/handloom-silk-weaving-india.png?v=1768110514,closest_real_textile_product
arjun_sharma,Tamil Nadu,Clay Mat,Nilgiris,Pottery & Terracotta,Handicraft,Clay,Large,12.9,188,972,2093,4/26/2026,Medium,2,Summer,Artisan Survey,https://giri.in/cdn/shop/files/650741_Pot_Terracotta_Clay_2.75_Inch_1_1200x1200.webp?v=1743076302,closest_real_terracotta_product
anjali_roy,Tamil Nadu,Clay Lamp,Perambalur,Pottery & Terracotta,Handicraft,Clay,Small,4.4,218,583,802,4/27/2026,Low,4,Summer,Marketplace,https://www.amalfieeceramics.com/cdn/shop/products/Amalfiee-Handmade-Terracotta-Ganpati-Diya-Lamp-set-of-4-Amalfiee_Ceramics-1678917314_1400x.jpg?v=1678917316,direct_match_or_product_page
rajesh_rao,Tamil Nadu,Metal Statue,Perambalur,Metal Craft & Dhokra,Handicraft,Metal,Small,2.9,224,462,676,4/27/2026,Medium,9,Summer,Artisan Survey,https://giri.in/cdn/shop/files/650741_Pot_Terracotta_Clay_2.75_Inch_1_1200x1200.webp?v=1743076302,closest_real_craft_product
sanjay_singh,Tamil Nadu,Leather Belt,Pudukkottai,Leather Craft,Handicraft,Leather,Large,10.9,420,1009,1867,4/28/2026,High,7,Summer,Artisan Survey,https://www.anamexim.com/cdn/shop/files/03.jpg?v=1723280506&width=1946,direct_match_or_product_page
arun_gupta,Tamil Nadu,Stone Panel,Pudukkottai,Other Traditional Art,Handicraft,Mixed,Small,5.1,192,570,1109,4/28/2026,High,1,Summer,Craft Study,https://giri.in/cdn/shop/files/650741_Pot_Terracotta_Clay_2.75_Inch_1_1200x1200.webp?v=1743076302,closest_real_craft_product
akshay_malik,Tamil Nadu,Bamboo Fibre Bag,Ramnad (Ramanathapuram),Bamboo & Cane,Handicraft,Bamboo,Medium,7.6,106,641,1002,4/29/2026,High,11,Summer,Craft Study,https://img.esaras.in/catalog/product/cache/194e57ff18b0c86d9ecf78ca9ac7ebcf/s/g/sg01330_3_.jpg,closest_real_bamboo_product
bhavesh_khan,Tamil Nadu,Cotton Bowl,Ramnad (Ramanathapuram),Handloom & Textiles,Handloom,Cotton,Medium,7.7,246,651,1185,4/29/2026,High,13,Summer,Marketplace,https://themeghalayanage.store/cdn/shop/files/PER_8573_S.jpg?v=1741849809&width=940,closest_real_fibre_product
divya_ghosh,Tamil Nadu,Leather Fabric,Ranipet,Leather Craft,Handicraft,Leather,Small,3.7,224,429,695,4/30/2026,Medium,4,Summer,Marketplace,https://www.spoilmesilly.in/cdn/shop/files/ACBA425H_600x.jpg?v=1737443960,closest_real_leather_product
manish_khan,Tamil Nadu,Bamboo Doll,Salem,Bamboo & Cane,Handicraft,Bamboo,Medium,10.7,110,688,1253,4/30/2026,High,14,Summer,Artisan Survey,https://themeghalayanage.store/cdn/shop/files/PER_8573_S.jpg?v=1741849809&width=940,closest_real_bamboo_product
dinesh_menon,Tamil Nadu,Clay Fabric,Salem,Pottery & Terracotta,Handicraft,Clay,Medium,7.2,93,596,1139,05-01-2026,Low,2,Summer,Government,https://giri.in/cdn/shop/files/650741_Pot_Terracotta_Clay_2.75_Inch_1_1200x1200.webp?v=1743076302,closest_real_terracotta_product
sameer_gupta,Tamil Nadu,Cotton Box,Sivagangai,Handloom & Textiles,Handloom,Cotton,Medium,10.3,212,904,1968,05-01-2026,High,15,Summer,Marketplace,https://themeghalayanage.store/cdn/shop/files/PER_8573_S.jpg?v=1741849809&width=940,closest_real_fibre_product
anita_dey,Tamil Nadu,Clay Planter,Sivagangai,Pottery & Terracotta,Handicraft,Clay,Large,23.2,169,1619,2813,05-02-2026,High,6,Summer,Artisan Survey,https://giri.in/cdn/shop/files/650741_Pot_Terracotta_Clay_2.75_Inch_1_1200x1200.webp?v=1743076302,closest_real_terracotta_product
seema_gupta,Tamil Nadu,Clay Tray,Tenkasi,Pottery & Terracotta,Handicraft,Clay,Small,4.6,75,466,886,05-02-2026,High,5,Summer,Artisan Survey,https://giri.in/cdn/shop/files/650741_Pot_Terracotta_Clay_2.75_Inch_1_1200x1200.webp?v=1743076302,closest_real_terracotta_product
ramesh_malhotra,Tamil Nadu,Leather Jutti,Thanjavur,Leather Craft,Handicraft,Leather,Small,3.7,229,480,884,05-03-2026,Medium,4,Summer,Marketplace,https://www.spoilmesilly.in/cdn/shop/files/ACBA425H_600x.jpg?v=1737443960,closest_real_leather_product
varun_nair,Tamil Nadu,Clay Lamp,Thanjavur,Pottery & Terracotta,Handicraft,Clay,Medium,10.2,117,663,1074,05-03-2026,High,18,Summer,Government,https://www.amalfieeceramics.com/cdn/shop/products/Amalfiee-Handmade-Terracotta-Ganpati-Diya-Lamp-set-of-4-Amalfiee_Ceramics-1678917314_1400x.jpg?v=1678917316,direct_match_or_product_page
priya_ghosh,Tamil Nadu,Bamboo Fibre Basket,Theni,Bamboo & Cane,Handicraft,Bamboo,Large,16.4,183,861,1348,05-04-2026,Low,11,Summer,Government,https://themeghalayanage.store/cdn/shop/files/PER_8573_S.jpg?v=1741849809&width=940,closest_real_bamboo_product
sameer_mishra,Tamil Nadu,Lacquer Bangle,Theni,Jewellery & Beads,Handicraft,Lac,Small,3.7,113,389,852,05-04-2026,Medium,14,Summer,Marketplace,https://giri.in/cdn/shop/files/650741_Pot_Terracotta_Clay_2.75_Inch_1_1200x1200.webp?v=1743076302,closest_real_craft_product
akshay_rahman,Tamil Nadu,Clay Stole,Thiruvallur,Pottery & Terracotta,Handicraft,Clay,Small,4.1,73,358,546,05-05-2026,Medium,5,Summer,Craft Study,https://giri.in/cdn/shop/files/650741_Pot_Terracotta_Clay_2.75_Inch_1_1200x1200.webp?v=1743076302,closest_real_terracotta_product
vikram_rahman,Tamil Nadu,Leather Lamp,Thiruvallur,Leather Craft,Handicraft,Leather,Medium,7.2,268,636,1286,05-05-2026,Medium,2,Summer,Craft Study,https://www.spoilmesilly.in/cdn/shop/files/ACBA425H_600x.jpg?v=1737443960,closest_real_leather_product
ashish_singh,Tamil Nadu,Leather Fabric,Thiruvarur,Leather Craft,Handicraft,Leather,Large,11.5,523,974,1436,05-06-2026,Medium,1,Summer,Marketplace,https://www.spoilmesilly.in/cdn/shop/files/ACBA425H_600x.jpg?v=1737443960,closest_real_leather_product
laxmi_sen,Tamil Nadu,Clay Basket,Tiruchi (Thiruchirappalli),Pottery & Terracotta,Handicraft,Clay,Small,3.7,62,383,779,05-06-2026,Medium,9,Summer,Government,https://giri.in/cdn/shop/files/650741_Pot_Terracotta_Clay_2.75_Inch_1_1200x1200.webp?v=1743076302,closest_real_terracotta_product
ritika_merchant,Tamil Nadu,Clay Pot,Tiruchi (Thiruchirappalli),Pottery & Terracotta,Handicraft,Clay,Medium,5.9,165,615,927,05-06-2026,Medium,7,Summer,Artisan Survey,https://giri.in/cdn/shop/files/650741_Pot_Terracotta_Clay_2.75_Inch_1_1200x1200.webp?v=1743076302,direct_match_or_product_page
amit_pandey,Tamil Nadu,Wooden Lamp,Tirunelveli,Woodcraft & Carving,Handicraft,Wood,Medium,7.9,199,721,1566,05-07-2026,Medium,16,Summer,Artisan Survey,https://seepi.in/cdn/shop/products/Elephant_Toy_with_Wheels_-_Varanasi_1600x.jpg?v=1623405091,closest_real_wood_product
nisha_kapoor,Tamil Nadu,Leather Puppet,Tirupathur,Leather Craft,Handicraft,Leather,Medium,8.9,176,591,1142,05-07-2026,Medium,16,Summer,Marketplace,https://theindiacrafthouse.com/products/andhra-leather-craft-string-puppet-vighnaharta-height-24-inches-ssap01b,direct_match_or_product_page
ashish_ahmed,Tamil Nadu,Leather Statue,Tiruppur,Leather Craft,Handicraft,Leather,Small,5.7,202,659,940,05-08-2026,Medium,7,Summer,Marketplace,https://www.spoilmesilly.in/cdn/shop/files/ACBA425H_600x.jpg?v=1737443960,closest_real_leather_product
nikhil_reddy,Tamil Nadu,Clay Fibre Mat,Tiruvannamalai,Pottery & Terracotta,Handicraft,Clay,Small,2.1,67,251,487,05-08-2026,High,9,Summer,Government,https://giri.in/cdn/shop/files/650741_Pot_Terracotta_Clay_2.75_Inch_1_1200x1200.webp?v=1743076302,closest_real_terracotta_product
anjali_ahmed,Tamil Nadu,Leather Toy,Tuticorin (Thoothukudi),Leather Craft,Handicraft,Leather,Medium,9.4,319,949,1768,05-09-2026,Low,8,Summer,Artisan Survey,https://www.spoilmesilly.in/cdn/shop/files/ACBA425H_600x.jpg?v=1737443960,closest_real_leather_product
ashish_khan,Tamil Nadu,Clay Saree,Vellore,Pottery & Terracotta,Handicraft,Clay,Medium,8.2,112,686,1123,05-09-2026,High,14,Summer,Marketplace,https://giri.in/cdn/shop/files/650741_Pot_Terracotta_Clay_2.75_Inch_1_1200x1200.webp?v=1743076302,closest_real_terracotta_product
ramesh_datta,Tamil Nadu,Cotton Tray,Villupuram,Handloom & Textiles,Handloom,Cotton,Large,10.3,361,1095,1721,05-10-2026,Medium,13,Summer,Marketplace,https://themeghalayanage.store/cdn/shop/files/PER_8573_S.jpg?v=1741849809&width=940,closest_real_fibre_product
ananya_sen,Tamil Nadu,Leather dupatta,Virudhunagar,Leather Craft,Handicraft,Leather,Medium,6.7,313,805,1579,05-10-2026,Low,14,Summer,Craft Study,https://www.spoilmesilly.in/cdn/shop/files/ACBA425H_600x.jpg?v=1737443960,closest_real_leather_product
nisha_desai,Tamil Nadu,Cotton Tray,Virudhunagar,Handloom & Textiles,Handloom,Cotton,Medium,5.8,208,573,1135,05-11-2026,Medium,2,Summer,Artisan Survey,https://themeghalayanage.store/cdn/shop/files/PER_8573_S.jpg?v=1741849809&width=940,closest_real_fibre_product
seema_patel,Telangana,Bamboo Vase,Adilabad,Bamboo & Cane,Handicraft,Bamboo,Large,13,203,875,1425,05-11-2026,Medium,7,Summer,Craft Study,https://theheritageartifacts.com/cdn/shop/products/DSC_0524_dc6cc377-e6a4-4889-bdc4-82bdffd240d3_2000x2667.jpg?v=1679501593,direct_match_or_product_page
divya_syed,Telangana,Clay Bowl,Bhadradri Kothagudem,Pottery & Terracotta,Handicraft,Clay,Medium,6.9,115,496,1039,05-12-2026,Medium,20,Summer,Marketplace,https://www.desiclik.com/images/P/91269_clay_katori_bowl.jpg,direct_match_or_product_page
ananya_desai,Telangana,Leather Shoes,Hyderabad,Leather Craft,Handicraft,Leather,Medium,7.8,269,787,1242,05-12-2026,Low,7,Summer,Marketplace,https://www.spoilmesilly.in/cdn/shop/files/ACBA425H_600x.jpg?v=1737443960,closest_real_leather_product
anjali_pandey,Telangana,Bamboo Carving,Jagtial,Bamboo & Cane,Handicraft,Bamboo,Large,17.4,196,1227,1729,5/13/2026,Medium,4,Summer,Craft Study,https://themeghalayanage.store/cdn/shop/files/PER_8573_S.jpg?v=1741849809&width=940,closest_real_bamboo_product
meera_kapoor,Telangana,Clay Fibre Bag,Jangaon,Pottery & Terracotta,Handicraft,Clay,Small,2,83,200,372,5/13/2026,Low,4,Summer,Craft Study,https://giri.in/cdn/shop/files/650741_Pot_Terracotta_Clay_2.75_Inch_1_1200x1200.webp?v=1743076302,closest_real_terracotta_product
ritika_bhat,Telangana,Wooden Box,Jayashanker Bhupalpally,Woodcraft & Carving,Handicraft,Wood,Medium,6.1,203,480,692,5/14/2026,Low,1,Summer,Craft Study,https://seepi.in/cdn/shop/products/Elephant_Toy_with_Wheels_-_Varanasi_1600x.jpg?v=1623405091,closest_real_wood_product
divya_das,Telangana,Wooden Shawl,Jogulamba Gadwal,Woodcraft & Carving,Handicraft,Wood,Medium,5.7,209,667,1057,5/14/2026,Medium,16,Summer,Artisan Survey,https://cdn.shopify.com/s/files/1/0674/4352/3842/files/handloom-silk-weaving-india.png?v=1768110514,closest_real_textile_product
nikhil_malhotra,Telangana,Wooden Toy,Kamareddy,Woodcraft & Carving,Handicraft,Wood,Small,4.2,124,429,764,5/15/2026,High,1,Summer,Marketplace,https://seepi.in/cdn/shop/products/Elephant_Toy_with_Wheels_-_Varanasi_1600x.jpg?v=1623405091,direct_match_or_product_page
jitendra_ali,Telangana,Wooden Saree,Karimnagar,Woodcraft & Carving,Handicraft,Wood,Medium,7.3,216,804,1281,5/15/2026,Medium,12,Summer,Government,https://cdn.shopify.com/s/files/1/0674/4352/3842/files/handloom-silk-weaving-india.png?v=1768110514,closest_real_textile_product
darshan_patel,Telangana,Bamboo Lamp,Karimnager,Bamboo & Cane,Handicraft,Bamboo,Small,4.2,95,343,526,5/16/2026,Medium,8,Summer,Marketplace,https://www.claymango.com/cdn/shop/products/IMG-20221025-WA0011.jpg?v=1677751374,direct_match_or_product_page
ashish_pandey,Telangana,Leather Bowl,Khammam,Leather Craft,Handicraft,Leather,Small,2.9,202,412,802,5/16/2026,Medium,2,Summer,Craft Study,https://www.pinterest.com/pin/175992297932351632/,direct_match_or_product_page
ashok_kulkarni,Telangana,Leather Plate,Khammam,Leather Craft,Handicraft,Leather,Medium,5.2,285,639,1160,5/17/2026,Medium,18,Summer,Marketplace,https://www.spoilmesilly.in/cdn/shop/files/ACBA425H_600x.jpg?v=1737443960,closest_real_leather_product
shreya_desai,Telangana,Wooden Bag,Kumaram Bheem Asifabad,Woodcraft & Carving,Handicraft,Wood,Small,5.8,142,486,1003,5/17/2026,Low,15,Summer,Artisan Survey,https://seepi.in/cdn/shop/products/Elephant_Toy_with_Wheels_-_Varanasi_1600x.jpg?v=1623405091,closest_real_wood_product
sandeep_ali,Telangana,Wooden Bowl,Mahabubnager,Woodcraft & Carving,Handicraft,Wood,Medium,5.8,210,483,891,5/18/2026,Medium,17,Summer,Craft Study,https://seepi.in/cdn/shop/products/Elephant_Toy_with_Wheels_-_Varanasi_1600x.jpg?v=1623405091,closest_real_wood_product
ritika_murthy,Telangana,Cotton Fibre Basket,Mancherial,Handloom & Textiles,Handloom,Cotton,Large,11.8,389,1275,2245,5/18/2026,Medium,19,Summer,Craft Study,https://themeghalayanage.store/cdn/shop/files/PER_8573_S.jpg?v=1741849809&width=940,closest_real_fibre_product
akshay_ali,Telangana,Clay Bowl,Medak,Pottery & Terracotta,Handicraft,Clay,Large,12.1,171,636,1000,5/19/2026,Medium,19,Summer,Craft Study,https://www.desiclik.com/images/P/91269_clay_katori_bowl.jpg,direct_match_or_product_page
savita_patel,Telangana,Bamboo Fabric,Medchal-Malkajgiri,Bamboo & Cane,Handicraft,Bamboo,Small,5.9,84,513,1038,5/19/2026,Medium,15,Summer,Marketplace,https://themeghalayanage.store/cdn/shop/files/PER_8573_S.jpg?v=1741849809&width=940,closest_real_bamboo_product
navya_hegde,Telangana,Clay Box,Mhabubabad,Pottery & Terracotta,Handicraft,Clay,Small,4.5,72,362,549,5/20/2026,Medium,11,Summer,Marketplace,https://giri.in/cdn/shop/files/650741_Pot_Terracotta_Clay_2.75_Inch_1_1200x1200.webp?v=1743076302,closest_real_terracotta_product
ravi_mishra,Telangana,Cotton Saree,Mulugu,Handloom & Textiles,Handloom,Cotton,Small,4.4,158,470,731,5/20/2026,Medium,14,Summer,Craft Study,https://cdn.shopify.com/s/files/1/0674/4352/3842/files/handloom-silk-weaving-india.png?v=1768110514,closest_real_textile_product
anjali_menon,Telangana,Leather Mat,Nagarkurnool,Leather Craft,Handicraft,Leather,Small,5.9,168,515,1064,5/21/2026,High,9,Summer,Government,https://www.spoilmesilly.in/cdn/shop/files/ACBA425H_600x.jpg?v=1737443960,closest_real_leather_product
hari_kulkarni,Telangana,Bamboo Lamp,Nalgonda,Bamboo & Cane,Handicraft,Bamboo,Large,11.2,197,911,1804,5/21/2026,Medium,4,Summer,Government,https://www.claymango.com/cdn/shop/products/IMG-20221025-WA0011.jpg?v=1677751374,direct_match_or_product_page
vikram_ali,Telangana,Wooden Statue,Narayanpet,Woodcraft & Carving,Handicraft,Wood,Medium,11.8,207,751,1405,5/22/2026,Medium,8,Summer,Craft Study,https://seepi.in/cdn/shop/products/Elephant_Toy_with_Wheels_-_Varanasi_1600x.jpg?v=1623405091,closest_real_wood_product
navya_rahman,Telangana,Leather Wallet,Narayanpet,Leather Craft,Handicraft,Leather,Small,2.8,215,479,662,5/22/2026,Medium,10,Summer,Artisan Survey,https://bongoniketan.in/cdn/shop/files/BuyauthenticandoriginalhandcraftedShantiniketanBengalpureleathervegetablewalletsinexclusivedesignbybongoniketanonline10.jpg?v=1730035779&width=1946,direct_match_or_product_page
hemant_nair,Telangana,Stone Panel,Nirmal,Other Traditional Art,Handicraft,Mixed,Large,18.7,271,1111,1620,5/23/2026,High,1,Summer,Marketplace,https://giri.in/cdn/shop/files/650741_Pot_Terracotta_Clay_2.75_Inch_1_1200x1200.webp?v=1743076302,closest_real_craft_product
anita_kapoor,Telangana,Wooden Fibre Mat,Nizamabad,Woodcraft & Carving,Handicraft,Wood,Medium,7.9,178,667,1184,5/23/2026,High,17,Summer,Government,https://seepi.in/cdn/shop/products/Elephant_Toy_with_Wheels_-_Varanasi_1600x.jpg?v=1623405091,closest_real_wood_product
navya_kulkarni,Telangana,Clay Bangle,Peddapalli,Pottery & Terracotta,Handicraft,Clay,Small,3.5,72,345,685,5/24/2026,High,19,Summer,Marketplace,https://giri.in/cdn/shop/files/650741_Pot_Terracotta_Clay_2.75_Inch_1_1200x1200.webp?v=1743076302,closest_real_terracotta_product
ashok_mishra,Telangana,Leather Stole,Rajanna Sircilla,Leather Craft,Handicraft,Leather,Small,5.7,169,427,745,5/24/2026,Medium,9,Summer,Craft Study,https://www.spoilmesilly.in/cdn/shop/files/ACBA425H_600x.jpg?v=1737443960,closest_real_leather_product
akshay_sen,Telangana,Wooden Bowl,Ranga Reddy,Woodcraft & Carving,Handicraft,Wood,Medium,6,295,648,884,5/25/2026,Medium,10,Summer,Marketplace,https://seepi.in/cdn/shop/products/Elephant_Toy_with_Wheels_-_Varanasi_1600x.jpg?v=1623405091,closest_real_wood_product
neha_khanduja,Telangana,Leather Saree,Sangareddy,Leather Craft,Handicraft,Leather,Medium,12,284,1103,1662,5/25/2026,High,17,Summer,Marketplace,https://atbw.shop/cdn/shop/files/DEV02760-Edit-min.jpg?v=1758731714&width=1500,real_leather_saree_product_image
hari_sharma,Telangana,Bamboo Box,Siddipet,Bamboo & Cane,Handicraft,Bamboo,Small,3.5,79,279,516,5/26/2026,Medium,10,Summer,Marketplace,https://banjaramarket.com/cdn/shop/files/udaan-bamboo-utility-box-112916.jpg?v=1725706897&width=1946,direct_match_or_product_page
hemant_datta,Telangana,Bamboo Planter,Siddipet,Bamboo & Cane,Handicraft,Bamboo,Large,19.1,165,997,1934,5/26/2026,High,14,Summer,Craft Study,https://themeghalayanage.store/cdn/shop/files/PER_8573_S.jpg?v=1741849809&width=940,closest_real_bamboo_product
ramesh_syed,Telangana,Metal Tray,Suryapet,Metal Craft & Dhokra,Handicraft,Metal,Large,23.6,524,1802,2484,5/27/2026,Medium,11,Summer,Craft Study,https://giri.in/cdn/shop/files/650741_Pot_Terracotta_Clay_2.75_Inch_1_1200x1200.webp?v=1743076302,closest_real_craft_product
mohan_joshi,Telangana,Cotton Belt,Vikarabad,Handloom & Textiles,Handloom,Cotton,Large,10.8,353,1157,1605,5/27/2026,Medium,6,Summer,Marketplace,https://themeghalayanage.store/cdn/shop/files/PER_8573_S.jpg?v=1741849809&width=940,closest_real_fibre_product
amit_malik,Telangana,Cotton Lamp,Wanaparthy,Handloom & Textiles,Handloom,Cotton,Small,5.7,153,489,769,5/28/2026,Medium,16,Summer,Marketplace,https://themeghalayanage.store/cdn/shop/files/PER_8573_S.jpg?v=1741849809&width=940,closest_real_fibre_product
seema_sinha,Telangana,Natural Fibre Bag,Warangal Rural,Other Traditional Art,Handicraft,Mixed,Small,4.3,197,496,705,5/28/2026,Medium,4,Summer,Government,https://themeghalayanage.store/cdn/shop/files/PER_8573_S.jpg?v=1741849809&width=940,closest_real_fibre_product
divya_desai,Telangana,Lacquer Toy,Warangal Urban (Hanumakonda),Other Traditional Art,Handicraft,Mixed,Large,19.9,498,1942,3516,5/29/2026,High,5,Summer,Marketplace,https://giri.in/cdn/shop/files/650741_Pot_Terracotta_Clay_2.75_Inch_1_1200x1200.webp?v=1743076302,closest_real_craft_product
kavya_datta,Telangana,Wooden Saree,Yadadri Bhuvanagiri,Woodcraft & Carving,Handicraft,Wood,Small,2.6,126,343,499,5/29/2026,Low,14,Summer,Government,https://cdn.shopify.com/s/files/1/0674/4352/3842/files/handloom-silk-weaving-india.png?v=1768110514,closest_real_textile_product
harish_ghosh,Tripura,Clay Doll,Dhalai,Pottery & Terracotta,Handicraft,Clay,Medium,8.7,102,580,1103,5/29/2026,Medium,15,Summer,Marketplace,https://giri.in/cdn/shop/files/650741_Pot_Terracotta_Clay_2.75_Inch_1_1200x1200.webp?v=1743076302,closest_real_terracotta_product
harish_reddy,Tripura,Bamboo Fabric,Gomati,Bamboo & Cane,Handicraft,Bamboo,Medium,9.7,126,635,1277,5/30/2026,Medium,20,Summer,Marketplace,https://themeghalayanage.store/cdn/shop/files/PER_8573_S.jpg?v=1741849809&width=940,closest_real_bamboo_product
sandeep_kumar,Tripura,Clay Basket,Gomati,Pottery & Terracotta,Handicraft,Clay,Small,3.8,60,311,676,5/30/2026,High,15,Summer,Government,https://giri.in/cdn/shop/files/650741_Pot_Terracotta_Clay_2.75_Inch_1_1200x1200.webp?v=1743076302,closest_real_terracotta_product
arvind_rao,Tripura,Clay Pot,Khowai,Pottery & Terracotta,Handicraft,Clay,Medium,6.1,175,542,1169,5/31/2026,Medium,1,Summer,Government,https://giri.in/cdn/shop/files/650741_Pot_Terracotta_Clay_2.75_Inch_1_1200x1200.webp?v=1743076302,direct_match_or_product_page
pooja_dey,Tripura,Wooden Lamp,North Tripura,Woodcraft & Carving,Handicraft,Wood,Large,13.4,252,1094,1731,5/31/2026,High,17,Summer,Government,https://seepi.in/cdn/shop/products/Elephant_Toy_with_Wheels_-_Varanasi_1600x.jpg?v=1623405091,closest_real_wood_product
savita_syed,Tripura,Leather Jutti,Sepahijala,Leather Craft,Handicraft,Leather,Medium,11,151,574,789,06-01-2026,High,9,Monsoon,Government,https://www.spoilmesilly.in/cdn/shop/files/ACBA425H_600x.jpg?v=1737443960,closest_real_leather_product
mohan_hassan,Tripura,Clay Statue,Sepahijala,Pottery & Terracotta,Handicraft,Clay,Medium,5.2,92,484,789,06-01-2026,Medium,1,Monsoon,Artisan Survey,https://giri.in/cdn/shop/files/650741_Pot_Terracotta_Clay_2.75_Inch_1_1200x1200.webp?v=1743076302,closest_real_terracotta_product
arjun_saxena,Tripura,Leather Fibre Basket,South Tripura,Leather Craft,Handicraft,Leather,Large,19.9,463,1336,2608,06-02-2026,High,12,Monsoon,Government,https://www.spoilmesilly.in/cdn/shop/files/ACBA425H_600x.jpg?v=1737443960,closest_real_leather_product
jitendra_nair,Tripura,Bamboo Box,Unakoti,Bamboo & Cane,Handicraft,Bamboo,Medium,12,114,742,1039,06-02-2026,High,4,Monsoon,Government,https://banjaramarket.com/cdn/shop/files/udaan-bamboo-utility-box-112916.jpg?v=1725706897&width=1946,direct_match_or_product_page
ritika_desai,Tripura,Bamboo Shawl,West Tripura,Bamboo & Cane,Handicraft,Bamboo,Medium,5.1,138,413,684,06-03-2026,Medium,9,Monsoon,Craft Study,https://themeghalayanage.store/cdn/shop/files/PER_8573_S.jpg?v=1741849809&width=940,closest_real_bamboo_product
darshan_reddy,Uttar Pradesh,Leather Lamp,Agra,Leather Craft,Handicraft,Leather,Large,12.3,443,1139,1826,06-03-2026,Medium,10,Monsoon,Government,https://www.spoilmesilly.in/cdn/shop/files/ACBA425H_600x.jpg?v=1737443960,closest_real_leather_product
anjali_singh,Uttar Pradesh,Silk Fabric,Agra,Handloom & Textiles,Handloom,Silk,Medium,9.7,322,935,1437,06-04-2026,Medium,2,Monsoon,Craft Study,https://cdn.shopify.com/s/files/1/0674/4352/3842/files/handloom-silk-weaving-india.png?v=1768110514,closest_real_textile_product
shruti_dey,Uttar Pradesh,Cotton Tray,Aligarh,Handloom & Textiles,Handloom,Cotton,Small,2.2,144,270,527,06-04-2026,Medium,18,Monsoon,Marketplace,https://themeghalayanage.store/cdn/shop/files/PER_8573_S.jpg?v=1741849809&width=940,closest_real_fibre_product
savita_singh,Uttar Pradesh,Clay Vase,Aligarh,Pottery & Terracotta,Handicraft,Clay,Small,4.4,180,452,863,06-05-2026,Low,11,Monsoon,Artisan Survey,https://giri.in/cdn/shop/files/650741_Pot_Terracotta_Clay_2.75_Inch_1_1200x1200.webp?v=1743076302,closest_real_terracotta_product
suresh_joshi,Uttar Pradesh,Leather Bowl,Ambedkar Nagar,Leather Craft,Handicraft,Leather,Small,4.7,194,441,796,06-05-2026,High,20,Monsoon,Marketplace,https://www.pinterest.com/pin/175992297932351632/,direct_match_or_product_page
pooja_hassan,Uttar Pradesh,Bamboo Puppet,Amethi,Bamboo & Cane,Handicraft,Bamboo,Medium,9.1,125,777,1650,06-06-2026,Medium,10,Monsoon,Government,https://themeghalayanage.store/cdn/shop/files/PER_8573_S.jpg?v=1741849809&width=940,closest_real_bamboo_product
priyanka_sharma,Uttar Pradesh,Stone Carving,Amethi,Other Traditional Art,Handicraft,Mixed,Medium,7.6,152,588,845,06-06-2026,Medium,12,Monsoon,Artisan Survey,https://giri.in/cdn/shop/files/650741_Pot_Terracotta_Clay_2.75_Inch_1_1200x1200.webp?v=1743076302,closest_real_craft_product
akshay_khan,Uttar Pradesh,Natural Fibre Mat,Amroha,Other Traditional Art,Handicraft,Mixed,Medium,9.9,356,1044,1542,06-07-2026,Low,17,Monsoon,Artisan Survey,https://themeghalayanage.store/cdn/shop/files/PER_8573_S.jpg?v=1741849809&width=940,closest_real_fibre_product
savita_rao,Uttar Pradesh,Bamboo Bowl,Amroha,Bamboo & Cane,Handicraft,Bamboo,Medium,9.2,132,623,1044,06-07-2026,Medium,5,Monsoon,Government,https://www.alibaba.com/product-detail/natural-handicraft-bamboo-bowls-handicraft-bamboo_11000010888306.html,direct_match_or_product_page
rajesh_saxena,Uttar Pradesh,Wooden Fabric,Auraiya,Woodcraft & Carving,Handicraft,Wood,Medium,6.5,216,548,1045,06-08-2026,Medium,19,Monsoon,Artisan Survey,https://cdn.shopify.com/s/files/1/0674/4352/3842/files/handloom-silk-weaving-india.png?v=1768110514,closest_real_textile_product
shreya_hegde,Uttar Pradesh,Wooden Tray,Ayodhya (Faizabad),Woodcraft & Carving,Handicraft,Wood,Large,17.9,458,1590,2936,06-08-2026,Medium,4,Monsoon,Marketplace,https://seepi.in/cdn/shop/products/Elephant_Toy_with_Wheels_-_Varanasi_1600x.jpg?v=1623405091,closest_real_wood_product
kavita_singh,Uttar Pradesh,Cotton dupatta,Azamgarh,Handloom & Textiles,Handloom,Cotton,Small,5.5,173,524,740,06-09-2026,Medium,20,Monsoon,Craft Study,https://cdn.shopify.com/s/files/1/0674/4352/3842/files/handloom-silk-weaving-india.png?v=1768110514,closest_real_textile_product
ananya_hassan,Uttar Pradesh,Leather Lamp,Azamgarh,Leather Craft,Handicraft,Leather,Medium,9.7,292,739,1600,06-09-2026,Low,13,Monsoon,Artisan Survey,https://www.spoilmesilly.in/cdn/shop/files/ACBA425H_600x.jpg?v=1737443960,closest_real_leather_product
prakash_singh,Uttar Pradesh,Clay Bowl,Baghpat,Pottery & Terracotta,Handicraft,Clay,Medium,8.3,106,758,1220,06-10-2026,Medium,11,Monsoon,Government,https://www.desiclik.com/images/P/91269_clay_katori_bowl.jpg,direct_match_or_product_page
akshay_menon,Uttar Pradesh,Clay Plate,Bahraich,Pottery & Terracotta,Handicraft,Clay,Medium,7.3,120,467,773,06-10-2026,High,5,Monsoon,Craft Study,https://giri.in/cdn/shop/files/650741_Pot_Terracotta_Clay_2.75_Inch_1_1200x1200.webp?v=1743076302,closest_real_terracotta_product
anjali_rao,Uttar Pradesh,Cotton Shoes,Bahraich,Handloom & Textiles,Handloom,Cotton,Small,2.3,166,322,605,06-11-2026,Medium,12,Monsoon,Craft Study,https://themeghalayanage.store/cdn/shop/files/PER_8573_S.jpg?v=1741849809&width=940,closest_real_fibre_product
anjum_dey,Uttar Pradesh,Stone Bowl,Ballia,Other Traditional Art,Handicraft,Mixed,Medium,6.7,349,764,1645,06-11-2026,Medium,12,Monsoon,Artisan Survey,https://giri.in/cdn/shop/files/650741_Pot_Terracotta_Clay_2.75_Inch_1_1200x1200.webp?v=1743076302,closest_real_craft_product
darshan_mishra,Uttar Pradesh,Cotton Fibre Bag,Balrampur,Handloom & Textiles,Handloom,Cotton,Large,10.2,389,952,1821,06-12-2026,Low,20,Monsoon,Government,https://themeghalayanage.store/cdn/shop/files/PER_8573_S.jpg?v=1741849809&width=940,closest_real_fibre_product
mohan_saxena,Uttar Pradesh,Bamboo Bangle,Banda,Bamboo & Cane,Handicraft,Bamboo,Medium,11.9,107,939,2030,06-12-2026,High,17,Monsoon,Artisan Survey,https://themeghalayanage.store/cdn/shop/files/PER_8573_S.jpg?v=1741849809&width=940,closest_real_bamboo_product
nikhil_kapoor,Uttar Pradesh,Leather Stole,Barabanki,Leather Craft,Handicraft,Leather,Large,13.1,490,992,1497,6/13/2026,Medium,10,Monsoon,Marketplace,https://www.spoilmesilly.in/cdn/shop/files/ACBA425H_600x.jpg?v=1737443960,closest_real_leather_product
amit_desai,Uttar Pradesh,Wooden Toy,Bareilly,Woodcraft & Carving,Handicraft,Wood,Large,21.4,245,1770,3320,6/13/2026,Medium,8,Monsoon,Government,https://seepi.in/cdn/shop/products/Elephant_Toy_with_Wheels_-_Varanasi_1600x.jpg?v=1623405091,direct_match_or_product_page
savita_sharma,Uttar Pradesh,Cotton Saree,Bareilly,Handloom & Textiles,Handloom,Cotton,Medium,6.2,176,618,1270,6/14/2026,Medium,8,Monsoon,Craft Study,https://cdn.shopify.com/s/files/1/0674/4352/3842/files/handloom-silk-weaving-india.png?v=1768110514,closest_real_textile_product
vikram_sen,Uttar Pradesh,Bamboo Mat,Bareilly,Bamboo & Cane,Handicraft,Bamboo,Medium,7,170,706,1259,6/14/2026,Low,8,Monsoon,Marketplace,https://themeghalayanage.store/cdn/shop/files/PER_8573_S.jpg?v=1741849809&width=940,closest_real_bamboo_product
varun_sinha,Uttar Pradesh,Clay Lamp,Basti,Pottery & Terracotta,Handicraft,Clay,Medium,7.9,89,627,1039,6/15/2026,Medium,1,Monsoon,Craft Study,https://www.amalfieeceramics.com/cdn/shop/products/Amalfiee-Handmade-Terracotta-Ganpati-Diya-Lamp-set-of-4-Amalfiee_Ceramics-1678917314_1400x.jpg?v=1678917316,direct_match_or_product_page
ananya_dey,Uttar Pradesh,Cotton Statue,Basti,Handloom & Textiles,Handloom,Cotton,Large,14.5,316,1382,3022,6/15/2026,Medium,1,Monsoon,Artisan Survey,https://themeghalayanage.store/cdn/shop/files/PER_8573_S.jpg?v=1741849809&width=940,closest_real_fibre_product
naveen_khan,Uttar Pradesh,Leather Bag,Bhadohi,Leather Craft,Handicraft,Leather,Small,5.2,171,512,753,6/16/2026,Medium,16,Monsoon,Government,https://www.spoilmesilly.in/cdn/shop/files/ACBA425H_600x.jpg?v=1737443960,direct_match_or_product_page
priyanka_patel,Uttar Pradesh,Leather Panel,Bijnor,Leather Craft,Handicraft,Leather,Medium,11.7,286,887,1507,6/16/2026,High,6,Monsoon,Craft Study,https://www.spoilmesilly.in/cdn/shop/files/ACBA425H_600x.jpg?v=1737443960,closest_real_leather_product
arun_murthy,Uttar Pradesh,Natural Fibre Basket,Budaun,Other Traditional Art,Handicraft,Mixed,Large,22.3,211,1398,2925,6/17/2026,Medium,9,Monsoon,Marketplace,https://themeghalayanage.store/cdn/shop/files/PER_8573_S.jpg?v=1741849809&width=940,closest_real_fibre_product
ashok_malhotra,Uttar Pradesh,Lacquer Toy,Bulandshahar,Other Traditional Art,Handicraft,Mixed,Small,2.6,232,438,927,6/17/2026,High,14,Monsoon,Marketplace,https://giri.in/cdn/shop/files/650741_Pot_Terracotta_Clay_2.75_Inch_1_1200x1200.webp?v=1743076302,closest_real_craft_product
anita_sinha,Uttar Pradesh,Wooden Saree,Chandauli,Woodcraft & Carving,Handicraft,Wood,Medium,10.4,188,782,1707,6/18/2026,Medium,13,Monsoon,Marketplace,https://cdn.shopify.com/s/files/1/0674/4352/3842/files/handloom-silk-weaving-india.png?v=1768110514,closest_real_textile_product
ashok_ahmed,Uttar Pradesh,Clay Box,Chandauli,Pottery & Terracotta,Handicraft,Clay,Medium,6,114,509,1070,6/18/2026,Low,8,Monsoon,Government,https://giri.in/cdn/shop/files/650741_Pot_Terracotta_Clay_2.75_Inch_1_1200x1200.webp?v=1743076302,closest_real_terracotta_product
meera_bhat,Uttar Pradesh,Clay Saree,Chitrakoot,Pottery & Terracotta,Handicraft,Clay,Large,22.8,152,1078,1502,6/19/2026,Medium,16,Monsoon,Artisan Survey,https://giri.in/cdn/shop/files/650741_Pot_Terracotta_Clay_2.75_Inch_1_1200x1200.webp?v=1743076302,closest_real_terracotta_product
sunita_datta,Uttar Pradesh,Leather Box,Deoria,Leather Craft,Handicraft,Leather,Large,17.3,462,1661,3555,6/19/2026,Medium,4,Monsoon,Marketplace,https://www.amarkutir.in/custom-images/products/leather/product-images/26.png,direct_match_or_product_page
arvind_sen,Uttar Pradesh,Bamboo Planter,Deoria,Bamboo & Cane,Handicraft,Bamboo,Small,3.3,75,237,406,6/20/2026,Medium,10,Monsoon,Craft Study,https://themeghalayanage.store/cdn/shop/files/PER_8573_S.jpg?v=1741849809&width=940,closest_real_bamboo_product
akshay_desai,Uttar Pradesh,Bamboo Tray,Deoria,Bamboo & Cane,Handicraft,Bamboo,Medium,6.1,139,611,1163,6/20/2026,High,3,Monsoon,Craft Study,https://silpakarman.com/products/natural-bamboo-tray,direct_match_or_product_page
priya_rao,Uttar Pradesh,Wooden Wallet,Etah,Woodcraft & Carving,Handicraft,Wood,Small,2,115,269,453,6/21/2026,Medium,11,Monsoon,Artisan Survey,https://seepi.in/cdn/shop/products/Elephant_Toy_with_Wheels_-_Varanasi_1600x.jpg?v=1623405091,closest_real_wood_product
karthik_rahman,Uttar Pradesh,Leather Lamp,Etawah,Leather Craft,Handicraft,Leather,Medium,6.7,248,604,1233,6/21/2026,Medium,2,Monsoon,Government,https://www.spoilmesilly.in/cdn/shop/files/ACBA425H_600x.jpg?v=1737443960,closest_real_leather_product
anjum_verma,Uttar Pradesh,Leather Fibre Mat,Farrukhabad,Leather Craft,Handicraft,Leather,Medium,11.4,258,1048,1928,6/21/2026,Medium,19,Monsoon,Artisan Survey,https://www.spoilmesilly.in/cdn/shop/files/ACBA425H_600x.jpg?v=1737443960,closest_real_leather_product
ananya_menon,Uttar Pradesh,Wooden Box,Farrukhabad,Woodcraft & Carving,Handicraft,Wood,Large,21.2,326,1761,3643,6/22/2026,Medium,14,Monsoon,Government,https://seepi.in/cdn/shop/products/Elephant_Toy_with_Wheels_-_Varanasi_1600x.jpg?v=1623405091,closest_real_wood_product
neha_mishra,Uttar Pradesh,Clay Shawl,Fatehpur,Pottery & Terracotta,Handicraft,Clay,Small,5.9,62,459,695,6/22/2026,Medium,5,Monsoon,Artisan Survey,https://giri.in/cdn/shop/files/650741_Pot_Terracotta_Clay_2.75_Inch_1_1200x1200.webp?v=1743076302,closest_real_terracotta_product
radha_bhat,Uttar Pradesh,Clay Bowl,Fatehpur,Pottery & Terracotta,Handicraft,Clay,Small,2.4,75,288,434,6/23/2026,Low,13,Monsoon,Marketplace,https://www.desiclik.com/images/P/91269_clay_katori_bowl.jpg,direct_match_or_product_page
harish_menon,Uttar Pradesh,Clay Saree,Firozabad,Pottery & Terracotta,Handicraft,Clay,Medium,9.1,111,611,1054,6/23/2026,Low,7,Monsoon,Craft Study,https://giri.in/cdn/shop/files/650741_Pot_Terracotta_Clay_2.75_Inch_1_1200x1200.webp?v=1743076302,closest_real_terracotta_product
ramesh_hassan,Uttar Pradesh,Bamboo Basket,Gautam Buddh Nagar,Bamboo & Cane,Handicraft,Bamboo,Medium,6.8,167,693,938,6/24/2026,Medium,11,Monsoon,Marketplace,https://themeghalayanage.store/cdn/shop/files/PER_8573_S.jpg?v=1741849809&width=940,direct_match_or_product_page
navya_khanduja,Uttar Pradesh,Cotton Pot,Ghaziabad,Handloom & Textiles,Handloom,Cotton,Medium,8.8,202,683,1324,6/24/2026,Low,4,Monsoon,Government,https://themeghalayanage.store/cdn/shop/files/PER_8573_S.jpg?v=1741849809&width=940,closest_real_fibre_product
rajesh_dey,Uttar Pradesh,Bamboo Lamp,Ghazipur,Bamboo & Cane,Handicraft,Bamboo,Small,3.3,73,309,495,6/25/2026,Medium,11,Monsoon,Craft Study,https://www.claymango.com/cdn/shop/products/IMG-20221025-WA0011.jpg?v=1677751374,direct_match_or_product_page
arun_das,Uttar Pradesh,Cotton Belt,Gonda,Handloom & Textiles,Handloom,Cotton,Small,3.1,155,368,671,6/25/2026,Low,3,Monsoon,Marketplace,https://themeghalayanage.store/cdn/shop/files/PER_8573_S.jpg?v=1741849809&width=940,closest_real_fibre_product
ashok_gupta,Uttar Pradesh,Cotton Statue,Gorakhpur,Handloom & Textiles,Handloom,Cotton,Large,18,324,982,1384,6/26/2026,Low,4,Monsoon,Craft Study,https://themeghalayanage.store/cdn/shop/files/PER_8573_S.jpg?v=1741849809&width=940,closest_real_fibre_product
deepika_saxena,Uttar Pradesh,Natural Fibre Bag,Gorakhpur,Other Traditional Art,Handicraft,Mixed,Small,2.7,115,355,531,6/26/2026,High,12,Monsoon,Craft Study,https://themeghalayanage.store/cdn/shop/files/PER_8573_S.jpg?v=1741849809&width=940,closest_real_fibre_product
deepika_kulkarni,Uttar Pradesh,Lacquer Bowl,Hamirpur,Other Traditional Art,Handicraft,Mixed,Medium,8.3,146,739,1389,6/27/2026,High,11,Monsoon,Marketplace,https://giri.in/cdn/shop/files/650741_Pot_Terracotta_Clay_2.75_Inch_1_1200x1200.webp?v=1743076302,closest_real_craft_product
ashok_saxena,Uttar Pradesh,Wooden Fabric,Hapur,Woodcraft & Carving,Handicraft,Wood,Large,19.1,290,1132,1822,6/27/2026,Medium,6,Monsoon,Marketplace,https://cdn.shopify.com/s/files/1/0674/4352/3842/files/handloom-silk-weaving-india.png?v=1768110514,closest_real_textile_product
hemant_malhotra,Uttar Pradesh,Wooden Doll,Hardoi,Woodcraft & Carving,Handicraft,Wood,Small,2.5,187,398,610,6/28/2026,Medium,2,Monsoon,Marketplace,https://seepi.in/cdn/shop/products/Elephant_Toy_with_Wheels_-_Varanasi_1600x.jpg?v=1623405091,closest_real_wood_product
karthik_desai,Uttar Pradesh,Cotton Fabric,Hathras,Handloom & Textiles,Handloom,Cotton,Medium,11.5,231,894,1381,6/28/2026,High,9,Monsoon,Artisan Survey,https://cdn.shopify.com/s/files/1/0674/4352/3842/files/handloom-silk-weaving-india.png?v=1768110514,closest_real_textile_product
rajesh_malik,Uttar Pradesh,Cotton Tray,Hathras,Handloom & Textiles,Handloom,Cotton,Small,4,141,336,515,6/29/2026,Low,19,Monsoon,Craft Study,https://themeghalayanage.store/cdn/shop/files/PER_8573_S.jpg?v=1741849809&width=940,closest_real_fibre_product
savita_malik,Uttar Pradesh,Bamboo Vase,Jalaun,Bamboo & Cane,Handicraft,Bamboo,Large,21.5,209,1525,2866,6/29/2026,Medium,15,Monsoon,Government,https://theheritageartifacts.com/cdn/shop/products/DSC_0524_dc6cc377-e6a4-4889-bdc4-82bdffd240d3_2000x2667.jpg?v=1679501593,direct_match_or_product_page
navya_saxena,Uttar Pradesh,Cotton Bowl,Jalaun,Handloom & Textiles,Handloom,Cotton,Medium,9.6,192,657,981,6/30/2026,Low,2,Monsoon,Artisan Survey,https://themeghalayanage.store/cdn/shop/files/PER_8573_S.jpg?v=1741849809&width=940,closest_real_fibre_product
anjali_das,Uttar Pradesh,Clay Jutti,Jaunpur,Leather Craft,Handicraft,Leather,Large,19.9,191,970,1609,6/30/2026,Medium,19,Monsoon,Government,https://giri.in/cdn/shop/files/650741_Pot_Terracotta_Clay_2.75_Inch_1_1200x1200.webp?v=1743076302,closest_real_terracotta_product
ashok_khanduja,Uttar Pradesh,Stone Carving,Jhansi,Other Traditional Art,Handicraft,Mixed,Small,4.9,114,473,915,07-01-2026,High,9,Monsoon,Marketplace,https://giri.in/cdn/shop/files/650741_Pot_Terracotta_Clay_2.75_Inch_1_1200x1200.webp?v=1743076302,closest_real_craft_product
suresh_hassan,Uttar Pradesh,Natural Fibre Basket,Jhansi,Other Traditional Art,Handicraft,Mixed,Medium,11.1,274,804,1436,07-01-2026,High,12,Monsoon,Artisan Survey,https://themeghalayanage.store/cdn/shop/files/PER_8573_S.jpg?v=1741849809&width=940,closest_real_fibre_product
shruti_hassan,Uttar Pradesh,Leather Bangle,Kannauj,Leather Craft,Handicraft,Leather,Medium,9.3,239,629,1168,07-02-2026,High,1,Monsoon,Craft Study,https://www.spoilmesilly.in/cdn/shop/files/ACBA425H_600x.jpg?v=1737443960,closest_real_leather_product
ananya_chandra,Uttar Pradesh,Clay Stole,Kanpur Dehat,Pottery & Terracotta,Handicraft,Clay,Small,3.1,68,313,489,07-02-2026,High,7,Monsoon,Marketplace,https://giri.in/cdn/shop/files/650741_Pot_Terracotta_Clay_2.75_Inch_1_1200x1200.webp?v=1743076302,closest_real_terracotta_product
deepika_rao,Uttar Pradesh,Wooden Lamp,Kanpur Dehat,Woodcraft & Carving,Handicraft,Wood,Small,2.4,114,262,561,07-03-2026,Medium,16,Monsoon,Marketplace,https://seepi.in/cdn/shop/products/Elephant_Toy_with_Wheels_-_Varanasi_1600x.jpg?v=1623405091,closest_real_wood_product
pooja_syed,Uttar Pradesh,Wooden Fabric,Kanpur Nagar,Woodcraft & Carving,Handicraft,Wood,Small,4.4,117,429,730,07-03-2026,High,7,Monsoon,Government,https://cdn.shopify.com/s/files/1/0674/4352/3842/files/handloom-silk-weaving-india.png?v=1768110514,closest_real_textile_product
karthik_malhotra,Uttar Pradesh,Cotton Lamp,Kanpur Nagar,Handloom & Textiles,Handloom,Cotton,Large,10.9,407,1155,1841,07-04-2026,Medium,4,Monsoon,Government,https://themeghalayanage.store/cdn/shop/files/PER_8573_S.jpg?v=1741849809&width=940,closest_real_fibre_product
sandeep_bhat,Uttar Pradesh,Cotton Bowl,Kasganj,Handloom & Textiles,Handloom,Cotton,Medium,6.7,233,569,1206,07-04-2026,Medium,2,Monsoon,Marketplace,https://themeghalayanage.store/cdn/shop/files/PER_8573_S.jpg?v=1741849809&width=940,closest_real_fibre_product
ashok_bhat,Uttar Pradesh,Leather Plate,Kaushambi,Leather Craft,Handicraft,Leather,Medium,5.4,255,575,1097,07-05-2026,Medium,19,Monsoon,Craft Study,https://www.spoilmesilly.in/cdn/shop/files/ACBA425H_600x.jpg?v=1737443960,closest_real_leather_product
manish_bhat,Uttar Pradesh,Leather Puppet,Kushinagar,Leather Craft,Handicraft,Leather,Medium,8.8,293,663,1241,07-05-2026,Medium,17,Monsoon,Marketplace,https://theindiacrafthouse.com/products/andhra-leather-craft-string-puppet-vighnaharta-height-24-inches-ssap01b,direct_match_or_product_page
savita_ahmed,Uttar Pradesh,Leather Bowl,Lakhimpur Kheri,Leather Craft,Handicraft,Leather,Medium,6.1,263,700,1473,07-06-2026,Medium,1,Monsoon,Government,https://www.pinterest.com/pin/175992297932351632/,direct_match_or_product_page
priya_gupta,Uttar Pradesh,Natural Fibre Mat,Lakhimpur Kheri,Other Traditional Art,Handicraft,Mixed,Medium,9.3,358,749,1048,07-06-2026,Medium,19,Monsoon,Artisan Survey,https://themeghalayanage.store/cdn/shop/files/PER_8573_S.jpg?v=1741849809&width=940,closest_real_fibre_product
deepika_syed,Uttar Pradesh,Clay Toy,Lalitpur,Pottery & Terracotta,Handicraft,Clay,Medium,10.5,86,871,1796,07-07-2026,Low,17,Monsoon,Government,https://giri.in/cdn/shop/files/650741_Pot_Terracotta_Clay_2.75_Inch_1_1200x1200.webp?v=1743076302,closest_real_terracotta_product
sandeep_kapoor,Uttar Pradesh,Handloom Saree,Lalitpur,Handloom & Textiles,Handloom,Textile,Medium,10.8,332,859,1655,07-07-2026,Medium,8,Monsoon,Government,https://cdn.shopify.com/s/files/1/0674/4352/3842/files/handloom-silk-weaving-india.png?v=1768110514,closest_real_textile_product
ananya_verma,Uttar Pradesh,Bamboo Tray,Lalitpur,Bamboo & Cane,Handicraft,Bamboo,Small,3.2,94,370,613,07-08-2026,Medium,14,Monsoon,Craft Study,https://silpakarman.com/products/natural-bamboo-tray,direct_match_or_product_page
divya_sen,Uttar Pradesh,Dupatta,Lucknow,Handloom & Textiles,Handloom,Textile,Large,17.7,419,1197,1877,07-08-2026,Medium,6,Monsoon,Government,https://cdn.shopify.com/s/files/1/0674/4352/3842/files/handloom-silk-weaving-india.png?v=1768110514,closest_real_textile_product
nikhil_chandra,Uttar Pradesh,Leather Mat,Maharajganj,Leather Craft,Handicraft,Leather,Large,17.9,408,1253,1803,07-09-2026,Medium,5,Monsoon,Marketplace,https://www.spoilmesilly.in/cdn/shop/files/ACBA425H_600x.jpg?v=1737443960,closest_real_leather_product
rajesh_kulkarni,Uttar Pradesh,Leather Lamp,Mahoba,Leather Craft,Handicraft,Leather,Small,3.9,193,461,991,07-09-2026,Low,15,Monsoon,Marketplace,https://www.spoilmesilly.in/cdn/shop/files/ACBA425H_600x.jpg?v=1737443960,closest_real_leather_product
varun_joshi,Uttar Pradesh,Metal Statue,Mainpuri,Metal Craft & Dhokra,Handicraft,Metal,Medium,9.6,346,931,1369,07-10-2026,High,5,Monsoon,Government,https://giri.in/cdn/shop/files/650741_Pot_Terracotta_Clay_2.75_Inch_1_1200x1200.webp?v=1743076302,closest_real_craft_product
darshan_menon,Uttar Pradesh,Wooden Shoes,Mainpuri,Woodcraft & Carving,Handicraft,Wood,Small,2.8,131,378,594,07-10-2026,Medium,8,Monsoon,Government,https://seepi.in/cdn/shop/products/Elephant_Toy_with_Wheels_-_Varanasi_1600x.jpg?v=1623405091,closest_real_wood_product
anjum_khan,Uttar Pradesh,Leather Panel,Mainpuri,Leather Craft,Handicraft,Leather,Large,23.7,484,1385,2683,07-11-2026,Medium,8,Monsoon,Government,https://www.spoilmesilly.in/cdn/shop/files/ACBA425H_600x.jpg?v=1737443960,closest_real_leather_product
ashish_merchant,Uttar Pradesh,Bamboo Fibre Bag,Mathura,Bamboo & Cane,Handicraft,Bamboo,Large,11.4,216,669,1307,07-11-2026,Low,4,Monsoon,Government,https://img.esaras.in/catalog/product/cache/194e57ff18b0c86d9ecf78ca9ac7ebcf/s/g/sg01330_3_.jpg,closest_real_bamboo_product
anjum_pandey,Uttar Pradesh,Leather Box,Mathura,Leather Craft,Handicraft,Leather,Large,21.6,511,1562,2322,07-12-2026,High,17,Monsoon,Craft Study,https://www.amarkutir.in/custom-images/products/leather/product-images/26.png,direct_match_or_product_page
harish_syed,Uttar Pradesh,Clay Shawl,Mathura,Pottery & Terracotta,Handicraft,Clay,Small,4.4,71,335,684,07-12-2026,Medium,14,Monsoon,Marketplace,https://giri.in/cdn/shop/files/650741_Pot_Terracotta_Clay_2.75_Inch_1_1200x1200.webp?v=1743076302,closest_real_terracotta_product
amrita_kumar,Uttar Pradesh,Wooden Toy,Mau,Woodcraft & Carving,Handicraft,Wood,Small,3,108,357,637,7/13/2026,Medium,18,Monsoon,Marketplace,https://seepi.in/cdn/shop/products/Elephant_Toy_with_Wheels_-_Varanasi_1600x.jpg?v=1623405091,direct_match_or_product_page
bhavesh_chandra,Uttar Pradesh,Bamboo Saree,Meerut,Bamboo & Cane,Handicraft,Bamboo,Small,5,93,450,932,7/13/2026,Medium,11,Monsoon,Marketplace,https://themeghalayanage.store/cdn/shop/files/PER_8573_S.jpg?v=1741849809&width=940,closest_real_bamboo_product
manish_malik,Uttar Pradesh,Bamboo Box,Mirzapur,Bamboo & Cane,Handicraft,Bamboo,Small,2.3,99,292,416,7/14/2026,High,4,Monsoon,Craft Study,https://banjaramarket.com/cdn/shop/files/udaan-bamboo-utility-box-112916.jpg?v=1725706897&width=1946,direct_match_or_product_page
darshan_hegde,Uttar Pradesh,Leather Planter,Mirzapur,Leather Craft,Handicraft,Leather,Small,5.1,225,509,706,7/14/2026,High,6,Monsoon,Government,https://www.spoilmesilly.in/cdn/shop/files/ACBA425H_600x.jpg?v=1737443960,closest_real_leather_product
anjum_khanduja,Uttar Pradesh,Bamboo Tray,Moradabad,Bamboo & Cane,Handicraft,Bamboo,Small,4.4,72,356,673,7/15/2026,Medium,8,Monsoon,Craft Study,https://silpakarman.com/products/natural-bamboo-tray,direct_match_or_product_page
divya_iyer,Uttar Pradesh,Clay Bag,Muzaffarnagar,Pottery & Terracotta,Handicraft,Clay,Large,11.6,147,940,1389,7/15/2026,Low,19,Monsoon,Government,https://giri.in/cdn/shop/files/650741_Pot_Terracotta_Clay_2.75_Inch_1_1200x1200.webp?v=1743076302,closest_real_terracotta_product
arjun_pandey,Uttar Pradesh,Clay Lamp,Pilibhit,Pottery & Terracotta,Handicraft,Clay,Small,2.3,79,248,445,7/15/2026,Low,5,Monsoon,Craft Study,https://www.amalfieeceramics.com/cdn/shop/products/Amalfiee-Handmade-Terracotta-Ganpati-Diya-Lamp-set-of-4-Amalfiee_Ceramics-1678917314_1400x.jpg?v=1678917316,direct_match_or_product_page
laxmi_joshi,Uttar Pradesh,Leather Fibre Basket,Pratapgarh,Leather Craft,Handicraft,Leather,Small,5,190,569,775,7/16/2026,Low,14,Monsoon,Government,https://www.spoilmesilly.in/cdn/shop/files/ACBA425H_600x.jpg?v=1737443960,closest_real_leather_product
pallavi_kulkarni,Uttar Pradesh,Lacquer Bowl,Prayagraj,Other Traditional Art,Handicraft,Mixed,Large,14.1,433,1127,2269,7/16/2026,High,3,Monsoon,Government,https://giri.in/cdn/shop/files/650741_Pot_Terracotta_Clay_2.75_Inch_1_1200x1200.webp?v=1743076302,closest_real_craft_product
ashish_hassan,Uttar Pradesh,Leather Fabric,Prayagraj,Leather Craft,Handicraft,Leather,Medium,11.2,256,803,1698,7/17/2026,High,20,Monsoon,Marketplace,https://www.spoilmesilly.in/cdn/shop/files/ACBA425H_600x.jpg?v=1737443960,closest_real_leather_product
arjun_rao,Uttar Pradesh,Bamboo Box,Raebareli,Bamboo & Cane,Handicraft,Bamboo,Medium,10.3,124,893,1842,7/17/2026,High,13,Monsoon,Government,https://banjaramarket.com/cdn/shop/files/udaan-bamboo-utility-box-112916.jpg?v=1725706897&width=1946,direct_match_or_product_page
sandeep_patel,Uttar Pradesh,Clay Saree,Rampur,Pottery & Terracotta,Handicraft,Clay,Medium,9.9,115,569,1232,7/18/2026,High,9,Monsoon,Artisan Survey,https://giri.in/cdn/shop/files/650741_Pot_Terracotta_Clay_2.75_Inch_1_1200x1200.webp?v=1743076302,closest_real_terracotta_product
rajesh_rahman,Uttar Pradesh,Clay Basket,Saharanpur,Pottery & Terracotta,Handicraft,Clay,Large,13.9,140,1163,2463,7/18/2026,Low,7,Monsoon,Artisan Survey,https://giri.in/cdn/shop/files/650741_Pot_Terracotta_Clay_2.75_Inch_1_1200x1200.webp?v=1743076302,closest_real_terracotta_product
mohan_sharma,Uttar Pradesh,Clay Pot,Sambhal,Pottery & Terracotta,Handicraft,Clay,Medium,10,129,670,1157,7/19/2026,High,8,Monsoon,Artisan Survey,https://giri.in/cdn/shop/files/650741_Pot_Terracotta_Clay_2.75_Inch_1_1200x1200.webp?v=1743076302,direct_match_or_product_page
shreya_bhat,Uttar Pradesh,Bamboo Lamp,Sant Kabir Nagar,Bamboo & Cane,Handicraft,Bamboo,Medium,11.6,122,584,986,7/19/2026,Medium,5,Monsoon,Government,https://www.claymango.com/cdn/shop/products/IMG-20221025-WA0011.jpg?v=1677751374,direct_match_or_product_page
sandeep_nair,Uttar Pradesh,Leather Wallet,Sant Kabir Nagar,Leather Craft,Handicraft,Leather,Medium,5.6,355,669,1413,7/20/2026,Medium,12,Monsoon,Artisan Survey,https://bongoniketan.in/cdn/shop/files/BuyauthenticandoriginalhandcraftedShantiniketanBengalpureleathervegetablewalletsinexclusivedesignbybongoniketanonline10.jpg?v=1730035779&width=1946,direct_match_or_product_page
sanjay_banerjee,Uttar Pradesh,Wooden Statue,Shahjahanpur,Woodcraft & Carving,Handicraft,Wood,Medium,7.3,171,519,1110,7/20/2026,Medium,18,Monsoon,Government,https://seepi.in/cdn/shop/products/Elephant_Toy_with_Wheels_-_Varanasi_1600x.jpg?v=1623405091,closest_real_wood_product
arun_hassan,Uttar Pradesh,Leather Fibre Mat,Shamli,Leather Craft,Handicraft,Leather,Small,2.9,232,410,893,7/21/2026,Low,5,Monsoon,Craft Study,https://www.spoilmesilly.in/cdn/shop/files/ACBA425H_600x.jpg?v=1737443960,closest_real_leather_product
mohan_roy,Uttar Pradesh,Bamboo Bangle,Shravasti,Bamboo & Cane,Handicraft,Bamboo,Medium,7.8,139,463,927,7/21/2026,High,15,Monsoon,Artisan Survey,https://themeghalayanage.store/cdn/shop/files/PER_8573_S.jpg?v=1741849809&width=940,closest_real_bamboo_product
varun_kumar,Uttar Pradesh,Bamboo Stole,Siddharthnagar,Bamboo & Cane,Handicraft,Bamboo,Small,5,80,392,597,7/22/2026,High,12,Monsoon,Marketplace,https://themeghalayanage.store/cdn/shop/files/PER_8573_S.jpg?v=1741849809&width=940,closest_real_bamboo_product
ananya_ali,Uttar Pradesh,Wooden Bowl,Sitapur,Woodcraft & Carving,Handicraft,Wood,Medium,8.3,341,914,1968,7/22/2026,High,16,Monsoon,Craft Study,https://seepi.in/cdn/shop/products/Elephant_Toy_with_Wheels_-_Varanasi_1600x.jpg?v=1623405091,closest_real_wood_product
arjun_nair,Uttar Pradesh,Clay Saree,Sonbhadra,Pottery & Terracotta,Handicraft,Clay,Small,4.3,76,350,754,7/23/2026,High,16,Monsoon,Marketplace,https://giri.in/cdn/shop/files/650741_Pot_Terracotta_Clay_2.75_Inch_1_1200x1200.webp?v=1743076302,closest_real_terracotta_product
hemant_khan,Uttar Pradesh,Leather Tray,Sultanpur,Leather Craft,Handicraft,Leather,Small,3.3,202,399,765,7/23/2026,Medium,1,Monsoon,Marketplace,https://indiacircus.com/damask-print-leather-tray.html,direct_match_or_product_page
arvind_pandey,Uttar Pradesh,Clay Vase,Sultanpur,Pottery & Terracotta,Handicraft,Clay,Small,2.6,70,254,528,7/24/2026,Low,1,Monsoon,Government,https://giri.in/cdn/shop/files/650741_Pot_Terracotta_Clay_2.75_Inch_1_1200x1200.webp?v=1743076302,closest_real_terracotta_product
savita_murthy,Uttar Pradesh,Clay Bowl,Unnao,Pottery & Terracotta,Handicraft,Clay,Large,13.7,182,1114,2035,7/24/2026,High,19,Monsoon,Artisan Survey,https://www.desiclik.com/images/P/91269_clay_katori_bowl.jpg,direct_match_or_product_page
seema_khanduja,Uttar Pradesh,Wooden Belt,Unnao,Woodcraft & Carving,Handicraft,Wood,Small,5.4,142,464,999,7/25/2026,Medium,4,Monsoon,Marketplace,https://seepi.in/cdn/shop/products/Elephant_Toy_with_Wheels_-_Varanasi_1600x.jpg?v=1623405091,closest_real_wood_product
priya_patel,Uttar Pradesh,Wooden Carving,Varanasi,Woodcraft & Carving,Handicraft,Wood,Medium,9.2,201,597,854,7/25/2026,High,12,Monsoon,Government,https://seepi.in/cdn/shop/products/Elephant_Toy_with_Wheels_-_Varanasi_1600x.jpg?v=1623405091,closest_real_wood_product
dinesh_khanduja,Uttar Pradesh,Bamboo Fibre Bag,Varanasi,Bamboo & Cane,Handicraft,Bamboo,Large,15.3,230,1135,2366,7/26/2026,Low,16,Monsoon,Artisan Survey,https://img.esaras.in/catalog/product/cache/194e57ff18b0c86d9ecf78ca9ac7ebcf/s/g/sg01330_3_.jpg,closest_real_bamboo_product
jitendra_malik,Uttar Pradesh,Lacquer Toy,Varanasi,Other Traditional Art,Handicraft,Mixed,Small,5.2,107,467,652,7/26/2026,Medium,11,Monsoon,Government,https://giri.in/cdn/shop/files/650741_Pot_Terracotta_Clay_2.75_Inch_1_1200x1200.webp?v=1743076302,closest_real_craft_product
anjali_chandra,Uttar Pradesh,Handloom Saree,Varanasi,Handloom & Textiles,Handloom,Textile,Medium,5.5,170,481,788,7/27/2026,Medium,1,Monsoon,Artisan Survey,https://cdn.shopify.com/s/files/1/0674/4352/3842/files/handloom-silk-weaving-india.png?v=1768110514,closest_real_textile_product
anjali_reddy,Uttarakhand,Wooden Doll,Almora,Woodcraft & Carving,Handicraft,Wood,Small,3,242,385,564,7/27/2026,Medium,1,Monsoon,Government,https://seepi.in/cdn/shop/products/Elephant_Toy_with_Wheels_-_Varanasi_1600x.jpg?v=1623405091,closest_real_wood_product
bhavesh_roy,Uttarakhand,Cotton Fabric,Bageshwar,Handloom & Textiles,Handloom,Cotton,Small,2.9,194,479,842,7/28/2026,High,14,Monsoon,Marketplace,https://cdn.shopify.com/s/files/1/0674/4352/3842/files/handloom-silk-weaving-india.png?v=1768110514,closest_real_textile_product
karthik_merchant,Uttarakhand,Bamboo Lamp,Chamoli,Bamboo & Cane,Handicraft,Bamboo,Medium,11.9,104,685,1060,7/28/2026,High,18,Monsoon,Craft Study,https://www.claymango.com/cdn/shop/products/IMG-20221025-WA0011.jpg?v=1677751374,direct_match_or_product_page
naveen_ahmed,Uttarakhand,Cotton Bowl,Champawat,Handloom & Textiles,Handloom,Cotton,Large,19.9,349,1233,2662,7/29/2026,Medium,7,Monsoon,Government,https://themeghalayanage.store/cdn/shop/files/PER_8573_S.jpg?v=1741849809&width=940,closest_real_fibre_product
ashok_patel,Uttarakhand,Wooden Plate,Dehradun,Woodcraft & Carving,Handicraft,Wood,Small,4.5,145,365,666,7/29/2026,Medium,11,Monsoon,Artisan Survey,https://seepi.in/cdn/shop/products/Elephant_Toy_with_Wheels_-_Varanasi_1600x.jpg?v=1623405091,closest_real_wood_product
amrita_merchant,Uttarakhand,Bamboo Jutti,Haridwar,Leather Craft,Handicraft,Leather,Medium,5,114,412,871,7/30/2026,Low,19,Monsoon,Marketplace,https://themeghalayanage.store/cdn/shop/files/PER_8573_S.jpg?v=1741849809&width=940,closest_real_bamboo_product
anjum_gupta,Uttarakhand,Bamboo Bowl,Nainital,Bamboo & Cane,Handicraft,Bamboo,Small,2.7,92,296,470,7/30/2026,Medium,17,Monsoon,Craft Study,https://www.alibaba.com/product-detail/natural-handicraft-bamboo-bowls-handicraft-bamboo_11000010888306.html,direct_match_or_product_page
kavita_sharma,Uttarakhand,Cotton Fibre Basket,Pauri Garhwal,Handloom & Textiles,Handloom,Cotton,Medium,9.4,188,692,949,7/31/2026,Medium,11,Monsoon,Government,https://themeghalayanage.store/cdn/shop/files/PER_8573_S.jpg?v=1741849809&width=940,closest_real_fibre_product
rohit_iyer,Uttarakhand,Cotton Box,Pithoragarh,Handloom & Textiles,Handloom,Cotton,Medium,7.7,214,673,1352,7/31/2026,Medium,14,Monsoon,Artisan Survey,https://themeghalayanage.store/cdn/shop/files/PER_8573_S.jpg?v=1741849809&width=940,closest_real_fibre_product
vishal_rao,Uttarakhand,Wooden Shawl,Rudraprayag,Woodcraft & Carving,Handicraft,Wood,Medium,11.5,192,911,1774,08-01-2026,Medium,20,Monsoon,Marketplace,https://cdn.shopify.com/s/files/1/0674/4352/3842/files/handloom-silk-weaving-india.png?v=1768110514,closest_real_textile_product
sameer_rahman,Uttarakhand,Wooden Lamp,Tehri Garhwal,Woodcraft & Carving,Handicraft,Wood,Medium,10.4,269,807,1464,08-01-2026,Medium,16,Monsoon,Marketplace,https://seepi.in/cdn/shop/products/Elephant_Toy_with_Wheels_-_Varanasi_1600x.jpg?v=1623405091,closest_real_wood_product
nikhil_merchant,Uttarakhand,Silk Fabric,Udham Singh Nagar,Handloom & Textiles,Handloom,Silk,Small,3.8,122,463,946,08-02-2026,Medium,9,Monsoon,Marketplace,https://cdn.shopify.com/s/files/1/0674/4352/3842/files/handloom-silk-weaving-india.png?v=1768110514,closest_real_textile_product
naveen_bhat,Uttarakhand,Bamboo Mat,Uttarkashi,Bamboo & Cane,Handicraft,Bamboo,Medium,10.2,271,795,1641,08-02-2026,High,14,Monsoon,Marketplace,https://themeghalayanage.store/cdn/shop/files/PER_8573_S.jpg?v=1741849809&width=940,closest_real_bamboo_product
harish_murthy,West Bengal,Clay Lamp,Alipurduar,Pottery & Terracotta,Handicraft,Clay,Medium,11.8,117,697,1289,08-03-2026,Medium,7,Monsoon,Marketplace,https://www.amalfieeceramics.com/cdn/shop/products/Amalfiee-Handmade-Terracotta-Ganpati-Diya-Lamp-set-of-4-Amalfiee_Ceramics-1678917314_1400x.jpg?v=1678917316,direct_match_or_product_page
kavya_ahmed,West Bengal,Bamboo Statue,Alipurduar,Bamboo & Cane,Handicraft,Bamboo,Medium,8.2,111,723,1570,08-03-2026,Medium,19,Monsoon,Government,https://themeghalayanage.store/cdn/shop/files/PER_8573_S.jpg?v=1741849809&width=940,closest_real_bamboo_product
suresh_ali,West Bengal,Bamboo Puppet,Alipurduar,Bamboo & Cane,Handicraft,Bamboo,Small,4.6,101,440,863,08-04-2026,High,2,Monsoon,Marketplace,https://themeghalayanage.store/cdn/shop/files/PER_8573_S.jpg?v=1741849809&width=940,closest_real_bamboo_product
varun_sen,West Bengal,Wooden Panel,Bankura,Woodcraft & Carving,Handicraft,Wood,Medium,11.4,191,794,1529,08-04-2026,High,5,Monsoon,Artisan Survey,https://seepi.in/cdn/shop/products/Elephant_Toy_with_Wheels_-_Varanasi_1600x.jpg?v=1623405091,closest_real_wood_product
ravi_desai,West Bengal,Natural Fibre Mat,Bankura,Other Traditional Art,Handicraft,Mixed,Medium,6.7,264,753,1248,08-05-2026,High,7,Monsoon,Marketplace,https://themeghalayanage.store/cdn/shop/files/PER_8573_S.jpg?v=1741849809&width=940,closest_real_fibre_product
hari_mishra,West Bengal,Clay Bowl,Bankura,Pottery & Terracotta,Handicraft,Clay,Small,5.5,61,452,611,08-05-2026,Medium,5,Monsoon,Government,https://www.desiclik.com/images/P/91269_clay_katori_bowl.jpg,direct_match_or_product_page
bhavesh_menon,West Bengal,Wooden Fabric,Birbhum,Woodcraft & Carving,Handicraft,Wood,Small,2.4,110,284,442,08-06-2026,Medium,12,Monsoon,Marketplace,https://cdn.shopify.com/s/files/1/0674/4352/3842/files/handloom-silk-weaving-india.png?v=1768110514,closest_real_textile_product
seema_ali,West Bengal,Bamboo Tray,Birbhum,Bamboo & Cane,Handicraft,Bamboo,Medium,9.5,127,789,1577,08-06-2026,High,15,Monsoon,Marketplace,https://silpakarman.com/products/natural-bamboo-tray,direct_match_or_product_page
arjun_verma,West Bengal,Cotton dupatta,Cooch Behar,Handloom & Textiles,Handloom,Cotton,Medium,10.5,249,945,1846,08-07-2026,Medium,18,Monsoon,Artisan Survey,https://cdn.shopify.com/s/files/1/0674/4352/3842/files/handloom-silk-weaving-india.png?v=1768110514,closest_real_textile_product
priyanka_malhotra,West Bengal,Cotton Box,Cooch Behar,Handloom & Textiles,Handloom,Cotton,Small,4.5,153,421,687,08-07-2026,Medium,11,Monsoon,Craft Study,https://themeghalayanage.store/cdn/shop/files/PER_8573_S.jpg?v=1741849809&width=940,closest_real_fibre_product
rohit_rahman,West Bengal,Clay Planter,Dakshin Dinajpur,Pottery & Terracotta,Handicraft,Clay,Large,16.9,483,1482,2789,08-07-2026,High,13,Monsoon,Marketplace,https://giri.in/cdn/shop/files/650741_Pot_Terracotta_Clay_2.75_Inch_1_1200x1200.webp?v=1743076302,closest_real_terracotta_product
ritika_sinha,West Bengal,Clay Tray,Dakshin Dinajpur,Pottery & Terracotta,Handicraft,Clay,Medium,9.3,106,630,955,08-08-2026,Low,12,Monsoon,Artisan Survey,https://giri.in/cdn/shop/files/650741_Pot_Terracotta_Clay_2.75_Inch_1_1200x1200.webp?v=1743076302,closest_real_terracotta_product
naveen_khanduja,West Bengal,Leather Shoes,Darjeeling,Leather Craft,Handicraft,Leather,Medium,6.1,311,575,905,08-08-2026,High,1,Monsoon,Government,https://www.spoilmesilly.in/cdn/shop/files/ACBA425H_600x.jpg?v=1737443960,closest_real_leather_product
meera_ali,West Bengal,Stone Lamp,Darjeeling,Other Traditional Art,Handicraft,Mixed,Medium,6.5,327,824,1776,08-09-2026,High,15,Monsoon,Craft Study,https://giri.in/cdn/shop/files/650741_Pot_Terracotta_Clay_2.75_Inch_1_1200x1200.webp?v=1743076302,closest_real_craft_product
vikram_kumar,West Bengal,Natural Fibre Bag,Darjeeling,Other Traditional Art,Handicraft,Mixed,Medium,6.9,152,596,1014,08-09-2026,Low,1,Monsoon,Government,https://themeghalayanage.store/cdn/shop/files/PER_8573_S.jpg?v=1741849809&width=940,closest_real_fibre_product
suresh_desai,West Bengal,Leather Bangle,Hooghly,Leather Craft,Handicraft,Leather,Medium,9.2,308,848,1321,08-10-2026,High,11,Monsoon,Marketplace,https://www.spoilmesilly.in/cdn/shop/files/ACBA425H_600x.jpg?v=1737443960,closest_real_leather_product
arvind_murthy,West Bengal,Handloom Stole,Hooghly,Handloom & Textiles,Handloom,Textile,Large,16.2,576,1556,2745,08-10-2026,Medium,20,Monsoon,Government,https://cdn.shopify.com/s/files/1/0674/4352/3842/files/handloom-silk-weaving-india.png?v=1768110514,closest_real_textile_product
pallavi_dey,West Bengal,Wooden Toy,Hooghly,Woodcraft & Carving,Handicraft,Wood,Medium,6.7,146,570,957,08-11-2026,High,16,Monsoon,Government,https://seepi.in/cdn/shop/products/Elephant_Toy_with_Wheels_-_Varanasi_1600x.jpg?v=1623405091,direct_match_or_product_page
manish_dey,West Bengal,Clay Saree,Howrah,Pottery & Terracotta,Handicraft,Clay,Medium,11.2,85,647,1275,08-11-2026,High,11,Monsoon,Artisan Survey,https://giri.in/cdn/shop/files/650741_Pot_Terracotta_Clay_2.75_Inch_1_1200x1200.webp?v=1743076302,closest_real_terracotta_product
kavita_gupta,West Bengal,Bamboo Basket,Howrah,Bamboo & Cane,Handicraft,Bamboo,Medium,7.6,134,736,1595,08-12-2026,High,7,Monsoon,Government,https://themeghalayanage.store/cdn/shop/files/PER_8573_S.jpg?v=1741849809&width=940,direct_match_or_product_page
arvind_singh,West Bengal,Leather Pot,Jalpaiguri,Leather Craft,Handicraft,Leather,Medium,8.1,292,832,1542,08-12-2026,Low,17,Monsoon,Government,https://www.spoilmesilly.in/cdn/shop/files/ACBA425H_600x.jpg?v=1737443960,closest_real_leather_product
divya_khanduja,West Bengal,Metal Lamp,Jalpaiguri,Metal Craft & Dhokra,Handicraft,Metal,Small,3.6,204,502,930,8/13/2026,High,18,Monsoon,Government,https://giri.in/cdn/shop/files/650741_Pot_Terracotta_Clay_2.75_Inch_1_1200x1200.webp?v=1743076302,closest_real_craft_product
arvind_khan,West Bengal,Leather Bag,Jalpaiguri,Leather Craft,Handicraft,Leather,Medium,6.3,177,548,910,8/13/2026,High,8,Monsoon,Craft Study,https://www.spoilmesilly.in/cdn/shop/files/ACBA425H_600x.jpg?v=1737443960,direct_match_or_product_page
jitendra_khanduja,West Bengal,Clay Statue,Jhargram,Pottery & Terracotta,Handicraft,Clay,Medium,10.1,107,608,1113,8/14/2026,Medium,3,Monsoon,Artisan Survey,https://giri.in/cdn/shop/files/650741_Pot_Terracotta_Clay_2.75_Inch_1_1200x1200.webp?v=1743076302,closest_real_terracotta_product
pallavi_malik,West Bengal,Leather Fibre Basket,Jhargram,Leather Craft,Handicraft,Leather,Large,16.3,462,1146,1858,8/14/2026,Medium,12,Monsoon,Craft Study,https://www.spoilmesilly.in/cdn/shop/files/ACBA425H_600x.jpg?v=1737443960,closest_real_leather_product
suresh_pandey,West Bengal,Cotton Toy,Kalimpong,Handloom & Textiles,Handloom,Cotton,Medium,5.1,248,556,751,8/15/2026,Low,13,Monsoon,Craft Study,https://themeghalayanage.store/cdn/shop/files/PER_8573_S.jpg?v=1741849809&width=940,closest_real_fibre_product
amit_syed,West Bengal,Handloom Saree,Kalimpong,Handloom & Textiles,Handloom,Textile,Medium,11.7,141,693,1446,8/15/2026,High,19,Monsoon,Craft Study,https://cdn.shopify.com/s/files/1/0674/4352/3842/files/handloom-silk-weaving-india.png?v=1768110514,closest_real_textile_product
ritika_kumar,West Bengal,Wooden Box,Kolkata,Woodcraft & Carving,Handicraft,Wood,Large,21.4,546,1855,3181,8/16/2026,Low,18,Monsoon,Marketplace,https://seepi.in/cdn/shop/products/Elephant_Toy_with_Wheels_-_Varanasi_1600x.jpg?v=1623405091,closest_real_wood_product
naveen_khanduja,West Bengal,Leather Saree,Kolkata,Leather Craft,Handicraft,Leather,Medium,10.1,238,984,1740,8/16/2026,Medium,5,Monsoon,Government,https://atbw.shop/cdn/shop/files/DEV02760-Edit-min.jpg?v=1758731714&width=1500,real_leather_saree_product_image
meera_ali,West Bengal,Clay Tray,Malda,Pottery & Terracotta,Handicraft,Clay,Small,5.5,75,361,513,8/17/2026,High,6,Monsoon,Government,https://giri.in/cdn/shop/files/650741_Pot_Terracotta_Clay_2.75_Inch_1_1200x1200.webp?v=1743076302,closest_real_terracotta_product
vikram_kumar,West Bengal,Clay Vase,Malda,Pottery & Terracotta,Handicraft,Clay,Small,5.6,124,450,928,8/17/2026,High,20,Monsoon,Government,https://giri.in/cdn/shop/files/650741_Pot_Terracotta_Clay_2.75_Inch_1_1200x1200.webp?v=1743076302,closest_real_terracotta_product
suresh_desai,West Bengal,Wooden Bowl,Malda,Woodcraft & Carving,Handicraft,Wood,Small,3.3,142,368,550,8/18/2026,High,7,Monsoon,Artisan Survey,https://seepi.in/cdn/shop/products/Elephant_Toy_with_Wheels_-_Varanasi_1600x.jpg?v=1623405091,closest_real_wood_product
arvind_murthy,West Bengal,Wooden Wallet,Murshidabad,Woodcraft & Carving,Handicraft,Wood,Small,4.4,145,375,637,8/18/2026,Medium,10,Monsoon,Government,https://seepi.in/cdn/shop/products/Elephant_Toy_with_Wheels_-_Varanasi_1600x.jpg?v=1623405091,closest_real_wood_product
pallavi_dey,West Bengal,Clay Carving,Murshidabad,Pottery & Terracotta,Handicraft,Clay,Medium,9.3,99,800,1651,8/19/2026,Low,7,Monsoon,Government,https://giri.in/cdn/shop/files/650741_Pot_Terracotta_Clay_2.75_Inch_1_1200x1200.webp?v=1743076302,closest_real_terracotta_product
manish_dey,West Bengal,Leather Fibre Mat,Nadia,Leather Craft,Handicraft,Leather,Medium,6.9,319,708,1231,8/19/2026,Medium,8,Monsoon,Artisan Survey,https://www.spoilmesilly.in/cdn/shop/files/ACBA425H_600x.jpg?v=1737443960,closest_real_leather_product
kavita_gupta,West Bengal,Leather Box,Nadia,Leather Craft,Handicraft,Leather,Medium,6.6,292,597,1278,8/20/2026,Low,12,Monsoon,Government,https://www.amarkutir.in/custom-images/products/leather/product-images/26.png,direct_match_or_product_page
arvind_singh,West Bengal,Clay Shawl,North 24 Parganas,Pottery & Terracotta,Handicraft,Clay,Small,2.5,75,269,411,8/20/2026,High,6,Monsoon,Government,https://giri.in/cdn/shop/files/650741_Pot_Terracotta_Clay_2.75_Inch_1_1200x1200.webp?v=1743076302,closest_real_terracotta_product
divya_khanduja,West Bengal,Wooden Bowl,North 24 Parganas,Woodcraft & Carving,Handicraft,Wood,Medium,9.6,261,992,1942,8/21/2026,Medium,9,Monsoon,Government,https://seepi.in/cdn/shop/products/Elephant_Toy_with_Wheels_-_Varanasi_1600x.jpg?v=1623405091,closest_real_wood_product
arvind_khan,West Bengal,Clay Saree,North 24 Parganas,Pottery & Terracotta,Handicraft,Clay,Small,5.1,64,349,761,8/21/2026,Medium,8,Monsoon,Artisan Survey,https://giri.in/cdn/shop/files/650741_Pot_Terracotta_Clay_2.75_Inch_1_1200x1200.webp?v=1743076302,closest_real_terracotta_product
jitendra_khanduja,West Bengal,Bamboo Lamp,Paschim Bardhaman,Bamboo & Cane,Handicraft,Bamboo,Large,20.7,250,1550,2817,8/22/2026,Low,3,Monsoon,Government,https://www.claymango.com/cdn/shop/products/IMG-20221025-WA0011.jpg?v=1677751374,direct_match_or_product_page
pallavi_malik,West Bengal,Clay Bowl,Paschim Medinipur  (West Medinipur),Pottery & Terracotta,Handicraft,Clay,Small,3.3,183,370,717,8/22/2026,Medium,16,Monsoon,Government,https://www.desiclik.com/images/P/91269_clay_katori_bowl.jpg,direct_match_or_product_page
suresh_pandey,West Bengal,Bamboo Plate,Paschim Medinipur  (West Medinipur),Bamboo & Cane,Handicraft,Bamboo,Medium,6.4,133,484,815,8/23/2026,High,18,Monsoon,Government,https://themeghalayanage.store/cdn/shop/files/PER_8573_S.jpg?v=1741849809&width=940,closest_real_bamboo_product
amit_syed,West Bengal,Leather Belt,Paschim Medinipur  (West Medinipur),Leather Craft,Handicraft,Leather,Small,3.8,120,403,801,8/23/2026,High,10,Monsoon,Artisan Survey,https://www.anamexim.com/cdn/shop/files/03.jpg?v=1723280506&width=1946,direct_match_or_product_page
ritika_kumar,West Bengal,Wooden Bowl,Purba Bardhaman,Woodcraft & Carving,Handicraft,Wood,Medium,8.8,211,607,1288,8/24/2026,Low,5,Monsoon,Government,https://seepi.in/cdn/shop/products/Elephant_Toy_with_Wheels_-_Varanasi_1600x.jpg?v=1623405091,closest_real_wood_product
naveen_khanduja,West Bengal,Natural Fibre Bag,Purba Bardhaman,Other Traditional Art,Handicraft,Mixed,Medium,11.4,133,587,1143,8/24/2026,Low,13,Monsoon,Government,https://themeghalayanage.store/cdn/shop/files/PER_8573_S.jpg?v=1741849809&width=940,closest_real_fibre_product
meera_ali,West Bengal,Cotton Bowl,Purba Bardhaman,Handloom & Textiles,Handloom,Cotton,Medium,11.1,259,871,1869,8/25/2026,Medium,11,Monsoon,Craft Study,https://themeghalayanage.store/cdn/shop/files/PER_8573_S.jpg?v=1741849809&width=940,closest_real_fibre_product
vikram_kumar,West Bengal,Bamboo Fabric,Purba Bardhaman,Bamboo & Cane,Handicraft,Bamboo,Small,5.7,73,505,934,8/25/2026,Low,12,Monsoon,Craft Study,https://themeghalayanage.store/cdn/shop/files/PER_8573_S.jpg?v=1741849809&width=940,closest_real_bamboo_product
suresh_desai,West Bengal,Leather Doll,Purba Medinipur (East Medinipur),Leather Craft,Handicraft,Leather,Large,21.9,455,1507,2774,8/26/2026,High,12,Monsoon,Government,https://www.spoilmesilly.in/cdn/shop/files/ACBA425H_600x.jpg?v=1737443960,closest_real_leather_product
arvind_murthy,West Bengal,Leather Fabric,Purba Medinipur (East Medinipur),Leather Craft,Handicraft,Leather,Medium,11.8,320,857,1379,8/26/2026,Medium,15,Monsoon,Government,https://www.spoilmesilly.in/cdn/shop/files/ACBA425H_600x.jpg?v=1737443960,closest_real_leather_product
pallavi_dey,West Bengal,Bamboo Mat,Purba Medinipur (East Medinipur),Bamboo & Cane,Handicraft,Bamboo,Medium,8.3,131,742,1449,8/27/2026,Low,1,Monsoon,Government,https://themeghalayanage.store/cdn/shop/files/PER_8573_S.jpg?v=1741849809&width=940,closest_real_bamboo_product
manish_dey,West Bengal,Leather Lamp,Purba Medinipur (East Medinipur),Leather Craft,Handicraft,Leather,Large,10.7,384,1042,2188,8/27/2026,High,2,Monsoon,Artisan Survey,https://www.spoilmesilly.in/cdn/shop/files/ACBA425H_600x.jpg?v=1737443960,closest_real_leather_product
kavita_gupta,West Bengal,Metal Statue,Purulia,Metal Craft & Dhokra,Handicraft,Metal,Large,11.2,412,1235,2346,8/28/2026,Medium,2,Monsoon,Government,https://giri.in/cdn/shop/files/650741_Pot_Terracotta_Clay_2.75_Inch_1_1200x1200.webp?v=1743076302,closest_real_craft_product
arvind_singh,West Bengal,Bamboo Jutti,Purulia,Leather Craft,Handicraft,Leather,Small,3.6,86,379,587,8/28/2026,Medium,4,Monsoon,Craft Study,https://themeghalayanage.store/cdn/shop/files/PER_8573_S.jpg?v=1741849809&width=940,closest_real_bamboo_product
divya_khanduja,West Bengal,Wooden Panel,South 24 Parganas,Woodcraft & Carving,Handicraft,Wood,Small,3,143,416,754,8/29/2026,Medium,20,Monsoon,Artisan Survey,https://seepi.in/cdn/shop/products/Elephant_Toy_with_Wheels_-_Varanasi_1600x.jpg?v=1623405091,closest_real_wood_product
arvind_khan,West Bengal,Wooden Fibre Basket,South 24 Parganas,Woodcraft & Carving,Handicraft,Wood,Small,2.7,113,303,604,8/29/2026,Low,15,Monsoon,Marketplace,https://seepi.in/cdn/shop/products/Elephant_Toy_with_Wheels_-_Varanasi_1600x.jpg?v=1623405091,closest_real_wood_product
jitendra_khanduja,West Bengal,Bamboo Bangle,South 24 Parganas,Bamboo & Cane,Handicraft,Bamboo,Small,5.8,75,367,788,8/30/2026,Medium,14,Monsoon,Government,https://themeghalayanage.store/cdn/shop/files/PER_8573_S.jpg?v=1741849809&width=940,closest_real_bamboo_product
pallavi_malik,West Bengal,Wooden Stole,Uttar Dinajpur (North Dinajpur),Woodcraft & Carving,Handicraft,Wood,Medium,6.4,189,640,949,8/30/2026,High,14,Monsoon,Craft Study,https://cdn.shopify.com/s/files/1/0674/4352/3842/files/handloom-silk-weaving-india.png?v=1768110514,closest_real_textile_product
suresh_pandey,West Bengal,Clay Lamp,Uttar Dinajpur (North Dinajpur),Pottery & Terracotta,Handicraft,Clay,Large,23.4,149,1620,2363,8/31/2026,High,1,Monsoon,Artisan Survey,https://www.amalfieeceramics.com/cdn/shop/products/Amalfiee-Handmade-Terracotta-Ganpati-Diya-Lamp-set-of-4-Amalfiee_Ceramics-1678917314_1400x.jpg?v=1678917316,direct_match_or_product_page
